work_key,title,year,publication_date,authors,doi,arxiv_id,venue,url,citation_count,reference_count,providers,provider_work_ids,seed_ids,screening_record_ids,cutoff_status,cutoff_statuses
arxiv:1512.01416,New Lace and Arsenic: adventures in weak memory with a program logic,2015,2015-12-04,R. Bornat; J. Alglave; Matthew J. Parkinson,,1512.01416,arXiv.org,https://www.semanticscholar.org/paper/2f0e9c714c85a35322040fefa64f4fb517ff9fc6,6,72,semanticscholar,2f0e9c714c85a35322040fefa64f4fb517ff9fc6,CS045,S102,included,included
arxiv:1904.04291,Analysis of Commutativity with State-Chart Graph Representation of Concurrent Programs,2019,2019-04-08,Kishore Debnath; Christina L. Peterson; D. Dechev,,1904.04291,arXiv.org,https://www.semanticscholar.org/paper/2c0a78efe215be024431c7a56ef280b5fd252b9a,1,24,semanticscholar,2c0a78efe215be024431c7a56ef280b5fd252b9a,CS045,S102,included,included
arxiv:2007.09944,The Decidability of Verification under Promising 2.0,2020,2020-07-20,P. Abdulla; M. Atig; Adwait Godbole; S. Krishna; Viktor Vafeiadis,,2007.09944,arXiv.org,https://www.semanticscholar.org/paper/1ce537618dfc5537158bd5c63f1b2b74e856d8c4,1,41,semanticscholar,1ce537618dfc5537158bd5c63f1b2b74e856d8c4,CS045,S102,included,included
arxiv:2009.03846,On Architecture to Architecture Mapping for Concurrency,2020,2020-09-08,S. Chakraborty,,2009.03846,arXiv.org,https://www.semanticscholar.org/paper/d4aa753378e3396a0dd30d8a2e2f4758cc9b0ea3,0,63,semanticscholar,d4aa753378e3396a0dd30d8a2e2f4758cc9b0ea3,CS045,S102,included,included
arxiv:2103.01553,Dynamic Verification of C/C++11 Concurrency over Multi Copy Atomics,2021,2021-03-02,Sanjana Singh; Divyanjali Sharma; Subodh Sharma,,2103.01553,arXiv.org,https://www.semanticscholar.org/paper/fec9fd7d3e06e0a0dd9de990ff1d6104d5e60d20,4,38,semanticscholar,fec9fd7d3e06e0a0dd9de990ff1d6104d5e60d20,CS045,S102,included,included
arxiv:2208.00285,Fence Synthesis under the C11 Memory Model,2022,2022-07-30,Sanjana Singh; Divyanjali Sharma; Ishita Jaju; Subodh Sharma,10.48550/arxiv.2208.00285,2208.00285,Automated Technology for Verification and Analysis,https://www.semanticscholar.org/paper/ac1facd9976ee44d9de717d86b609a4297c21178,1,28,semanticscholar,ac1facd9976ee44d9de717d86b609a4297c21178,CS045,S102,included,included
arxiv:2309.03642,Formal Verification of Chase-Lev Deque in Concurrent Separation Logic,2023,2023-05-20,Jaemin Choi,10.48550/arxiv.2309.03642,2309.03642,arXiv.org,https://www.semanticscholar.org/paper/d5dfe4838416cfd5b8564e09c64b3cccbb88a014,3,48,semanticscholar,d5dfe4838416cfd5b8564e09c64b3cccbb88a014,CS045,S102,included,included
arxiv:2405.11128,Parsimonious Optimal Dynamic Partial Order Reduction,2024,2024-05-18,P. Abdulla; M. Atig; Sarbojit Das; Bengt Jonsson; Konstantinos Sagonas,10.48550/arxiv.2405.11128,2405.11128,International Conference on Computer Aided Verification,https://www.semanticscholar.org/paper/b4e260c7339fe87a342ba0409415d8e332377d82,7,53,semanticscholar,b4e260c7339fe87a342ba0409415d8e332377d82,CS044;CS046,S103;S97,included,included
arxiv:2407.15805,A simple and fast C++ thread pool implementation capable of running task graphs,2024,2024-07-22,Dmytro Puyda,10.48550/arxiv.2407.15805,2407.15805,arXiv.org,https://www.semanticscholar.org/paper/27c76f95aed316bfcebb36fe135cb6da6e396a99,2,9,semanticscholar,27c76f95aed316bfcebb36fe135cb6da6e396a99,CS045,S102,included,included
arxiv:2411.16921,Revisiting Stateful Partial-Order Reduction,2024,2024-11-25,F. Herbreteau; Sarah Larroze-Jardin'e; G. Point; Igor Walukiewicz,10.48550/arxiv.2411.16921,2411.16921,arXiv.org,https://www.semanticscholar.org/paper/329906ccf6fff1f7310023c7ecbaafa72e243bfc,1,42,semanticscholar,329906ccf6fff1f7310023c7ecbaafa72e243bfc,CS044,S97,included,included
arxiv:2501.14326,Assessing Large Language Models in Comprehending and Verifying Concurrent Programs across Memory Models,2025,2025-01-24,Ridhi Jain; Rahul Purandare,10.48550/arxiv.2501.14326,2501.14326,arXiv.org,https://www.semanticscholar.org/paper/3f5696cfb7d31f2234646125620335791fbc717c,3,111,semanticscholar,3f5696cfb7d31f2234646125620335791fbc717c,CS045,S102,included,included
arxiv:2505.09209,Towards Efficient Verification of Parallel Applications with Mc SimGrid,2025,2025-05-14,Matthieu Laurent; Thierry J'eron; M. Quinson,10.48550/arxiv.2505.09209,2505.09209,Formal Techniques for (Networked and) Distributed Systems,https://www.semanticscholar.org/paper/7c4f55d74de37116126c0974b60391490e164f15,0,24,semanticscholar,7c4f55d74de37116126c0974b60391490e164f15,CS046,S103,included,included
arxiv:2606.17182,Verified Detection and Prevention of Concurrency Anomalies in Multi-Agent Large Language Model Systems,2026,2026-06-15,Sajjad Khan,,2606.17182,,https://www.semanticscholar.org/paper/0524ff1d515a02fc6f251655bd5d21b8c3d6b01e,2,96,semanticscholar,0524ff1d515a02fc6f251655bd5d21b8c3d6b01e,CS045,S102,included,included
doi:10.1002/cpe.5732,Dynamic Transactional Transformation,2020,2020-04-03,P. Laborde; Lance Lebanoff; Christina L. Peterson; Deli Zhang; D. Dechev,10.1002/cpe.5732,,Concurrency and Computation,https://www.semanticscholar.org/paper/2f5ffbbdfc1d84ff8379f065ecf0f31bbc607891,0,37,semanticscholar,2f5ffbbdfc1d84ff8379f065ecf0f31bbc607891,CS045,S102,included,included
doi:10.1002/cpe.70484,Weak Memory Model Formalisms: Introduction and Survey,2025,2025-08-06,Roger C. Su; R. Colvin,10.1002/cpe.70484,2508.04115,Concurrency and Computation,https://www.semanticscholar.org/paper/51e769bec6764d1b6637973728b96a8c194b00f3,0,311,semanticscholar,51e769bec6764d1b6637973728b96a8c194b00f3,CS045,S102,included,included
doi:10.1007/978-0-387-09766-4_491,Trace Theory,2011,,V. Diekert; A. Muscholl,10.1007/978-0-387-09766-4_491,,Encyclopedia of Parallel Computing,https://www.semanticscholar.org/paper/dca005bdddb0d05b78dc1139140d3695990e93fd,265,0,semanticscholar,dca005bdddb0d05b78dc1139140d3695990e93fd,CS044,S97,included,included
doi:10.1007/978-3-030-02450-5_8,Model Checking of C++ Programs Under the x86-TSO Memory Model,2018,2018-11-12,V. Still; J. Barnat,10.1007/978-3-030-02450-5_8,,IEEE International Conference on Formal Engineering Methods,https://www.semanticscholar.org/paper/494e3a8d7d3c18d367835fa05671286f0dabe4c7,3,42,semanticscholar,494e3a8d7d3c18d367835fa05671286f0dabe4c7,CS045,S102,included,included
doi:10.1007/978-3-030-25540-4_22,Cerberus-BMC: A Principled Reference Semantics and Exploration Tool for Concurrent and Sequential C,2019,2019-07-15,S. Lau; Victor B. F. Gomes; Kayvan Memarian; Jean Pichon-Pharabod; Peter Sewell,10.1007/978-3-030-25540-4_22,,International Conference on Computer Aided Verification,https://www.semanticscholar.org/paper/8eab98f99aef30b0f299689ca4c0e66c80fbf19f,11,35,semanticscholar,8eab98f99aef30b0f299689ca4c0e66c80fbf19f,CS045,S102,included,included
doi:10.1007/978-3-030-55754-6,"NASA Formal Methods: 12th International Symposium, NFM 2020, Moffett Field, CA, USA, May 11–15, 2020, Proceedings",2020,,Ritchie Lee; Susmit Jha; Anastasia Mavridou; D. Giannakopoulou,10.1007/978-3-030-55754-6,,NASA Formal Methods,https://www.semanticscholar.org/paper/a2f1970165f6184347badad0a99754d48b544426,0,545,semanticscholar,a2f1970165f6184347badad0a99754d48b544426,CS045,S102,included,included
doi:10.1007/978-3-030-55754-6_16,Per-Location Simulation,2020,2020-05-11,Liyi Li; Elsa L. Gunter,10.1007/978-3-030-55754-6_16,,NASA Formal Methods,https://www.semanticscholar.org/paper/d95dad557753fa1b08aa0d1244ae72b67d549027,1,40,semanticscholar,d95dad557753fa1b08aa0d1244ae72b67d549027,CS045,S102,included,included
doi:10.1007/978-3-030-72019-3_1,The Decidability of Verification under PS 2.0,2021,2021-03-23,P. Abdulla; M. Atig; Adwait Godbole; Siddharth Krishna; Viktor Vafeiadis,10.1007/978-3-030-72019-3_1,,European Symposium on Programming,https://www.semanticscholar.org/paper/09fd1585af72f444804e772a8480ec70950cacd4,13,36,semanticscholar,09fd1585af72f444804e772a8480ec70950cacd4,CS045,S102,included,included
doi:10.1007/978-3-030-81685-8_20,GenMC: A Model Checker for Weak Memory Models,2021,,Michalis Kokologiannakis; Viktor Vafeiadis,10.1007/978-3-030-81685-8_20,,International Conference on Computer Aided Verification,https://www.semanticscholar.org/paper/81cb80c19bf5760d585c92cf46d928526c9bb27e,58,50,semanticscholar,81cb80c19bf5760d585c92cf46d928526c9bb27e,CS044;CS045,S102;S97,included,included
doi:10.1007/978-3-031-37706-8_12,Unblocking Dynamic Partial Order Reduction,2023,,Michalis Kokologiannakis; Iason Marmanis; Viktor Vafeiadis,10.1007/978-3-031-37706-8_12,,International Conference on Computer Aided Verification,https://www.semanticscholar.org/paper/19ca1d0f9f9b0546914a9be4766f57388cc80f07,9,31,semanticscholar,19ca1d0f9f9b0546914a9be4766f57388cc80f07,CS044;CS045;CS046,S102;S103;S97,included,included
doi:10.1007/978-3-031-57249-4_4,Enhancing GenMC's Usability and Performance,2024,,Michalis Kokologiannakis; Rupak Majumdar; Viktor Vafeiadis,10.1007/978-3-031-57249-4_4,,International Conference on Tools and Algorithms for Construction and Analysis of Systems,https://www.semanticscholar.org/paper/e12409909ebf81942b7202108b951569e1490f37,5,45,semanticscholar,e12409909ebf81942b7202108b951569e1490f37,CS045;CS046,S102;S103,included,included
doi:10.1007/978-3-032-26220-2_12,Complexity of Consistency Testing for the Release-Acquire Semantics,2026,2026-03-02,R. Govind; S. Krishna; Sanchari Sil; B. Srivathsan,10.1007/978-3-032-26220-2_12,2604.09589,World Congress on Formal Methods,https://www.semanticscholar.org/paper/a5273523f55a6e019ac5197fc63322feb2421ad7,1,26,semanticscholar,a5273523f55a6e019ac5197fc63322feb2421ad7,CS045,S102,included,included
doi:10.1007/978-3-319-08867-9_37,Automatic Atomicity Verification for Clients of Concurrent Data Structures,2014,2014-07-18,M. Lesani; T. Millstein; J. Palsberg,10.1007/978-3-319-08867-9_37,,International Conference on Computer Aided Verification,https://www.semanticscholar.org/paper/b00ba749be8f71e4e5f0c27a9ff5918c8190b79a,10,44,semanticscholar,b00ba749be8f71e4e5f0c27a9ff5918c8190b79a,CS044,S97,included,included
doi:10.1007/978-3-319-10936-7_15,Synthesis of Memory Fences via Refinement Propagation,2014,2014-09-11,Yuri Meshman; A. Dan; Martin T. Vechev; Eran Yahav,10.1007/978-3-319-10936-7_15,,Sensors Applications Symposium,https://www.semanticscholar.org/paper/60b5eaafb4b39adff5f67e80cfb7831cf3ac0125,21,26,semanticscholar,60b5eaafb4b39adff5f67e80cfb7831cf3ac0125,CS045,S102,included,included
doi:10.1007/978-3-319-17524-9_35,Reporting Races in Dynamic Partial Order Reduction,2015,2015-04-27,Olli Saarikivi; Keijo Heljanko,10.1007/978-3-319-17524-9_35,,NASA Formal Methods,https://www.semanticscholar.org/paper/9f3cec8bd355c6e520bccc2727eff50f982d6df9,0,11,semanticscholar,9f3cec8bd355c6e520bccc2727eff50f982d6df9,CS045,S102,included,included
doi:10.1007/978-3-319-27140-8_36,Local State Reusing for Efficient Model Checking of Multithreaded Programs,2015,2015-11-18,Junrui Zhou; Hong An; Yunyun Wang; Junshi Chen,10.1007/978-3-319-27140-8_36,,International Conference on Algorithms and Architectures for Parallel Processing,https://www.semanticscholar.org/paper/0516e21ebc17e65f7d57da341413cf32100d6f45,0,24,semanticscholar,0516e21ebc17e65f7d57da341413cf32100d6f45,CS045,S102,included,included
doi:10.1007/978-3-319-29613-5_10,Moving Around: Lipton's Reduction for TSO - (Regular Submission),2015,2015-07-18,A. Sezgin; S. Tasiran,10.1007/978-3-319-29613-5_10,,"Verified Software: Theories, Tools, Experiments",https://www.semanticscholar.org/paper/482fc50af1f5c683c03236dfc7a81e658f6dd613,1,25,semanticscholar,482fc50af1f5c683c03236dfc7a81e658f6dd613,CS045,S102,included,included
doi:10.1007/978-3-319-49583-5_4,A Portable Lock-Free Bounded Queue,2016,2016-12-14,P. Pirkelbauer; Reed Milewicz; Juan Felipe Gonzalez,10.1007/978-3-319-49583-5_4,,International Conference on Algorithms and Architectures for Parallel Processing,https://www.semanticscholar.org/paper/969423280353cb711800db699877b4ed3b1e558f,6,31,semanticscholar,969423280353cb711800db699877b4ed3b1e558f,CS045,S102,included,included
doi:10.1007/978-3-319-89963-3_14,Optimal Dynamic Partial Order Reduction with Observers,2018,2018-04-14,Stavros Aronis; B. Jonsson; M. Lång; Konstantinos Sagonas,10.1007/978-3-319-89963-3_14,,International Conference on Tools and Algorithms for Construction and Analysis of Systems,https://www.semanticscholar.org/paper/7648848e5ec41fbfd4614634a810c583692ed3ba,43,31,semanticscholar,7648848e5ec41fbfd4614634a810c583692ed3ba,CS044,S97,included,included
doi:10.1007/978-3-319-96142-2_20,Partial Order Aware Concurrency Sampling,2018,2018-07-14,Xinhao Yuan; Junfeng Yang; Ronghui Gu,10.1007/978-3-319-96142-2_20,,International Conference on Computer Aided Verification,https://www.semanticscholar.org/paper/4ded8d96a248a19c67c48974fab7b60cef340451,37,33,semanticscholar,4ded8d96a248a19c67c48974fab7b60cef340451,CS044,S97,included,included
doi:10.1007/978-3-662-46669-8,Programming Languages and Systems,2015,,J. Vitek,10.1007/978-3-662-46669-8,,Lecture Notes in Computer Science,https://www.semanticscholar.org/paper/010f68b69e44b199759930751e678d84c81c6299,4,51,semanticscholar,010f68b69e44b199759930751e678d84c81c6299,CS045,S102,included,included
doi:10.1007/978-3-662-46669-8_12,The Problem of Programming Language Concurrency Semantics,2015,2015-04-11,Mark Batty; Kayvan Memarian; Kyndylan Nienhuis; Jean Pichon-Pharabod; Peter Sewell,10.1007/978-3-662-46669-8_12,,European Symposium on Programming,https://www.semanticscholar.org/paper/0b50519cab2810d91f90860f4daab7928d0d68da,112,46,semanticscholar,0b50519cab2810d91f90860f4daab7928d0d68da,CS045,S102,included,included
doi:10.1007/978-3-662-49122-5_20,A Program Logic for C11 Memory Fences,2016,2016-01-17,Marko Doko; Viktor Vafeiadis,10.1007/978-3-662-49122-5_20,,"International Conference on Verification, Model Checking and Abstract Interpretation",https://www.semanticscholar.org/paper/5b91aa1411d11fdac8914b455b84b9d41f22dd73,55,15,semanticscholar,5b91aa1411d11fdac8914b455b84b9d41f22dd73,CS045,S102,included,included
doi:10.1007/978-3-662-54434-1_17,Tackling Real-Life Relaxed Concurrency with FSL++,2017,2017-04-25,Marko Doko; Viktor Vafeiadis,10.1007/978-3-662-54434-1_17,,European Symposium on Programming,https://www.semanticscholar.org/paper/57af923f720b261e7c88a86267997033759457d7,60,31,semanticscholar,57af923f720b261e7c88a86267997033759457d7,CS045,S102,included,included
doi:10.1007/bf01384077,State-space caching revisited,1992,1992-06-29,Patrice Godefroid; G. Holzmann; Didier Pirottin,10.1007/bf01384077,,Formal Methods Syst. Des.,https://www.semanticscholar.org/paper/13684cc6e1a7e3868fadf4f867c359e9a2eef6c0,169,31,semanticscholar,13684cc6e1a7e3868fadf4f867c359e9a2eef6c0,CS044,S97,included,included
doi:10.1007/s00236-016-0275-0,Stateless model checking for TSO and PSO,2015,2015-01-09,P. Abdulla; Stavros Aronis; M. Atig; B. Jonsson; C. Leonardsson; Konstantinos Sagonas,10.1007/s00236-016-0275-0,1501.02069,Acta Informatica,https://www.semanticscholar.org/paper/2d99959110d081d2612c74126da384ef93df6699,163,42,semanticscholar,2d99959110d081d2612c74126da384ef93df6699,CS044,S97,included,included
doi:10.1007/s10009-016-0415-4,An integrated specification and verification technique for highly concurrent data structures,2013,2013-03-16,P. Abdulla; Frédéric Haziza; L. Holík; B. Jonsson; Ahmed Rezine,10.1007/s10009-016-0415-4,,International Journal on Software Tools for Technology Transfer (STTT),https://www.semanticscholar.org/paper/dcf9388933925e2fbdcefd3db9628d0eadd8f33d,63,48,semanticscholar,dcf9388933925e2fbdcefd3db9628d0eadd8f33d,CS044,S97,included,included
doi:10.1007/s10009-019-00514-6,Stateless model checking of the Linux kernel’s read–copy update (RCU),2019,2019-03-11,Michalis Kokologiannakis; Konstantinos Sagonas,10.1007/s10009-019-00514-6,,International Journal on Software Tools for Technology Transfer (STTT),https://www.semanticscholar.org/paper/4f698d7558d8f12e31cea67a34ef9e37e2d1da74,12,50,semanticscholar,4f698d7558d8f12e31cea67a34ef9e37e2d1da74,CS044,S97,included,included
doi:10.1007/s10703-005-1489-x,Software Model Checking: The VeriSoft Approach,2005,2005-03-01,Patrice Godefroid,10.1007/s10703-005-1489-x,,Formal Methods Syst. Des.,https://www.semanticscholar.org/paper/a0de1d7adc83c686c4bc419148405823791bac03,203,73,semanticscholar,a0de1d7adc83c686c4bc419148405823791bac03,CS044,S97,included,included
doi:10.1007/s10703-025-00479-0,Awaiting for Godot: Stateless Model Checking that Avoids Executions where Nothing Happens,2025,2022-08-19,B. Jonsson; M. Lång; Konstantinos Sagonas,10.1007/s10703-025-00479-0,2208.09259,Formal Methods in Computer-Aided Design,https://www.semanticscholar.org/paper/8bbe70fec004bbb6280462b1c7fe5e1d74c48002,5,41,seed-catalog;semanticscholar,8bbe70fec004bbb6280462b1c7fe5e1d74c48002;DOI:10.1007/s10703-025-00479-0,CS044;CS046,S103;S97,included,included
doi:10.1007/s11227-019-02827-4,Detecting semantic violations of lock-free data structures through C++ contracts,2019,2019-03-26,Javier López-Gómez; David del Rio Astorga; M. F. Dolz; Javier Fernández; José Daniel García Sánchez,10.1007/s11227-019-02827-4,,Journal of Supercomputing,https://www.semanticscholar.org/paper/cc14811941f2166209991bec4c4701b89bd35e40,0,33,semanticscholar,cc14811941f2166209991bec4c4701b89bd35e40,CS045,S102,included,included
doi:10.1007/s11704-020-9501-6,On interleaving space exploration of multi-threaded programs,2021,2021-02-11,Dong-yuan Chen; Yanyan Jiang; Chang Xu; Xiaoxing Ma,10.1007/s11704-020-9501-6,,Frontiers of Computer Science,https://www.semanticscholar.org/paper/bf8f678f7f56b5d27835425ebff489c0898efc1d,4,102,semanticscholar,bf8f678f7f56b5d27835425ebff489c0898efc1d,CS045,S102,included,included
doi:10.1016/j.cl.2016.01.001,Lightweight runtime checking of C programs with RTC,2016,2016-04-01,Reed Milewicz; Rajeshwar Vanka; James Tuck; D. Quinlan; P. Pirkelbauer,10.1016/j.cl.2016.01.001,,"Computer languages, systems & structures",https://www.semanticscholar.org/paper/6491ed926ec0e7afac7ce88cc02d81c1122c2758,5,34,semanticscholar,6491ed926ec0e7afac7ce88cc02d81c1122c2758,CS045,S102,included,included
doi:10.1016/j.infsof.2016.04.004,An extensive empirical study on C++ concurrency constructs,2016,2016-08-01,Di Wu; Lin Chen; Yuming Zhou; Baowen Xu,10.1016/j.infsof.2016.04.004,,Information and Software Technology,https://www.semanticscholar.org/paper/262b28e9261d56b91cf4c7a6e8077a577c7588da,13,28,semanticscholar,262b28e9261d56b91cf4c7a6e8077a577c7588da,CS045,S102,included,included
doi:10.1016/j.jss.2023.111730,Optimal dynamic partial order reduction with context-sensitive independence and observers,2023,2023-04-01,E. Albert; M. G. D. L. Banda; M. Gómez-Zamalloa; Miguel Isabel; Peter J. Stuckey,10.1016/j.jss.2023.111730,,Journal of Systems and Software,https://www.semanticscholar.org/paper/7fc00e47468c53d780b171df32b3e3660d18d6d4,5,35,semanticscholar,7fc00e47468c53d780b171df32b3e3660d18d6d4,CS044,S97,included,included
doi:10.1057/ori.2001.2,Implementation,2001,2001-01-01,John Walker,10.1057/ori.2001.2,,"Kant, Applied",https://www.semanticscholar.org/paper/107dbff1453bd0e9fd52b999e916eeb0af00084c,1007,9,semanticscholar,107dbff1453bd0e9fd52b999e916eeb0af00084c,CS044,S97,included,included
doi:10.1109/ase.2017.8115686,Parallel bug-finding in concurrent programs via reduced interleaving instances,2017,2017-10-30,Truc L. Nguyen; P. Schrammel; B. Fischer; S. L. Torre; G. Parlato,10.1109/ase.2017.8115686,,International Conference on Automated Software Engineering,https://www.semanticscholar.org/paper/9bec5c6c79366e99bcfc146915bde92194aa0d1d,19,49,semanticscholar,9bec5c6c79366e99bcfc146915bde92194aa0d1d,CS044,S97,included,included
doi:10.1109/ase51524.2021.9678838,Nekara: Generalized Concurrency Testing,2021,2021-11-01,U. Agarwal; Pantazis Deligiannis; Cheng-hui Huang; Kumseok Jung; Akash Lal; Immad Naseer; Matthew J. Parkinson; A. Thangamani; Jyothi Vedurada; Yunpeng Xiao,10.1109/ase51524.2021.9678838,,International Conference on Automated Software Engineering,https://www.semanticscholar.org/paper/ba288f792878c57b46336a9b83fc080793e684f2,6,52,semanticscholar,ba288f792878c57b46336a9b83fc080793e684f2,CS045,S102,included,included
doi:10.1109/compsac65507.2025.00137,vRM: Verifying Reference Monitors via Exhaustive Access Pattern Generation,2025,2025-07-08,Ryoji Nakashima; Takahiro Shinagawa,10.1109/compsac65507.2025.00137,,Annual International Computer Software and Applications Conference,https://www.semanticscholar.org/paper/8108edd5401b83e9c9e344304fa6b1744c1b3273,0,38,semanticscholar,8108edd5401b83e9c9e344304fa6b1744c1b3273,CS045,S102,included,included
doi:10.1109/esem.2015.7321187,An Empirical Study on C++ Concurrency Constructs,2015,2015-11-09,Di Wu; Lin Chen; Yuming Zhou; Baowen Xu,10.1109/esem.2015.7321187,,International Symposium on Empirical Software Engineering and Measurement,https://www.semanticscholar.org/paper/451ace8a7b8e040241e42aef452d38a8c8846a6f,6,26,semanticscholar,451ace8a7b8e040241e42aef452d38a8c8846a6f,CS045,S102,included,included
doi:10.1109/fccm.2018.00025,Concurrency-Aware Thread Scheduling for High-Level Synthesis,2018,2018-04-01,Nadesh Ramanathan; G. Constantinides; John Wickerson,10.1109/fccm.2018.00025,,IEEE Symposium on Field-Programmable Custom Computing Machines,https://www.semanticscholar.org/paper/a6a05a4e6862949b33701f46a7683f2d513860e8,4,20,semanticscholar,a6a05a4e6862949b33701f46a7683f2d513860e8,CS045,S102,included,included
doi:10.1109/fmcad.2015.7542261,Pattern-based synthesis of synchronization for the C++ memory model,2015,2015-09-27,Yuri Meshman; N. Rinetzky; Eran Yahav,10.1109/fmcad.2015.7542261,,Formal Methods in Computer-Aided Design,https://www.semanticscholar.org/paper/0a20fdd98c5427551e80ecddae73f2995bf0fdc2,17,29,semanticscholar,0a20fdd98c5427551e80ecddae73f2995bf0fdc2,CS045,S102,included,included
doi:10.1109/icpc.2019.00041,CCSpec: A Correctness Condition Specification Tool,2019,2019-05-01,Christina L. Peterson; P. Laborde; D. Dechev,10.1109/icpc.2019.00041,,IEEE International Conference on Program Comprehension,https://www.semanticscholar.org/paper/1de3ab622187993ac9bc559a48d58b492a829bf9,4,26,semanticscholar,1de3ab622187993ac9bc559a48d58b492a829bf9,CS045,S102,included,included
doi:10.1109/icst.2013.50,Systematic Testing for Detecting Concurrency Errors in Erlang Programs,2013,2013-03-18,M. Christakis; Alkis Gotovos; Konstantinos Sagonas,10.1109/icst.2013.50,,"2013 IEEE Sixth International Conference on Software Testing, Verification and Validation",https://www.semanticscholar.org/paper/e41556996cbd66e5a2b1b1cdf810c5455996b4aa,61,19,semanticscholar,e41556996cbd66e5a2b1b1cdf810c5455996b4aa,CS044,S97,included,included
doi:10.1109/ipdps49936.2021.00044,Nowa: A Wait-Free Continuation-Stealing Concurrency Platform,2021,2021-05-01,Florian Schmaus; Nicolas Pfeiffer; Wolfgang Schröder-Preikschat; Timo Hönig; J. Nolte,10.1109/ipdps49936.2021.00044,,IEEE International Parallel and Distributed Processing Symposium,https://www.semanticscholar.org/paper/6d15e5e79a6a63bf86e521c2c43150231d96cecf,7,20,semanticscholar,6d15e5e79a6a63bf86e521c2c43150231d96cecf,CS045,S102,included,included
doi:10.1109/ispa-bdcloud-socialcom-sustaincom51426.2020.00168,A Heuristic Region-based Concurrency Bug Testing Approach,2020,2020-12-01,Kuo-Cheng Chin; R. Tsay; Hsin-I Wu,10.1109/ispa-bdcloud-socialcom-sustaincom51426.2020.00168,,"2020 IEEE Intl Conf on Parallel & Distributed Processing with Applications, Big Data & Cloud Computing, Sustainable Computing & Communications, Social Computing & Networking (ISPA/BDCloud/SocialCom/SustainCom)",https://www.semanticscholar.org/paper/71262aadc15036b8d577e64ffc5b41192e706bd5,2,44,semanticscholar,71262aadc15036b8d577e64ffc5b41192e706bd5,CS045,S102,included,included
doi:10.1109/issre.2018.00028,Bugaroo: Exposing Memory Model Bugs in Many-Core Systems,2018,2018-10-01,M. M. Islam; Abdullah Muzahid,10.1109/issre.2018.00028,,IEEE International Symposium on Software Reliability Engineering,https://www.semanticscholar.org/paper/e38cb4a9a35a90f0214ce53bb8c0fa8ab966a1a8,5,22,semanticscholar,e38cb4a9a35a90f0214ce53bb8c0fa8ab966a1a8,CS045,S102,included,included
doi:10.1109/saner67736.2026.00094,Assessing Large Language Models in Verifying Concurrent Programs,2026,2026-03-17,Ridhi Jain; Rahul Purandare,10.1109/saner67736.2026.00094,,"IEEE International Conference on Software Analysis, Evolution, and Reengineering",https://www.semanticscholar.org/paper/bfa2be372fcbbf8943af849bea10152e26edd0fb,0,87,semanticscholar,bfa2be372fcbbf8943af849bea10152e26edd0fb,CS045,S102,included,included
doi:10.1109/tpds.2025.3543442,Libfork: Portable Continuation-Stealing With Stackless Coroutines,2024,2024-02-28,C. J. Williams; James Elliott,10.1109/tpds.2025.3543442,2402.18480,IEEE Transactions on Parallel and Distributed Systems,https://www.semanticscholar.org/paper/c4e91d5ca7ffc2458131dbad98e72faf5430071e,4,44,semanticscholar,c4e91d5ca7ffc2458131dbad98e72faf5430071e,CS045,S102,included,included
doi:10.1109/tse.2017.2707089,A Survey of Recent Trends in Testing Concurrent Software Systems,2018,2018-08-01,F. A. Bianchi; Alessandro Margara; M. Pezzè,10.1109/tse.2017.2707089,,IEEE Transactions on Software Engineering,https://www.semanticscholar.org/paper/7fe2a03294eec2e6fff0c36540fe91f0b9ed21f9,52,217,semanticscholar,7fe2a03294eec2e6fff0c36540fe91f0b9ed21f9,CS045,S102,included,included
doi:10.1109/tse.2023.3326056,Simulating Operational Memory Models Using Off-the-Shelf Program Analysis Tools,2023,2023-12-01,D. Iorga; John Wickerson; Alastair F. Donaldson,10.1109/tse.2023.3326056,,IEEE Transactions on Software Engineering,https://www.semanticscholar.org/paper/0f97a5d4b21933990565d58323e2a1647124c0b6,3,65,semanticscholar,0f97a5d4b21933990565d58323e2a1647124c0b6,CS045,S102,included,included
doi:10.1109/tvlsi.2020.3026112,Global Analysis of C Concurrency in High-Level Synthesis,2020,2020-10-20,Nadesh Ramanathan; G. Constantinides; John Wickerson,10.1109/tvlsi.2020.3026112,,IEEE Transactions on Very Large Scale Integration (VLSI) Systems,https://www.semanticscholar.org/paper/6cf8145a89329d3deac3cb572850c98dbfd82506,0,42,semanticscholar,6cf8145a89329d3deac3cb572850c98dbfd82506,CS045,S102,included,included
doi:10.1145/1007512.1007543,Exploiting purity for atomicity,2004,2004-07-11,C. Flanagan; Stephen N. Freund; S. Qadeer,10.1145/1007512.1007543,,IEEE Transactions on Software Engineering,https://www.semanticscholar.org/paper/48df98fadc1a747cb339865723951fa46a812d0f,82,45,semanticscholar,48df98fadc1a747cb339865723951fa46a812d0f,CS044,S97,included,included
doi:10.1145/1040305.1040315,Dynamic partial-order reduction for model checking software,2005,2005-01-12,C. Flanagan; Patrice Godefroid,10.1145/1040305.1040315,,ACM-SIGACT Symposium on Principles of Programming Languages,https://www.semanticscholar.org/paper/ec82b49566f64a890578b9ed6d97fbcf49e25dae,756,33,semanticscholar,ec82b49566f64a890578b9ed6d97fbcf49e25dae,CS044,S97,included,included
doi:10.1145/115372.115320,Efficiently computing static single assignment form and the control dependence graph,1991,1991-10-01,R. Cytron; J. Ferrante; B. Rosen; M. Wegman; F. K. Zadeck,10.1145/115372.115320,,ACM Transactions on Programming Languages and Systems,https://www.semanticscholar.org/paper/73062e44e8a4b3d80c0a98e009c9604dc90d3911,2609,59,semanticscholar,73062e44e8a4b3d80c0a98e009c9604dc90d3911,CS044,S97,included,included
doi:10.1145/2509136.2509514,CDSChecker: Checking Concurrent Data Structures Written with C/C++ Atomics,2013,,,10.1145/2509136.2509514,,,,,,seed-catalog,DOI:10.1145/2509136.2509514,CS045,S102,included,included
doi:10.1145/2535838.2535845,Optimal dynamic partial order reduction,2014,2014-01-08,P. Abdulla; Stavros Aronis; B. Jonsson; Konstantinos Sagonas,10.1145/2535838.2535845,,ACM-SIGACT Symposium on Principles of Programming Languages,https://www.semanticscholar.org/paper/098739c37e2385a0666aed7f78d58c7e1c13b0d5,205,37,semanticscholar,098739c37e2385a0666aed7f78d58c7e1c13b0d5,CS044,S97,included,included
doi:10.1145/2618128.2618134,Outlawing ghosts: avoiding out-of-thin-air results,2014,2014-06-13,H. Boehm; Brian Demsky,10.1145/2618128.2618134,,MSPC@PLDI,https://www.semanticscholar.org/paper/c58c9f47ecfa818cccd08a63edfd65faca33f971,102,26,semanticscholar,c58c9f47ecfa818cccd08a63edfd65faca33f971,CS045,S102,included,included
doi:10.1145/263699.263717,Model checking for programming languages using VeriSoft,1997,,Patrice Godefroid,10.1145/263699.263717,,ACM-SIGACT Symposium on Principles of Programming Languages,https://www.semanticscholar.org/paper/654071cc54205699d50edc2fb617b1580428e855,907,44,semanticscholar,654071cc54205699d50edc2fb617b1580428e855,CS044,S97,included,included
doi:10.1145/2695664.2695906,Runtime checking C programs,2015,2015-04-13,Reed Milewicz; Rajeshwar Vanka; James Tuck; D. Quinlan; P. Pirkelbauer,10.1145/2695664.2695906,,ACM Symposium on Applied Computing,https://www.semanticscholar.org/paper/d96fd2d06cc75b7778390c232310f20e4dac765e,11,31,semanticscholar,d96fd2d06cc75b7778390c232310f20e4dac765e,CS045,S102,included,included
doi:10.1145/2737924.2737956,Dynamic partial order reduction for relaxed memory models,2015,2015-06-03,Na Zhang; Markus Kusano; Chao Wang,10.1145/2737924.2737956,,ACM-SIGPLAN Symposium on Programming Language Design and Implementation,https://www.semanticscholar.org/paper/6f23b666a021386cf2725ddcbd5c24dc10e97090,87,50,semanticscholar,6f23b666a021386cf2725ddcbd5c24dc10e97090,CS044;CS045,S102;S97,included,included
doi:10.1145/2737924.2737975,Stateless model checking concurrent programs with maximal causality reduction,2015,2015-06-03,Jeff Huang,10.1145/2737924.2737975,,ACM-SIGPLAN Symposium on Programming Language Design and Implementation,https://www.semanticscholar.org/paper/e796c448b111bad18e910219fe2a2c79758c7bf2,93,35,semanticscholar,e796c448b111bad18e910219fe2a2c79758c7bf2,CS044,S97,included,included
doi:10.1145/2775051.2676995,Common Compiler Optimisations are Invalid in the C11 Memory Model and what we can do about it,2015,2015-01-14,Viktor Vafeiadis; Thibaut Balabonski; S. Chakraborty; Robin Morisset; Francesco Zappa Nardelli,10.1145/2775051.2676995,,ACM-SIGACT Symposium on Principles of Programming Languages,https://www.semanticscholar.org/paper/bde0e8ce845d704b11d43d9df4913a7f9cedfb3b,128,28,semanticscholar,bde0e8ce845d704b11d43d9df4913a7f9cedfb3b,CS045,S102,included,included
doi:10.1145/2804322.2804328,Concurrent software testing in practice: a catalog of tools,2015,2015-08-30,S. Melo; S. Souza; Rodolfo A. Silva; P. L. D. Souza,10.1145/2804322.2804328,,A-TEST@SIGSOFT FSE,https://www.semanticscholar.org/paper/8eb21dc5b6d0ef6cdcf8ffdd1b1a027eec602e94,10,125,semanticscholar,8eb21dc5b6d0ef6cdcf8ffdd1b1a027eec602e94,CS045,S102,included,included
doi:10.1145/2806886,A Practical Approach for Model Checking C/C++11 Code,2016,2016-05-02,Brian Norris; Brian Demsky,10.1145/2806886,,ACM Transactions on Programming Languages and Systems,https://www.semanticscholar.org/paper/6e48c095ffa8210f6395c7126880f07ee985a8d0,40,47,semanticscholar,6e48c095ffa8210f6395c7126880f07ee985a8d0,CS044;CS045,S102;S97,included,included
doi:10.1145/2814270.2814286,AutoMO: automatic inference of memory order parameters for C/C++11,2015,2015-10-23,Peizhao Ou; Brian Demsky,10.1145/2814270.2814286,,"Conference on Object-Oriented Programming Systems, Languages, and Applications",https://www.semanticscholar.org/paper/73f8ba8092afb9662f5f6e8614e0c1e7933d0128,5,54,semanticscholar,73f8ba8092afb9662f5f6e8614e0c1e7933d0128,CS045,S102,included,included
doi:10.1145/2814270.2814297,SATCheck: SAT-directed stateless model checking for SC and TSO,2015,2015-10-23,Brian Demsky; Patrick Lam,10.1145/2814270.2814297,,"Conference on Object-Oriented Programming Systems, Languages, and Applications",https://www.semanticscholar.org/paper/ef777bbb4631ee0b1d4ece36ae452074c2aa2ee4,58,44,semanticscholar,ef777bbb4631ee0b1d4ece36ae452074c2aa2ee4,CS045,S102,included,included
doi:10.1145/2837614.2837637,Overhauling SC atomics in C11 and OpenCL,2015,2015-03-24,John Wickerson; Mark Batty,10.1145/2837614.2837637,1503.07073,ACM-SIGACT Symposium on Principles of Programming Languages,https://www.semanticscholar.org/paper/6651ca0bad269e4390cdf26e85c9db75e91383b4,103,66,semanticscholar,6651ca0bad269e4390cdf26e85c9db75e91383b4,CS045,S102,included,included
doi:10.1145/2908080.2908114,Exposing errors related to weak memory in GPU applications,2016,2016-06-02,Tyler Sorensen; Alastair F. Donaldson,10.1145/2908080.2908114,,ACM-SIGPLAN Symposium on Programming Language Design and Implementation,https://www.semanticscholar.org/paper/38ca9ab122d37333ac26e25c515c04300ab62ead,44,50,semanticscholar,38ca9ab122d37333ac26e25c515c04300ab62ead,CS045,S102,included,included
doi:10.1145/2926697.2926700,Prescient memory: exposing weak memory model behavior by looking into the future,2016,2016-06-14,Man Cao; J. Roemer; Aritra Sengupta; Michael D. Bond,10.1145/2926697.2926700,,International Symposium on Mathematical Morphology and Its Application to Signal and Image Processing,https://www.semanticscholar.org/paper/c36c11b20cb525e3ae974a7f859a22d01acf11df,22,57,semanticscholar,c36c11b20cb525e3ae974a7f859a22d01acf11df,CS045,S102,included,included
doi:10.1145/2983990.2983997,An operational semantics for C/C++11 concurrency,2016,2016-10-19,Kyndylan Nienhuis; Kayvan Memarian; Peter Sewell,10.1145/2983990.2983997,,"Conference on Object-Oriented Programming Systems, Languages, and Applications",https://www.semanticscholar.org/paper/e7b352e7bc07ff0299e28698fa9f1ebf782f9127,61,28,semanticscholar,e7b352e7bc07ff0299e28698fa9f1ebf782f9127,CS045,S102,included,included
doi:10.1145/2983990.2984033,Modeling and analysis of remote memory access programming,2016,2016-10-19,A. Dan; Patrick Lam; T. Hoefler; Martin T. Vechev,10.1145/2983990.2984033,,"Conference on Object-Oriented Programming Systems, Languages, and Applications",https://www.semanticscholar.org/paper/03b2281410b07a4d38715018eb1ed397bf4a23f2,16,55,semanticscholar,03b2281410b07a4d38715018eb1ed397bf4a23f2,CS045,S102,included,included
doi:10.1145/2994593,Don’t Sit on the Fence,2013,2013-12-04,J. Alglave; D. Kroening; Vincent Nimal; Daniel Poetzl,10.1145/2994593,1312.1411,ACM Transactions on Programming Languages and Systems,https://www.semanticscholar.org/paper/178930913bb497d50bad2d6eea3b6ef89167aee8,91,68,semanticscholar,178930913bb497d50bad2d6eea3b6ef89167aee8,CS045,S102,included,included
doi:10.1145/3009837.3009838,Automatically comparing memory consistency models,2017,2017-01-01,John Wickerson; Mark Batty; Tyler Sorensen; G. Constantinides,10.1145/3009837.3009838,,ACM-SIGACT Symposium on Principles of Programming Languages,https://www.semanticscholar.org/paper/9a5549795e35281af4603bb28f982ce5e7ba03bc,127,105,semanticscholar,9a5549795e35281af4603bb28f982ce5e7ba03bc,CS045,S102,included,included
doi:10.1145/3009837.3009850,A promising semantics for relaxed-memory concurrency,2017,2017-01-01,Jeehoon Kang; Chung-Kil Hur; O. Lahav; Viktor Vafeiadis; Derek Dreyer,10.1145/3009837.3009850,,ACM-SIGACT Symposium on Principles of Programming Languages,https://www.semanticscholar.org/paper/f313e93201531bbf8990ee444a15c4e6c5b980b5,204,35,semanticscholar,f313e93201531bbf8990ee444a15c4e6c5b980b5,CS045,S102,included,included
doi:10.1145/3009837.3009857,Dynamic race detection for C++11,2017,2017-01-01,Christopher Lidbury; Alastair F. Donaldson,10.1145/3009837.3009857,,ACM-SIGACT Symposium on Principles of Programming Languages,https://www.semanticscholar.org/paper/bd8cf70a94a4f9b2bf0389fe07bde103e6690447,34,49,semanticscholar,bd8cf70a94a4f9b2bf0389fe07bde103e6690447,CS045,S102,included,included
doi:10.1145/3009837.3009883,Ogre and Pythia: an invariance proof method for weak consistency models,2017,2017-01-01,J. Alglave; P. Cousot,10.1145/3009837.3009883,,ACM-SIGACT Symposium on Principles of Programming Languages,https://www.semanticscholar.org/paper/f34fc79cc0ec3a3480cecef9eb64dba58bce257c,40,72,semanticscholar,f34fc79cc0ec3a3480cecef9eb64dba58bce257c,CS045,S102,included,included
doi:10.1145/3018743.3018749,Checking Concurrent Data Structures Under the C/C++11 Memory Model,2017,2017-01-26,Peizhao Ou; Brian Demsky,10.1145/3018743.3018749,,ACM SIGPLAN Symposium on Principles & Practice of Parallel Programming,https://www.semanticscholar.org/paper/3456741c745b0de504a49d85e59a3f180b8370db,27,49,semanticscholar,3456741c745b0de504a49d85e59a3f180b8370db,CS045,S102,included,included
doi:10.1145/3062341.3062352,Repairing sequential consistency in C/C++11,2017,2017-06-14,O. Lahav; Viktor Vafeiadis; Jeehoon Kang; Chung-Kil Hur; Derek Dreyer,10.1145/3062341.3062352,,ACM-SIGPLAN Symposium on Programming Language Design and Implementation,https://www.semanticscholar.org/paper/5f336a86f0b4c91c729d3adf471fe27eaf67f5e8,220,48,semanticscholar,5f336a86f0b4c91c729d3adf471fe27eaf67f5e8,CS045,S102,included,included
doi:10.1145/3092282.3092287,Stateless model checking of the Linux kernel's hierarchical read-copy-update (tree RCU),2017,2017-07-13,Michalis Kokologiannakis; Konstantinos Sagonas,10.1145/3092282.3092287,,SPIN,https://www.semanticscholar.org/paper/410a1481e541f350b2772edb90e1c89824683f89,25,50,semanticscholar,410a1481e541f350b2772edb90e1c89824683f89,CS044,S97,included,included
doi:10.1145/3106237.3106243,Thread-modular static analysis for relaxed memory models,2017,2017-08-21,Markus Kusano; Chao Wang,10.1145/3106237.3106243,1709.10077,ESEC/SIGSOFT FSE,https://www.semanticscholar.org/paper/06dfabcf4e4b2f5887b404a8776ca6609fb4a44c,19,68,semanticscholar,06dfabcf4e4b2f5887b404a8776ca6609fb4a44c,CS045,S102,included,included
doi:10.1145/3133877,Model checking copy phases of concurrent copying garbage collection with various memory models,2017,2017-10-12,Tomoharu Ugawa; Tatsuya Abe; T. Maeda,10.1145/3133877,,Proc. ACM Program. Lang.,https://www.semanticscholar.org/paper/22b283679a9f1127a9d6db96702be5b2af361808,9,63,semanticscholar,22b283679a9f1127a9d6db96702be5b2af361808,CS045,S102,included,included
doi:10.1145/3148964,A Transactional Correctness Tool for Abstract Data Types,2017,2017-11-14,Christina L. Peterson; D. Dechev,10.1145/3148964,,ACM Transactions on Architecture and Code Optimization (TACO),https://www.semanticscholar.org/paper/e1bc4591ba477f756701f33904491e60dc52a75b,11,38,semanticscholar,e1bc4591ba477f756701f33904491e60dc52a75b,CS045,S102,included,included
doi:10.1145/3158105,Effective stateless model checking for C/C++ concurrency,2017,2017-12-27,Michalis Kokologiannakis; O. Lahav; Konstantinos Sagonas; Viktor Vafeiadis,10.1145/3158105,,Proc. ACM Program. Lang.,https://www.semanticscholar.org/paper/0f26a8a75800c42cc473f467e0590728be3e5d91,127,39,semanticscholar,0f26a8a75800c42cc473f467e0590728be3e5d91,CS044,S97,included,included
doi:10.1145/3158119,Data-centric dynamic partial order reduction,2016,2016-10-04,Marek Chalupa; Krishnendu Chatterjee; Andreas Pavlogiannis; Nishant Sinha; Kapil Vaidya,10.1145/3158119,1610.01188,Proc. ACM Program. Lang.,https://www.semanticscholar.org/paper/ff52c9ad8c1d0dfc0f0ce49c513272faf6450ebd,71,68,semanticscholar,ff52c9ad8c1d0dfc0f0ce49c513272faf6450ebd,CS044,S97,included,included
doi:10.1145/3276506,Towards understanding the costs of avoiding out-of-thin-air results,2018,2018-10-24,Peizhao Ou; Brian Demsky,10.1145/3276506,,Proc. ACM Program. Lang.,https://www.semanticscholar.org/paper/846cc4a9014177c1006472410113c90047489f5f,27,50,semanticscholar,846cc4a9014177c1006472410113c90047489f5f,CS045,S102,included,included
doi:10.1145/3314221.3314604,Robustness against release/acquire semantics,2019,2019-06-08,O. Lahav; R. Margalit,10.1145/3314221.3314604,,ACM-SIGPLAN Symposium on Programming Language Design and Implementation,https://www.semanticscholar.org/paper/a19a6d9dafa70149b7832da93686d5897ce83c7e,33,59,semanticscholar,a19a6d9dafa70149b7832da93686d5897ce83c7e,CS045,S102,included,included
doi:10.1145/3314221.3314609,Model checking for weakly consistent libraries,2019,2019-06-08,Michalis Kokologiannakis; A. Raad; Viktor Vafeiadis,10.1145/3314221.3314609,,ACM-SIGPLAN Symposium on Programming Language Design and Implementation,https://www.semanticscholar.org/paper/518652adbfab1c50284a5c3d6ac463ebfefbadb0,99,48,semanticscholar,518652adbfab1c50284a5c3d6ac463ebfefbadb0,CS044;CS045,S102;S97,included,included
doi:10.1145/3314221.3314635,Sparse record and replay with controlled scheduling,2019,2019-06-08,Christopher Lidbury; Alastair F. Donaldson,10.1145/3314221.3314635,,ACM-SIGPLAN Symposium on Programming Language Design and Implementation,https://www.semanticscholar.org/paper/8e5634557d1728e324cdd8b02db190cf8cc11c36,24,91,semanticscholar,8e5634557d1728e324cdd8b02db190cf8cc11c36,CS045,S102,included,included
doi:10.1145/3314221.3314649,Verification of programs under the release-acquire semantics,2019,2019-06-08,P. Abdulla; Jatin Arora; M. Atig; S. Krishna,10.1145/3314221.3314649,,ACM-SIGPLAN Symposium on Programming Language Design and Implementation,https://www.semanticscholar.org/paper/db4211e7580d8153ba528fae9f563b54dedb08e2,38,46,semanticscholar,db4211e7580d8153ba528fae9f563b54dedb08e2,CS045,S102,included,included
doi:10.1145/3335772.3335935,How to Make a Multiprocessor Computer That Correctly Executes Multiprocess Programs,2016,2016-12-19,L. Lamport,10.1145/3335772.3335935,,IEEE transactions on computers,https://www.semanticscholar.org/paper/bdacc240ee817e6565f27f40f8658c037a457a13,2816,15,semanticscholar,bdacc240ee817e6565f27f40f8658c037a457a13,CS044,S97,included,included
doi:10.1145/3340672.3341117,Towards deductive verification of C11 programs with Event-B and ProB,2019,2019-07-15,Mohammadsadegh Dalvandi; Brijesh Dongol,10.1145/3340672.3341117,,FTfJP@ECOOP,https://www.semanticscholar.org/paper/a78513319b0ac1d3745a4b715bbdf747b39c9af3,2,25,semanticscholar,a78513319b0ac1d3745a4b715bbdf747b39c9af3,CS045,S102,included,included
doi:10.1145/3360576,Optimal stateless model checking for reads-from equivalence under sequential consistency,2019,2019-10-10,P. Abdulla; M. Atig; B. Jonsson; M. Lång; Ngo Tuan Phong; Konstantinos Sagonas,10.1145/3360576,,Proc. ACM Program. Lang.,https://www.semanticscholar.org/paper/a4aafb65ad4221f89ec65df1aefef681437e26e0,56,40,semanticscholar,a4aafb65ad4221f89ec65df1aefef681437e26e0,CS044,S97,included,included
doi:10.1145/3360599,Effective lock handling in stateless model checking,2019,2019-10-10,Michalis Kokologiannakis; A. Raad; Viktor Vafeiadis,10.1145/3360599,,Proc. ACM Program. Lang.,https://www.semanticscholar.org/paper/6fdbb7dec501053e36ba7a6a99e4c698bc898e61,24,36,semanticscholar,6fdbb7dec501053e36ba7a6a99e4c698bc898e61,CS045,S102,included,included
doi:10.1145/3368826.3377910,Interactive debugging of concurrent programs under relaxed memory models,2020,2020-02-21,Aakanksha Verma; P. Kalita; Awanish Pandey; Subhajit Roy,10.1145/3368826.3377910,,IEEE/ACM International Symposium on Code Generation and Optimization,https://www.semanticscholar.org/paper/a20678d181df7060e33f7abe36f1f460aceaf92d,14,61,semanticscholar,a20678d181df7060e33f7abe36f1f460aceaf92d,CS045,S102,included,included
doi:10.1145/3373376.3378480,HMC: Model Checking for Hardware Memory Models,2020,2020-03-09,Michalis Kokologiannakis; Viktor Vafeiadis,10.1145/3373376.3378480,,International Conference on Architectural Support for Programming Languages and Operating Systems,https://www.semanticscholar.org/paper/e2646b037b24069a0a798aecabae25ad7a1b4835,43,56,semanticscholar,e2646b037b24069a0a798aecabae25ad7a1b4835,CS045,S102,included,included
doi:10.1145/3428294,Foundations of empirical memory consistency testing,2020,2020-11-13,Jake Kirkham; Tyler Sorensen; Esin Tureci; M. Martonosi,10.1145/3428294,,Proc. ACM Program. Lang.,https://www.semanticscholar.org/paper/aee1861088e6be3837545ecc8d3c98456bf87385,9,41,semanticscholar,aee1861088e6be3837545ecc8d3c98456bf87385,CS045,S102,included,included
doi:10.1145/3428298,Learning-based controlled concurrency testing,2020,2020-11-13,Suvam Mukherjee; Pantazis Deligiannis; Arpita Biswas; Akash Lal,10.1145/3428298,,Proc. ACM Program. Lang.,https://www.semanticscholar.org/paper/5a9989b8c3d0ece0654e2327448bfd3a14bd9646,31,82,semanticscholar,5a9989b8c3d0ece0654e2327448bfd3a14bd9646,CS044,S97,included,included
doi:10.1145/3445814.3446711,C11Tester: a race detector for C/C++ atomics,2021,2021-02-16,Weiyu Luo; Brian Demsky,10.1145/3445814.3446711,2102.07901,International Conference on Architectural Support for Programming Languages and Operating Systems,https://www.semanticscholar.org/paper/34098c132acf4e1743fa7f0539a3f22b8a9ef0cd,27,69,semanticscholar,34098c132acf4e1743fa7f0539a3f22b8a9ef0cd,CS045,S102,included,included
doi:10.1145/3445814.3446748,VSync: push-button verification and optimization for synchronization primitives on weak memory models,2021,2021-04-19,Jonas Oberhauser; Rafael Lourenco de Lima Chehab; Diogo Behrens; Ming Fu; Antonio Paolillo; Lilith Oberhauser; Koustubha Bhat; Yuzhong Wen; Haibo Chen; Jaeho Kim; Viktor Vafeiadis,10.1145/3445814.3446748,,International Conference on Architectural Support for Programming Languages and Operating Systems,https://www.semanticscholar.org/paper/ddf4db6d66a77237d0e6b4f6942d7be4a4b3bc09,47,90,semanticscholar,ddf4db6d66a77237d0e6b4f6942d7be4a4b3bc09,CS044,S97,included,included
doi:10.1145/3477132.3483540,Using Lightweight Formal Methods to Validate a Key-Value Storage Node in Amazon S3,2021,2021-10-26,James Bornholt; Rajeev Joshi; Vytautas Astrauskas; Brendan Cully; Bernhard Kragl; Seth Markle; Kyle Sauri; Drew Schleit; Grant Slatton; S. Tasiran; Jacob Van Geffen; A. Warfield,10.1145/3477132.3483540,,Symposium on Operating Systems Principles,https://www.semanticscholar.org/paper/0bc8270f1e09338f798c166ba0cfa7d43b7796f5,109,53,semanticscholar,0bc8270f1e09338f798c166ba0cfa7d43b7796f5,CS045,S102,included,included
doi:10.1145/3485541,The reads-from equivalence for the TSO and PSO memory models,2020,2020-11-23,Truc Lam Bui; Krishnendu Chatterjee; Tushar Gautam; Andreas Pavlogiannis; Viktor Toman,10.1145/3485541,2011.11763,Proc. ACM Program. Lang.,https://www.semanticscholar.org/paper/fa463ff0c2ca733283f6bdc486faaea8ce8a17fe,14,79,semanticscholar,fa463ff0c2ca733283f6bdc486faaea8ce8a17fe,CS045,S102,included,included
doi:10.1145/3485546,MonkeyDB: effectively testing correctness under weak isolation levels,2021,2021-10-15,Ranadeep Biswas; Diptanshu Kakwani; Jyothi Vedurada; C. Enea; Akash Lal,10.1145/3485546,,Proc. ACM Program. Lang.,https://www.semanticscholar.org/paper/615ff2896b52bee2cbfd64ced324106a29b73397,21,51,semanticscholar,615ff2896b52bee2cbfd64ced324106a29b73397,CS045,S102,included,included
doi:10.1145/3498538,BiRD: Race Detection in Software Binaries under Relaxed Memory Models,2022,2022-01-31,Ridhi Jain; Rahul Purandare; Subodh Sharma,10.1145/3498538,,ACM Transactions on Software Engineering and Methodology,https://www.semanticscholar.org/paper/59499cd0adc296716f413ce9ab87096ac07a4483,8,110,semanticscholar,59499cd0adc296716f413ce9ab87096ac07a4483,CS045,S102,included,included
doi:10.1145/3498711,"Truly stateless, optimal dynamic partial order reduction",2022,2022-01-11,Michalis Kokologiannakis; Iason Marmanis; V. Gladstein; Viktor Vafeiadis,10.1145/3498711,,Proc. ACM Program. Lang.,https://www.semanticscholar.org/paper/0f2d27ae73625a641fa0c6863d091b9d4e087a5e,48,76,semanticscholar,0f2d27ae73625a641fa0c6863d091b9d4e087a5e,CS044;CS045,S102;S97,included,included
doi:10.1145/3563292,CAAT: consistency as a theory,2022,2022-10-31,Thomas Haas; R. Meyer; Hernán Ponce de León,10.1145/3563292,,Proc. ACM Program. Lang.,https://www.semanticscholar.org/paper/026c605f36e75d25d14c64fb59acad4d966ec57b,9,97,semanticscholar,026c605f36e75d25d14c64fb59acad4d966ec57b,CS046,S103,included,included
doi:10.1145/3563315,Model checking for a multi-execution memory model,2022,2022-10-31,E. Moiseenko; Michalis Kokologiannakis; Viktor Vafeiadis,10.1145/3563315,,Proc. ACM Program. Lang.,https://www.semanticscholar.org/paper/1145521484f6837d8155fba9b67a09a1c3fefc42,4,50,semanticscholar,1145521484f6837d8155fba9b67a09a1c3fefc42,CS045,S102,included,included
doi:10.1145/3571212,Kater: Automating Weak Memory Model Metatheory and Consistency Checking,2023,2023-01-09,Michalis Kokologiannakis; O. Lahav; Viktor Vafeiadis,10.1145/3571212,,Proc. ACM Program. Lang.,https://www.semanticscholar.org/paper/a0dacf160b9b2bd85863dde279b5e9736222b3f6,15,42,semanticscholar,a0dacf160b9b2bd85863dde279b5e9736222b3f6,CS045,S102,included,included
doi:10.1145/3575693.3575729,Probabilistic Concurrency Testing for Weak Memory Programs,2023,2023-01-27,Mingyu Gao; S. Chakraborty; B. Ozkan,10.1145/3575693.3575729,,International Conference on Architectural Support for Programming Languages and Operating Systems,https://www.semanticscholar.org/paper/88b6531137d850a145bc66a6846e98dbd7b97284,13,56,semanticscholar,88b6531137d850a145bc66a6846e98dbd7b97284,CS045,S102,included,included
doi:10.1145/3580285,Mechanised Operational Reasoning for C11 Programs with Relaxed Dependencies,2023,2023-01-13,Daniel Wright; Sadegh Dalvandi; Mark Batty; Brijesh Dongol,10.1145/3580285,,Formal Aspects Comput.,https://www.semanticscholar.org/paper/e6c4e9eca2dbf939eefb44a8218e63c175446350,1,34,semanticscholar,e6c4e9eca2dbf939eefb44a8218e63c175446350,CS045,S102,included,included
doi:10.1145/3591243,Dynamic Partial Order Reduction for Checking Correctness against Transaction Isolation Levels,2023,2023-03-22,A. Bouajjani; C. Enea; Enrique Rom'an-Calvo,10.1145/3591243,2303.12606,Proc. ACM Program. Lang.,https://www.semanticscholar.org/paper/f6be508aaeeeb1f79c404457d6fc0eaeccd4f771,6,73,semanticscholar,f6be508aaeeeb1f79c404457d6fc0eaeccd4f771,CS045,S102,included,included
doi:10.1145/3591251,Optimal Reads-From Consistency Checking for C11-Style Memory Models,2023,2023-04-07,P. Abdulla; S. Chakraborty; S. Krishna; Umang Mathur; Andreas Pavlogiannis; Hunkar Can Tuncc,10.1145/3591251,2304.03714,Proc. ACM Program. Lang.,https://www.semanticscholar.org/paper/4ff826c62604576a6ff84d16191d0b26f1682b08,20,68,semanticscholar,4ff826c62604576a6ff84d16191d0b26f1682b08,CS045,S102,included,included
doi:10.1145/3597503.3639099,Optimistic Prediction of Synchronization-Reversal Data Races,2024,2024-01-11,Zheng Shi; Umang Mathur; Andreas Pavlogiannis,10.1145/3597503.3639099,2401.05642,International Conference on Software Engineering,https://www.semanticscholar.org/paper/85b331240e99f33c65fc064876803ea326a285d2,18,77,semanticscholar,85b331240e99f33c65fc064876803ea326a285d2,CS045,S102,included,included
doi:10.1145/3620666.3651358,CSSTs: A Dynamic Data Structure for Partial Orders in Concurrent Execution Analysis,2024,2024-03-26,H. C. Tunç; A. Deshmukh; Berk Çirisci; C. Enea; Andreas Pavlogiannis,10.1145/3620666.3651358,2403.17818,International Conference on Architectural Support for Programming Languages and Operating Systems,https://www.semanticscholar.org/paper/1baeaf34dcffc77e74b6f40df0725b18e33f4624,5,44,semanticscholar,1baeaf34dcffc77e74b6f40df0725b18e33f4624,CS045,S102,included,included
doi:10.1145/3622855,Static Analysis of Memory Models for SMT Encodings,2023,2023-10-16,Thomas Haas; René Maseli; Roland Meyer; Hernán Ponce de León,10.1145/3622855,,Proc. ACM Program. Lang.,https://www.semanticscholar.org/paper/358e90ea2dad932955e84b1de095c213b42eb4dd,2,86,semanticscholar,358e90ea2dad932955e84b1de095c213b42eb4dd,CS045,S102,included,included
doi:10.1145/3632908,How Hard Is Weak-Memory Testing?,2023,2023-11-07,S. Chakraborty; S. Krishna; Umang Mathur; Andreas Pavlogiannis,10.1145/3632908,2311.04302,Proc. ACM Program. Lang.,https://www.semanticscholar.org/paper/34e54916defa9bef2c7130aa9b355b6824a2c161,13,69,semanticscholar,34e54916defa9bef2c7130aa9b355b6824a2c161,CS045,S102,included,included
doi:10.1145/3650212.3685549,Robustness against the C/C++11 Memory Model,2024,2024-09-11,R. Margalit,10.1145/3650212.3685549,,International Symposium on Software Testing and Analysis,https://www.semanticscholar.org/paper/8c9bd9340e89be9ce111e8f2fd44a2cb1b46a978,0,55,semanticscholar,8c9bd9340e89be9ce111e8f2fd44a2cb1b46a978,CS045,S102,included,included
doi:10.1145/3652024.3665505,SSRD: Shapes and Summaries for Race Detection in Concurrent Data Structures,2024,2024-06-20,Xiaofan Sun; Rajiv Gupta,10.1145/3652024.3665505,,International Symposium on Mathematical Morphology and Its Application to Signal and Image Processing,https://www.semanticscholar.org/paper/38d4aa90948618c6142a86a7cdf147bd42946dd1,0,70,semanticscholar,38d4aa90948618c6142a86a7cdf147bd42946dd1,CS045,S102,included,included
doi:10.1145/3656449,SPORE: Combining Symmetry and Partial Order Reduction,2024,2024-06-20,Michalis Kokologiannakis; Iason Marmanis; Viktor Vafeiadis,10.1145/3656449,,Proc. ACM Program. Lang.,https://www.semanticscholar.org/paper/1d84344262cef9ff70a1e2a64d61906c8c81ef64,7,44,semanticscholar,1d84344262cef9ff70a1e2a64d61906c8c81ef64,CS045;CS046,S102;S103,included,included
doi:10.1145/3689778,Model Checking Distributed Protocols in Must,2024,2024-10-08,C. Enea; D. Giannakopoulou; Michalis Kokologiannakis; Rupak Majumdar,10.1145/3689778,,Proc. ACM Program. Lang.,https://www.semanticscholar.org/paper/da7723d8f2bd0114f434ecdc37ad112eef9f2cd0,9,51,semanticscholar,da7723d8f2bd0114f434ecdc37ad112eef9f2cd0,CS045,S102,included,included
doi:10.1145/3694715.3695944,OZZ: Identifying Kernel Out-of-Order Concurrency Bugs with In-Vivo Memory Access Reordering,2024,2024-11-04,Dae R. Jeong; Yewon Choi; Byoungyoung Lee; Insik Shin; Youngjin Kwon,10.1145/3694715.3695944,,Symposium on Operating Systems Principles,https://www.semanticscholar.org/paper/5b4d65a12540ff14e40ec670652674ae822a28e2,1,113,semanticscholar,5b4d65a12540ff14e40ec670652674ae822a28e2,CS045,S102,included,included
doi:10.1145/3704906,RELINCHE: Automatically Checking Linearizability under Relaxed Memory Consistency,2025,2025-01-07,P. Golovin; Michalis Kokologiannakis; Viktor Vafeiadis,10.1145/3704906,,Proc. ACM Program. Lang.,https://www.semanticscholar.org/paper/bc9c01dd6b889563907d49d386f7bc84f1ee7d46,5,59,semanticscholar,bc9c01dd6b889563907d49d386f7bc84f1ee7d46,CS045,S102,included,included
doi:10.1145/3704908,Relaxed Memory Concurrency Re-executed,2025,2025-01-07,E.V. Moiseenko; Matteo Meluzzi; Innokentii Meleshchenko; Ivan Kabashnyi; A. Podkopaev; S. Chakraborty,10.1145/3704908,,Proc. ACM Program. Lang.,https://www.semanticscholar.org/paper/8f276e62845a150f8001ed955007208be9f2c3c3,3,40,semanticscholar,8f276e62845a150f8001ed955007208be9f2c3c3,CS045,S102,included,included
doi:10.1145/3773085,Efficient Dynamic Concurrency Analysis with Collective Sparse Segment Trees,2025,2025-10-30,H. C. Tunç; Yifan Dong; A. Deshmukh; Berk Çirisci; C. Enea; Andreas Pavlogiannis,10.1145/3773085,,ACM Transactions on Computer Systems,https://www.semanticscholar.org/paper/29f144bdcce853fb0481df33f95b970cf6871612,0,42,semanticscholar,29f144bdcce853fb0481df33f95b970cf6871612,CS045,S102,included,included
doi:10.1145/3779212.3790150,CXLMC: Model Checking CXL Shared Memory Programs,2026,2026-03-22,Simon Guo; Conan Truong; Brian Demsky,10.1145/3779212.3790150,,International Conference on Architectural Support for Programming Languages and Operating Systems,https://www.semanticscholar.org/paper/f81bf45b93566331d9b7a0668a81549fb38b1fae,1,90,semanticscholar,f81bf45b93566331d9b7a0668a81549fb38b1fae,CS045,S102,included,included
doi:10.1145/3821428,OZZ: Identifying Kernel Out-of-Order Concurrency Bugs with In-Vivo Memory Access Reordering,2026,2026-06-19,Dae R. Jeong; Yewon Choi; Byoungyoung Lee; Insik Shin; Youngjin Kwon,10.1145/3821428,,ACM Transactions on Computer Systems,https://www.semanticscholar.org/paper/aec72f704970d04d48eb0043e0a266533e3579f9,7,123,semanticscholar,aec72f704970d04d48eb0043e0a266533e3579f9,CS045,S102,included,included
doi:10.34727/2021/isbn.978-3-85448-046-4_25,Dynamic Partial Order Reductions for Spinloops,2021,2021-10-19,Michalis Kokologiannakis; X. Ren; Viktor Vafeiadis,10.34727/2021/isbn.978-3-85448-046-4_25,,Formal Methods in Computer-Aided Design,https://www.semanticscholar.org/paper/ffe283484ea3e8f7c338b3667a7c22e526efc5a9,9,26,seed-catalog;semanticscholar,DOI:10.34727/2021/isbn.978-3-85448-046-4_25;ffe283484ea3e8f7c338b3667a7c22e526efc5a9,CS044;CS045;CS046,S102;S103;S97,included,included
doi:10.34727/2021/isbn.978-3-85448-046-4_26,Robustness between Weak Memory Models,2021,2021-10-19,S. Chakraborty,10.34727/2021/isbn.978-3-85448-046-4_26,,Formal Methods in Computer-Aided Design,https://www.semanticscholar.org/paper/12e64d3f93e652a0ada990d6fb5919d54afd7f8a,1,52,semanticscholar,12e64d3f93e652a0ada990d6fb5919d54afd7f8a,CS045,S102,included,included
doi:10.34727/2022/isbn.978-3-85448-053-2_40,Automated Conversion of Axiomatic to Operational Models: Theory and Practice,2022,2022-08-13,Adwait Godbole; Yatin A. Manerkar; S. Seshia,10.34727/2022/isbn.978-3-85448-053-2_40,2208.06733,Formal Methods in Computer-Aided Design,https://www.semanticscholar.org/paper/55d88c13cdc64ab8f32e7c05f8d5a488000b803b,5,58,semanticscholar,55d88c13cdc64ab8f32e7c05f8d5a488000b803b,CS045,S102,included,included
doi:10.4230/lipics.concur.2025.22,Partial-Order Reduction Is Hard,2025,,F. Herbreteau; Sarah Larroze-Jardiné; Igor Walukiewicz,10.4230/lipics.concur.2025.22,,International Conference on Concurrency Theory,https://www.semanticscholar.org/paper/18996d7a464ad73cd88aeaea35681073240e0ccb,1,34,semanticscholar,18996d7a464ad73cd88aeaea35681073240e0ccb,CS044,S97,included,included
doi:10.4230/lipics.concur.2025.26,Optimal Concolic Dynamic Partial Order Reduction,2025,,Mohammad Hossein Khoshechin Jorshari; Michalis Kokologiannakis; Rupak Majumdar; Srinidhi Nagendra,10.4230/lipics.concur.2025.26,,International Conference on Concurrency Theory,https://www.semanticscholar.org/paper/78c36ef96287984dcf051220bdee5c7f54bcb835,2,70,semanticscholar,78c36ef96287984dcf051220bdee5c7f54bcb835,CS045,S102,included,included
doi:10.70675/5c9ea897z1b59z4f1bza9d9z9019d5a87c13,Compiler optimisations and relaxed memory consistency models. (Optimisations des compilateurs et modèles mémoire relâchés),2017,2017-04-05,Robin Morisset,10.70675/5c9ea897z1b59z4f1bza9d9z9019d5a87c13,,,https://www.semanticscholar.org/paper/371389825f57edd2786bf534349cd08a71231391,3,97,semanticscholar,371389825f57edd2786bf534349cd08a71231391,CS045,S102,included,included
doi:10.70675/9532ace0zf98fz443ezb21bz32d8237eb454,Distributed runtime system with global address space and software cache coherence for a data-flow task model. (Système distribué à adressage global et cohérence logicielle pourl'exécution d'un modèle de tâche à flot de données),2018,2018-01-11,François Gindraud,10.70675/9532ace0zf98fz443ezb21bz32d8237eb454,,,https://www.semanticscholar.org/paper/7c98cff8cd039ff3d9c4e35a5b0f1b833ac08743,0,77,semanticscholar,7c98cff8cd039ff3d9c4e35a5b0f1b833ac08743,CS045,S102,included,included
s2:03dda84b9f755a51d61046978f482e453a73d97c,LR-Miner: Static Race Detection in OS Kernels by Mining Locking Rules,2024,,Tuo Li; Jia-Ju Bai; Gui Han; Shih-Min Hu,,,USENIX Security Symposium,https://www.semanticscholar.org/paper/03dda84b9f755a51d61046978f482e453a73d97c,6,79,semanticscholar,03dda84b9f755a51d61046978f482e453a73d97c,CS045,S102,included,included
s2:04c457456b9332562b83faa356503b54a92719c7,Testing for C # Programs with Coyote,2023,,Pantazis Deligiannis; Aditya Senthilnathan; Fahad Nayyar; Chris Lovett; Akash Lal,,,,https://www.semanticscholar.org/paper/04c457456b9332562b83faa356503b54a92719c7,7,58,semanticscholar,04c457456b9332562b83faa356503b54a92719c7,CS045,S102,included,included
s2:132d1c096d74c53960a7511dafb886c73158a7ec,Predictable Synchronisation Algorithms for Asynchronous Critical Sections,2018,,S. Reif; Wolfgang Schröder-Preikschat,,,,https://www.semanticscholar.org/paper/132d1c096d74c53960a7511dafb886c73158a7ec,1,49,semanticscholar,132d1c096d74c53960a7511dafb886c73158a7ec,CS045,S102,included,included
s2:1923583f73eddea0b5c4b554edce4cba66cdd62d,Order Reduction,,,P. Abdulla; M. Atig; Sarbojit Das; Bengt Jonsson; Konstantinos Sagonas,,,,https://www.semanticscholar.org/paper/1923583f73eddea0b5c4b554edce4cba66cdd62d,1,49,semanticscholar,1923583f73eddea0b5c4b554edce4cba66cdd62d,CS044;CS046,S103;S97,unknown-date,unknown-date
s2:1e68b090677e165e550eeeefec15fc1da2962420,Overhauling SC Atomics in C 11 and OpenCL Mark Batty,,,Alastair F. Donaldson,,,,https://www.semanticscholar.org/paper/1e68b090677e165e550eeeefec15fc1da2962420,0,35,semanticscholar,1e68b090677e165e550eeeefec15fc1da2962420,CS045,S102,unknown-date,unknown-date
s2:1ea577c0caf7576f0793520f9783cdca5fbb1fca,UNIVERSITY OF CALIFORNIA RIVERSIDE Concolic Testing of Programs with Concurrent Dynamic Data Structures A Dissertation submitted in partial satisfaction of the requirements for the degree of Doctor of Philosophy,2023,,Xiaofan Sun; Chengyu Song; Manu Sridharan; Zhigang Zhao,,,,https://www.semanticscholar.org/paper/1ea577c0caf7576f0793520f9783cdca5fbb1fca,0,117,semanticscholar,1ea577c0caf7576f0793520f9783cdca5fbb1fca,CS045,S102,included,included
s2:27817c08876ab0e67393ad2aed5f36275d2e22d1,CDSSPEC: Testing Concurrent Data Structures Under the C/C++11 Memory Model,2014,,Peizhao Ou,,,,https://www.semanticscholar.org/paper/27817c08876ab0e67393ad2aed5f36275d2e22d1,0,36,semanticscholar,27817c08876ab0e67393ad2aed5f36275d2e22d1,CS045,S102,included,included
s2:3089664eea15b54afcffe8dbb96abb9ca8886a39,Eﬀicient Dynamic Concurrency Analysis with Collective Sparse Segment Trees,,,Berk Çirisci; C. Enea; Yifan Dong,,,,https://www.semanticscholar.org/paper/3089664eea15b54afcffe8dbb96abb9ca8886a39,0,42,semanticscholar,3089664eea15b54afcffe8dbb96abb9ca8886a39,CS045,S102,unknown-date,unknown-date
s2:3b956ca622ea68142025bf91aef4a097c0c58848,Comparing Memory Consistency Models,2016,,John Wickerson,,,,https://www.semanticscholar.org/paper/3b956ca622ea68142025bf91aef4a097c0c58848,0,75,semanticscholar,3b956ca622ea68142025bf91aef4a097c0c58848,CS045,S102,included,included
s2:43a5cf566bf8e6fae790396361c7d709ef185768,An Initial Study of Two Approaches to Eliminating Out-of-Thin-Air Results,2018,,Peizhao Ou,,,,https://www.semanticscholar.org/paper/43a5cf566bf8e6fae790396361c7d709ef185768,0,71,semanticscholar,43a5cf566bf8e6fae790396361c7d709ef185768,CS045,S102,included,included
s2:61afb757f26ceb4282daa12d9ae2264e5a61ac41,A Don ’ t Sit on the Fence : A Static Analysis Approach to Automatic Fence Insertion,2016,,J. Alglave; Daniel Kroening; Vincent Nimal; Daniel Poetzl,,,,https://www.semanticscholar.org/paper/61afb757f26ceb4282daa12d9ae2264e5a61ac41,30,46,semanticscholar,61afb757f26ceb4282daa12d9ae2264e5a61ac41,CS045,S102,included,included
s2:621147998d7ef0058386db35ec9e112c2a16c030,Progressive Automated Formal Verification of Memory Consistency in Parallel Processors,2021,,Yatin A. Manerkar,,,,https://www.semanticscholar.org/paper/621147998d7ef0058386db35ec9e112c2a16c030,2,175,semanticscholar,621147998d7ef0058386db35ec9e112c2a16c030,CS045,S102,included,included
s2:63cc13585e1e8545326e50c47f3db0454ed8e425,Analysis of Commutativity with state-chart graph representation of concurrent programs,2018,,Kishore Debnath,,,,https://www.semanticscholar.org/paper/63cc13585e1e8545326e50c47f3db0454ed8e425,0,17,semanticscholar,63cc13585e1e8545326e50c47f3db0454ed8e425,CS045,S102,included,included
s2:640470dde79798ca3ed4eeeb139a37e80843b861,Probabilistic Concurrency Testing for Weak Memory Programs,,,,,,,https://www.semanticscholar.org/paper/640470dde79798ca3ed4eeeb139a37e80843b861,0,49,semanticscholar,640470dde79798ca3ed4eeeb139a37e80843b861,CS045,S102,unknown-date,unknown-date
s2:770418222ab517ecc1288fcfe6235de593a1125c,Concurrency and Security Verification in Heterogeneous Parallel Systems,2019,,Caroline Trippel,,,,https://www.semanticscholar.org/paper/770418222ab517ecc1288fcfe6235de593a1125c,4,235,semanticscholar,770418222ab517ecc1288fcfe6235de593a1125c,CS045,S102,included,included
s2:77bf635b620a5c914de22261a822cc65c1a87052,Correctness and Progress Verification of Non-Blocking Programs,2019,,Christina L. Peterson,,,,https://www.semanticscholar.org/paper/77bf635b620a5c914de22261a822cc65c1a87052,0,113,semanticscholar,77bf635b620a5c914de22261a822cc65c1a87052,CS045,S102,included,included
s2:799435c026fcf486ea72be2dbfbee99cf5cca9cd,Probabilistic Concurrency Testing for Weak Memory Programs,,,,,,,https://www.semanticscholar.org/paper/799435c026fcf486ea72be2dbfbee99cf5cca9cd,1,49,semanticscholar,799435c026fcf486ea72be2dbfbee99cf5cca9cd,CS045,S102,unknown-date,unknown-date
s2:7dea1e7128712282d8245e0245b695c3ef394972,Memory-Model-Aware Analysis of Parallel Programs,2017,,V. Still,,,,https://www.semanticscholar.org/paper/7dea1e7128712282d8245e0245b695c3ef394972,0,79,semanticscholar,7dea1e7128712282d8245e0245b695c3ef394972,CS045,S102,included,included
s2:845c3f881817ad776bcd963d74d4b25f20450efd,Constraint-Based Thread-Modular Abstract Interpretation,2018,2018-07-25,M. Kusano,,,,https://www.semanticscholar.org/paper/845c3f881817ad776bcd963d74d4b25f20450efd,0,152,semanticscholar,845c3f881817ad776bcd963d74d4b25f20450efd,CS045,S102,included,included
s2:87e4d980cc51514707b1f684bc8fb1c1f39b0fde,CDSChecker model-checking framework Parameter Inferring Analyzer AutoMO framework Input : test case 1 test case 2 ... test case n Optional input : parameter assignments Output : final parameter assignments SC Analyzer Non-SC Trace Reordering Analyzer,2018,,Peizhao Ou; Brian Demsky,,,,https://www.semanticscholar.org/paper/87e4d980cc51514707b1f684bc8fb1c1f39b0fde,0,39,semanticscholar,87e4d980cc51514707b1f684bc8fb1c1f39b0fde,CS045,S102,included,included
s2:8bfa87122b6a00586dd811cd5accc8e8d8a703e3,Probabilistic Concurrency Testing for Weak Memory Programs,,,,,,,https://www.semanticscholar.org/paper/8bfa87122b6a00586dd811cd5accc8e8d8a703e3,0,49,semanticscholar,8bfa87122b6a00586dd811cd5accc8e8d8a703e3,CS045,S102,unknown-date,unknown-date
s2:90cb534809d896589f80d6cb38e4c033cd05c72e,N4136 – C Concurrency Challenges Draft 2014-10-13,2014,,Mark Batty; Kayvan Memarian; Kyndylan Nienhuis; J. Pichon; Peter Sewell; C. C. Challenges,,,,https://www.semanticscholar.org/paper/90cb534809d896589f80d6cb38e4c033cd05c72e,0,34,semanticscholar,90cb534809d896589f80d6cb38e4c033cd05c72e,CS045,S102,included,included
s2:9c9afab48147aecf8a27a41725d9f366e9c04558,A Comparison of Concurrent Correctness Criteria for Shared Memory Based Data Structure,2016,,D. Bhattacharya,,,,https://www.semanticscholar.org/paper/9c9afab48147aecf8a27a41725d9f366e9c04558,0,23,semanticscholar,9c9afab48147aecf8a27a41725d9f366e9c04558,CS045,S102,included,included
s2:a1660ac1f1962a507080334a023129a3e732351a,Digital Comprehensive Summaries of Uppsala Dissertations from the Faculty of Science and Technology 1745 Model Checking of Software Systems under Weak Memory Models,2018,,T. Ngo,,,,https://www.semanticscholar.org/paper/a1660ac1f1962a507080334a023129a3e732351a,1,146,semanticscholar,a1660ac1f1962a507080334a023129a3e732351a,CS045,S102,included,included
s2:b10f90d7a21757373e44674b0fe5455aa9529684,Towards Eﬀicient Verification of Parallel Applications with Mc SimGrid,,,Mathieu Laurent; Thierry J´eron; M. Quinson,,,,https://www.semanticscholar.org/paper/b10f90d7a21757373e44674b0fe5455aa9529684,0,24,semanticscholar,b10f90d7a21757373e44674b0fe5455aa9529684,CS046,S103,unknown-date,unknown-date
s2:be8143f6066e232d8b5f6ba3a7627d51cd4db1d5,Probabilistic Concurrency Testing for Weak Memory Programs,,,,,,,https://www.semanticscholar.org/paper/be8143f6066e232d8b5f6ba3a7627d51cd4db1d5,1,49,semanticscholar,be8143f6066e232d8b5f6ba3a7627d51cd4db1d5,CS045,S102,unknown-date,unknown-date
s2:c182b343f37dbfb88d45bf10e0dbe84065642d6c,"Efficient, Practical Dynamic Program Analyses for Concurrency Correctness",2017,,Man Cao,,,,https://www.semanticscholar.org/paper/c182b343f37dbfb88d45bf10e0dbe84065642d6c,1,149,semanticscholar,c182b343f37dbfb88d45bf10e0dbe84065642d6c,CS045,S102,included,included
s2:c5b2a6c9ed18521e71a5bae810e9786cfe29897a,Static analyses over weak memory,2014,,Vincent Nimal,,,,https://www.semanticscholar.org/paper/c5b2a6c9ed18521e71a5bae810e9786cfe29897a,6,88,semanticscholar,c5b2a6c9ed18521e71a5bae810e9786cfe29897a,CS045,S102,included,included
s2:ca22066f6396d706496e126295574a28418abbdc,Model Checking on Multi-execution Memory Models,2022,,JetBrains Research; Germany MPI-SWS,,,,https://www.semanticscholar.org/paper/ca22066f6396d706496e126295574a28418abbdc,0,57,semanticscholar,ca22066f6396d706496e126295574a28418abbdc,CS045,S102,included,included
s2:d0d9108b45bb5dd26ea27bf2576bd9157d15a48e,Probabilistic Concurrency Testing for Weak Memory Programs,,,,,,,https://www.semanticscholar.org/paper/d0d9108b45bb5dd26ea27bf2576bd9157d15a48e,0,49,semanticscholar,d0d9108b45bb5dd26ea27bf2576bd9157d15a48e,CS045,S102,unknown-date,unknown-date
s2:d357f0bd797f0502beb760fa210364d4d8cd3e86,C11Tester: A Fuzzer for C/C++ Atomics Extended Abstract,2020,,Weiyu Luo,,,,https://www.semanticscholar.org/paper/d357f0bd797f0502beb760fa210364d4d8cd3e86,2,13,semanticscholar,d357f0bd797f0502beb760fa210364d4d8cd3e86,CS045,S102,included,included
s2:d71962c88be654eba1f82683e82fa1d4a953ee5b,"Specifying, Verifying, and Translating Between Memory Consistency Models",2015,,Daniel Lustig,,,,https://www.semanticscholar.org/paper/d71962c88be654eba1f82683e82fa1d4a953ee5b,2,150,semanticscholar,d71962c88be654eba1f82683e82fa1d4a953ee5b,CS045,S102,included,included
s2:d8e443a2a7de396dd009801a1db3341a951fcd8d,The C11 and C++11 concurrency model,2015,,Mark Batty,,,,https://www.semanticscholar.org/paper/d8e443a2a7de396dd009801a1db3341a951fcd8d,32,77,semanticscholar,d8e443a2a7de396dd009801a1db3341a951fcd8d,CS045,S102,included,included
s2:e3829e2e4096fdce8051ef428dba05baeee9822b,This paper is included in the Proceedings of the 17th USENIX Symposium on Operating Systems Design and Implementation.,,,Systems Design; Jiawei Wang; Bohdan Trach; Ming Fu; Diogo Behrens; Jonathan Schwender; Yutao Liu; Jitang Lei; Hermann Härtig; Viktor Vafeiadis; Haibo Chen,,,,https://www.semanticscholar.org/paper/e3829e2e4096fdce8051ef428dba05baeee9822b,0,96,semanticscholar,e3829e2e4096fdce8051ef428dba05baeee9822b,CS045,S102,unknown-date,unknown-date
s2:ee2c34198da94d77b10708e544567b6e282fde98,Probabilistic Testing for Weak Memory Concurrency,2022,,Mingyu Gao,,,,https://www.semanticscholar.org/paper/ee2c34198da94d77b10708e544567b6e282fde98,6,86,semanticscholar,ee2c34198da94d77b10708e544567b6e282fde98,CS045,S102,included,included
s2:f68a1814799628d3ecbb2e46746d9c28ebe2c069,Finding and Reproducing Heisenbugs in Concurrent Programs,2008,2008-12-08,Madanlal Musuvathi; S. Qadeer; T. Ball; Gérard Basler; Piramanayagam Arumuga Nainar; Iulian Neamtiu,,,USENIX Symposium on Operating Systems Design and Implementation,https://www.semanticscholar.org/paper/f68a1814799628d3ecbb2e46746d9c28ebe2c069,628,51,semanticscholar,f68a1814799628d3ecbb2e46746d9c28ebe2c069,CS044,S97,included,included
s2:fa185bd855bd1c894ca176d5f07f9560d6d68d58,Verification of Concurrent Data Structures with TLA,2018,2018-11-01,Zixian Cai,,,,https://www.semanticscholar.org/paper/fa185bd855bd1c894ca176d5f07f9560d6d68d58,0,25,semanticscholar,fa185bd855bd1c894ca176d5f07f9560d6d68d58,CS045,S102,included,included
s2:fc66018aeb176ccd3eaca6cdbd65d121000e603f,BWoS: Formally Verified Block-based Work Stealing for Parallel Processing,2023,,Jiawei Wang; Bohdan Trach; Ming Fu; Diogo Behrens; Jonathan Schwender; Yutao Liu; Jitang Lei; Viktor Vafeiadis; H. Härtig; Haibo Chen,,,USENIX Symposium on Operating Systems Design and Implementation,https://www.semanticscholar.org/paper/fc66018aeb176ccd3eaca6cdbd65d121000e603f,5,98,semanticscholar,fc66018aeb176ccd3eaca6cdbd65d121000e603f,CS045,S102,included,included
unknown:semanticscholar:cs044:references:0:30,Replication Package for Awaiting for Godot: Stateless Model Checking that Avoids Executions where Nothing Happens,2022,,,,,"Aug. 2022, artifact for the FMCAD 2022 paper with the same title. [Online]. Available: https://doi.org/10.5281/zenodo.6979940",,,,semanticscholar,,CS044,S97,included,included
unknown:semanticscholar:cs044:references:0:32,"“Concurrency testing using controlled schedulers: An empirical study,”",2016,,,,,ACM Trans. Parallel Comput.,,,,semanticscholar,,CS044,S97,included,included
unknown:semanticscholar:cs044:references:0:34,"“Model checking without a model: An analysis of the heart-beat monitor of a telephone switch using VeriSoft,”",1998,,,,,"Proceedings of the ACM SIGSOFT International Symposium on Software Testing and Analysis , ser. ISSTA. New York, NY, USA:",,,,semanticscholar,,CS044,S97,included,included
unknown:semanticscholar:cs044:references:0:36,"Local State Preservation: each local state σ of a thread p which is reachable in P is also reachable in P ′ , provided no loop of p is unavoidably pure from σ",,,,,,,,,,semanticscholar,,CS044,S97,unknown-date,unknown-date
unknown:semanticscholar:cs044:references:0:37,"a) If p ∈ w R , then p ∈ I [ E ] ( w R ) from which we get p ∈ I [ E ] ( w ) therefore p ∈ WI [ E ] ( w )",,,,,,this contradicts Claim 1,,,,semanticscholar,,CS044,S97,unknown-date,unknown-date
unknown:semanticscholar:cs044:references:0:38,next [ E ′ q ],,,,,,,,,,semanticscholar,,CS044,S97,unknown-date,unknown-date
unknown:semanticscholar:cs044:references:0:39,i) the execution from l ′ will reach the loop header without taking an internal backedge,,,,,,,,,,semanticscholar,,CS044,S97,unknown-date,unknown-date
unknown:semanticscholar:cs044:references:0:40,"Awaiting for Godot : Stateless model checking that avoids executions where nothing happens , ” arXiv CoRR , Aug . 2022 , Extended Version with Proofs",,,,,,"Proceedings of the ACM SIGSOFT International Symposium on Software Testing and Analysis , ser . ISSTA",,,,semanticscholar,,CS044,S97,unknown-date,unknown-date
