record_id,title,year,authors,doi,url,versions,providers,query_ids,screening_stage,decision,exclusion_reason,full_text_checked,evidence_location,reviewer,review_date,notes
"S01","Making Weak Memory Models Fair","2021","Ori Lahav; Egor Namakonov; Jonas Oberhauser; Anton Podkopaev; Viktor Vafeiadis","10.1145/3485475","https://arxiv.org/pdf/2012.01067","OOPSLA 2021 author/arXiv version","local primary-source corpus; arXiv; OpenAlex one-hop","Q09; Q12; Q16; OA17; snowball-1","full-text","include-closest","","yes","§4.2–§4.3; Theorem 5.3; §6 Weak RMWs","Codex-assisted; human confirmation pending","2026-07-31","Included as the RC11 memory-fairness baseline: it formalizes prefix-finite mo/fr and explicitly leaves weak-RMW fairness as future work; it has no Treiber or weak-CAS progress theorem."
"S02","Fair Operational Semantics","2023","Dongjae Lee; Minki Cho; Jinwoo Kim; Soonwon Moon; Youngju Song; Chung-Kil Hur","10.1145/3591253","https://sf.snu.ac.kr/publications/fairness.pdf","PLDI 2023 author version; Zenodo artifact 7711063","local primary-source corpus; author PDF; OpenAlex one-hop; Zenodo artifact","Q06; Q15; Q17; OA18; snowball-1","full-text","include-closest","","yes","Paper §2 and §6.1; Theorem 6.2; artifact src/example/SCM.v at cas_weak_fun","Codex-assisted; human confirmation pending","2026-07-31","Included as the primitive-mechanism threat: the Coq artifact defines address-indexed fair cas_weak that excludes infinite same-address spurious failure; the definition is unused by a Treiber or RC11 theorem."
"S03","Overcoming Memory Weakness with Unified Fairness: Systematic Verification of Liveness in Weak Memory Models","2023","Parosh Aziz Abdulla; Mohamed Faouzi Atig; Adwait Godbole; Shankaranarayanan Krishna; Mihir Vahanwala","10.1007/978-3-031-37706-8_10","https://arxiv.org/pdf/2305.17605v1","CAV 2023 arXiv v1, pinned","local primary-source corpus; arXiv; OpenAlex one-hop","Q09; Q10; Q18; OA19; snowball-1","full-text","include-closest","","yes","arXiv v1 §2; Definition 1; Theorems 1–2","Codex-assisted; human confirmation pending","2026-07-31","Included as weak-memory fairness prior art: it unifies strong transition and memory fairness across several operational models; CAS is deterministic strong CAS, with no Treiber or mechanized target theorem."
"S04","Unified Fairness for Weak Memory Verification","2024","Parosh Aziz Abdulla; Mohamed Faouzi Atig; Adwait Godbole; Shankaranarayanan Krishna; Mihir Vahanwala","","https://arxiv.org/pdf/2305.17605","arXiv:2305.17605v2, revised 2024-09-09; extended version of S03","local primary-source corpus; arXiv","Q09; Q10; OA20; version-audit","full-text","include-version-audit","","yes","§1.4; Definitions 3, 5, and 7; Theorem 4.2; version comparison with v1","Codex-assisted; human confirmation pending","2026-07-31","Retained separately to expose substantive v1-to-v2 drift without double-counting the lineage. The extension covers speculation, racing reads, load buffering, ARMv8, and POWER; repairs the v1 treatment of RMO and PRAM/FIFO; and generalizes verification to stutter-insensitive omega-regular properties. Its RMW remains atomic and non-spurious, with no Treiber, weak-CAS justice, or mechanization."
"S05","Recurrence Sets for Proving Fair Non-termination under Axiomatic Memory Consistency Models","2026","Thomas Haas; Roland Meyer; Hernán Ponce de León; Andrés Lomelí Garduño","10.1145/3776687","https://hernanponcedeleon.github.io/pdfs/popl2026.pdf","POPL 2026 author version; paper artifact Zenodo 17770530 and public branch snapshot 44553917; cutoff-pinned Dat3M commit a7e3e484","local primary-source corpus; author PDF; OpenAlex one-hop; GitHub source and PR history","Q13; Q19; OA21; snowball-1; artifact-follow-up","full-text and source","include-closest","","yes","Paper §3.3 and Theorems 4.3–4.4; artifact snapshot 44553917 NonTerminationEncoder.java:684–689 and VisitorC11.java:208–229; current Dat3M a7e3e484 NonTerminationEncoder.java:681–686, VisitorC11.java:208–228, treiber.h:4–8, C11LFDSTest.java:59–68, RC11LFDSTest.java:46–55; PRs 772 and 976","Codex-assisted; human confirmation pending","2026-07-31","Closest conceptual and implementation threat: the paper names spurious weak CAS and LL/SC as platform fairness but omits it from the theory. Its artifact-era lasso encoder constrains spuriously failing exclusive stores, although the artifact C11 frontend hard-codes LLVM compare-exchange as strong; post-publication source composes the constraint with proper weak lowering. Its Treiber benchmark uses strong CAS and is expected UNKNOWN under C11/RC11, so no positive weak-CAS Treiber theorem or integrated separation was found."
"S06","Towards Proving Liveness on Weak Memory","2026","Lara Bargmann; Heike Wehrheim","10.1007/978-3-032-26204-2_6","https://arxiv.org/pdf/2602.19609","FM 2026 extended arXiv version","local primary-source corpus; arXiv; OpenAlex one-hop","Q10; Q20; OA22; snowball-1","full-text","include-closest","","yes","§3 fairness and response rule; §6 ticket-lock case study","Codex-assisted; human confirmation pending","2026-07-31","Included as the closest deductive weak-memory liveness calculus: it proves ticket-lock starvation freedom under RA/StrongCOH via FADD; it has no CAS, weak CAS, Treiber theorem, or mechanization."
"S07","Compass: Strong and Compositional Library Specifications in Relaxed Memory Separation Logic","2022","Hoang-Hai Dang; Jaehwang Jung; Jaemin Choi; Duc-Than Nguyen; William Mansky; Jeehoon Kang; Derek Dreyer","10.1145/3519939.3523451","https://plv.mpi-sws.org/compass/paper.pdf","PLDI 2022 author version; primary catalogue previously used the label The Compass: Verifying Concurrent Programs under Relaxed Memory","local primary-source corpus; author PDF; OpenAlex one-hop","Q04; Q14; OA23; snowball-1","full-text","include-closest","","yes","Introduction; Treiber case study; artifact CasFailS and CasSucS rules","Codex-assisted; human confirmation pending","2026-07-31","Included as mechanized RC11-family Treiber safety prior art. Its CAS is strong, failure requires unequal values, and the result is partial correctness without fairness or liveness."
"S08","A Proof Recipe for Linearizability in Relaxed Memory Separation Logic","2024","Sunho Park; Jaewoo Kim; Ike Mulder; Jaehwang Jung; Janggun Lee; Robbert Krebbers; Jeehoon Kang","10.1145/3656384","https://iris-project.org/pdfs/2024-pldi-proof-recipe.pdf","PLDI 2024 author version","local primary-source corpus; author PDF; OpenAlex one-hop","Q04; Q14; OA24; snowball-1","full-text","include-closest","","yes","Treiber case study; mechanization sections","Codex-assisted; human confirmation pending","2026-07-31","Included as machine-checked relaxed-memory Treiber linearizability prior art; it uses strong CAS and proves safety, with no weak-CAS fairness or progress result."
"S09","Verifying C11-Style Weak Memory Libraries via Refinement","2021","Sadegh Dalvandi; Brijesh Dongol","10.1145/3437801.3441619","https://arxiv.org/pdf/2108.06944","POPL 2021/arXiv version","local primary-source corpus; arXiv; DBLP; Crossref; citation neighborhood","Q04; Q14; D31; C13; snowball-1","full-text","include-closest","","yes","CAS semantics; Treiber refinement sections","Codex-assisted; human confirmation pending","2026-07-31","Included as Isabelle/HOL RC11-RAR Treiber safety/refinement prior art; CAS failure is mismatch-only and there is no fairness or lock-freedom theorem."
"S10","Proving That Non-Blocking Algorithms Don't Block","2009","Alexey Gotsman; Byron Cook; Matthew Parkinson; Viktor Vafeiadis","10.1145/1480881.1480886","https://people.mpi-sws.org/~viktor/papers/popl2009-nonblocking.pdf","POPL 2009 author version","local primary-source corpus; author PDF; citation neighborhood","Q01; Q02; Q03; snowball-1","full-text","include-closest","","yes","§2 Treiber example; lock-freedom reduction and automated proof sections","Codex-assisted; human confirmation pending","2026-07-31","Included as the classical system-wide Treiber lock-freedom baseline; its SC proof relies on failed strong CAS witnessing interfering success, so it does not cover spurious failure or RC11."
"S11","ISO/IEC 9899:201x Committee Draft N1570","2011","ISO/IEC JTC 1/SC 22/WG 14","","https://www.open-std.org/jtc1/sc22/wg14/www/docs/n1570.pdf","C11 committee draft N1570","local primary-source corpus; WG14","Q08; manual-standard","full-text","include-context","","yes","7.17.7.4 paragraphs 4–6","Codex-assisted; human confirmation pending","2026-07-31","Included as normative-language context: weak compare-and-exchange may fail spuriously even when expected and object are equal; the draft provides no primitive progress assumption or Treiber theorem."
"S12","ISO/IEC 9899:2023 Committee Draft N3096","2023","ISO/IEC JTC 1/SC 22/WG 14","","https://www.open-std.org/jtc1/sc22/wg14/www/docs/n3096.pdf","C23 committee draft N3096","local primary-source corpus; WG14","Q08; manual-standard","full-text","include-context","","yes","Atomic compare-exchange clause, paragraphs 5–7","Codex-assisted; human confirmation pending","2026-07-31","Included as the C23 comparison point: it retains permissive spurious weak compare-exchange semantics and gives no fairness or algorithm-level progress theorem."
"S13","ISO/IEC 9899 Committee Draft N3854","2026","ISO/IEC JTC 1/SC 22/WG 14","","https://www.open-std.org/jtc1/sc22/wg14/www/docs/n3854.pdf","C2Y working draft N3854","local primary-source corpus; WG14","Q08; manual-standard","full-text","include-context","","yes","Atomic compare-exchange clause, paragraphs 5–7","Codex-assisted; human confirmation pending","2026-07-31","Included as the submission-time C working-draft comparison: weak compare-and-exchange can fail spuriously; the text supplies neither primitive justice nor a Treiber progress theorem."
"S14","Lilo: A Higher-Order, Relational Concurrent Separation Logic for Liveness","2025","Dongjae Lee; Janggun Lee; Taeyoung Yoon; Minki Cho; Jeehoon Kang; Chung-Kil Hur","10.1145/3720525","https://iris-project.org/pdfs/2025-oopsla-lilo.pdf","OOPSLA 2025 author version; Zenodo artifact 14927742 v3","local primary-source corpus; author PDF; OpenAlex one-hop; Zenodo artifact","Q02; Q03; Q14; OA25; snowball-1","full-text","include-closest","","yes","Paper §7.2 pp. 23–24; artifact treiber/Code.v and SpecHOCAP.v; SCMem.v cas and cas_weak","Codex-assisted; human confirmation pending","2026-07-31","Included as the highest-severity integration threat: Lilo mechanizes finite-use conditional termination for strong-CAS Treiber under SC, while the same artifact separately contains unused fair cas_weak; it has no RC11 or integrated weak-CAS Treiber theorem."
"S15","Lawyer: Modular Obligations-Based Liveness Reasoning in Higher-Order Impredicative Concurrent Separation Logic","2026","Egor Namakonov; Justus Fasse; Bart Jacobs; Lars Birkedal; Amin Timany","10.1145/3798240","https://iris-project.org/pdfs/2026-oopsla-lawyer.pdf","OOPSLA 2026 author version; Zenodo artifact 18457698","local primary-source corpus; author PDF; Zenodo artifact","Q07; Q15; OA26; snowball-1","full-text","include-closest","","yes","§2.1 Figure 4; Definition 4; Lemmas 2.2–2.3; §4","Codex-assisted; human confirmation pending","2026-07-31","Included as mechanized fair-termination and strong-CAS retry-loop prior art. Its counter example assumes each failed CAS reflects interference; it has no Treiber, RC11, spurious-CAS, or system-wide lock-freedom theorem."
"S16","Modular Termination Verification with a Higher-Order Concurrent Separation Logic","2022","Justus Fasse; Bart Jacobs","","https://arxiv.org/pdf/2212.14126","arXiv:2212.14126v1 intermediate report; dated 2022 with report front matter January 2023","local primary-source corpus; arXiv","Q15; OA28; snowball-1","full-text","include-closest","","yes","§4 and stack figures; code and proof discussion","Codex-assisted; human confirmation pending","2026-07-31","Included as earlier mechanized/instrumented concurrent-stack termination evidence; it uses a strong-CAS effect in an SC HeapLang variant and an adapted helping stack, not weak CAS, RC11, or the target unbounded response property."
"S17","Modular Termination Verification for Non-blocking Concurrency","2016","Pedro da Rocha Pinto; Thomas Dinsdale-Young; Philippa Gardner; Julian Sutherland","10.1007/978-3-662-49498-1_8","https://vtss.doc.ic.ac.uk/publications/daRochaPinto2016Modular.techreport.pdf","ESOP 2016 extended author version; Total-TaDA","local primary-source corpus; author PDF; citation neighborhood","Q15; OA27; snowball-1","full-text","include-closest","","yes","§4 Treiber; §6 lock-/wait-freedom; Appendix B","Codex-assisted; human confirmation pending","2026-07-31","Included as direct strong-CAS Treiber total-correctness and termination prior art; its classical interleaving proof says CAS failure means the head changed and has no weak-memory or spurious-failure dimension."
"S18","Working Draft, Standard for Programming Language C++","2020","ISO/IEC JTC 1/SC 22/WG 21","","https://www.open-std.org/jtc1/sc22/wg21/docs/papers/2020/n4861.pdf","N4861 C++20 working draft","local primary-source corpus; WG21","Q08; manual-standard","full-text","include-context","","yes","[atomics.types.operations] paragraphs 26–27","Codex-assisted; human confirmation pending","2026-07-31","Included as language-level progress context: implementations should not consistently return false absent mismatch or concurrent modification; this is a recommendation, not a formal trace assumption or RC11 Treiber theorem."
"S19","A Program Logic for Concurrent Objects under Fair Scheduling","2016","Hongjin Liang; Xinyu Feng","10.1145/2837614.2837635","https://cs.nju.edu.cn/xyfeng/research/publications/POPL2016.pdf","POPL 2016 author version","local primary-source corpus; author PDF; citation neighborhood","Q07; Q10; snowball-1","full-text","include-closest","","yes","Theorems 2 and 4; §6 lock-/wait-freedom","Codex-assisted; human confirmation pending","2026-07-31","Included as earlier integrated linearizability-and-progress logic under fair scheduling; it is SC, uses strong CAS, is not mechanized, and has no RC11 weak-CAS Treiber theorem."
"S20","Compositional Verification of a Lock-Free Stack with RGITL","2013","Bogdan Tofan; Gerhard Schellhorn; Gidon Ernst; Jörg Pfähler; Wolfgang Reif","10.14279/tuj.eceasst.66.885","https://eceasst.org/index.php/eceasst/article/download/2091/2244/2255","AVoCS 2013; ECEASST volume 66 version","local primary-source corpus; DBLP; publisher PDF","D24; D32; Q03; Q14; Q15","full-text","include-closest","","yes","Abstract; §§1–2; §5.1 Theorem 1; §5.2 Theorem 2; §6; KIV project","Codex-assisted; human confirmation pending","2026-07-31","Included as high-severity classical prior art: the KIV application mechanizes memory safety, ABA prevention, linearizability, and lock-freedom for Treiber-derived data and free stacks with explicit reuse; paper Theorems 1–2 are generic decomposition results. The interleaving model has exact-match strong CAS, not RC11 or spurious weak CAS."
"S21","VSync: Push-Button Verification and Optimization for Synchronization Primitives on Weak Memory Models","2021","Jonas Oberhauser; Rafael Lourenco de Lima Chehab; Diogo Behrens; Ming Fu; Antonio Paolillo; Lilith Oberhauser; Koustubha Bhat; Yuzhong Wen; Haibo Chen; Jaeho Kim; Viktor Vafeiadis","10.1145/3445814.3446748","https://arxiv.org/pdf/2102.06590","ASPLOS 2021 technical report","local primary-source corpus; arXiv; OpenAlex one-hop","Q09; Q10; Q14; snowball-1","full-text","include-adjacent","","yes","§1.1 Definition 1; §1.2 Definition 2 and fragment conditions; §2.3 Theorem 1 and consistency caveat; §3.1 ARM/Rmem case study","Codex-assisted; human confirmation pending","2026-07-31","Included as weak-memory await-termination model-checking prior art for Bounded-Length/Bounded-Effect programs under fair scheduling and an await/read-progress condition. VSync instantiates IMM and separately analyzes ARMv8, but has no Treiber or separate justice for spurious weak CAS; the generic proof explicitly omits memory-model consistency."
"S22","Trillium: Higher-Order Concurrent and Distributed Separation Logic for Intensional Refinement","2024","Amin Timany; Simon Oddershede Gregersen; Léo Stefanesco; Jonas Kastberg Hinrichsen; Léon Gondelman; Abel Nieto; Lars Birkedal","10.1145/3632851","https://iris-project.org/pdfs/2024-popl-trillium.pdf","POPL 2024 author version","local primary-source corpus; author PDF; OpenAlex one-hop","Q10; Q14; Q15; snowball-1","full-text","include-adjacent","","yes","Theorem 3.2; §4 methodology; Theorem 4.1; §4.2 examples; Lemma 4.3","Codex-assisted; human confirmation pending","2026-07-31","Included as a Coq-mechanized generic fair-scheduling liveness framework. Trillium/Fairis transports fair termination and always-eventually properties through refinement in an ordinary interleaving HeapLang instance; there is no RC11, Treiber, or spurious weak-CAS theorem."
"S23","Verifying Wait-Freedom for Concurrent Higher-Order Programs","2026","Egor Namakonov; Lars Birkedal; Amin Timany","10.4230/lipics.ecoop.2026.20","https://drops.dagstuhl.de/storage/00lipics/lipics-vol372-ecoop2026/LIPIcs.ECOOP.2026.20/LIPIcs.ECOOP.2026.20.pdf","ECOOP 2026 publisher version; related artifact at Zenodo 19607892","local primary-source corpus; DROPS; citation neighborhood","Q07; Q15; snowball-1","full-text","include-adjacent","","yes","Definitions 1–4 and Theorem 5; Definition 6; Definitions 7–8 and Theorem 9; Theorems 12–13; §§7.1–7.2","Codex-assisted; human confirmation pending","2026-07-31","Included as Rocq-mechanized wait-freedom adequacy for initialized higher-order clients under explicit syntax restrictions and continued scheduling of the caller. FAA gets ordinary wait-freedom, list_map a possibly-stuck variant, and the queue a restricted two-thread variant; there is no Treiber, weak memory, or spurious weak CAS."
"S24","Nola: Later-Free Ghost State for Verifying Termination in Iris","2025","Yusuke Matsushita; Takeshi Tsukada","10.1145/3729250","https://shiatsumat.github.io/papers/pldi2025-nola.pdf","PLDI 2025 author version","local primary-source corpus; author PDF; OpenAlex one-hop","Q10; Q15; snowball-1","full-text","include-adjacent","","yes","Abstract; §1.2 limitation; Theorem 2.1; §2.3 concurrent examples; §7 RustHalt scope; §8 mechanization","Codex-assisted; human confirmation pending","2026-07-31","Included as a Rocq-mechanized termination framework with independent-thread concurrent examples and a prototype RustHalt foundation covering selected rules. It explicitly does not support richer fair liveness and has no weak-memory, Treiber, or spurious-CAS result."
"S25","Shape Abstraction of Thread Interferences","2026","Valentin Barbazo; Xavier Rival","10.5281/zenodo.21258346","https://zenodo.org/records/21258346","SAS 2026 artifact README; paper forthcoming at the audit cutoff","Zenodo formal-artifact search","Z03","artifact full-text","include-adjacent","","yes","Artifact README §§1, 4, and 7; Table 1","Codex-assisted; human confirmation pending","2026-07-31","Included because the sound MemCAD abstract interpreter is evaluated on Treiber-stack clients. The checked properties are data-race freedom and preservation of a linked-list shape invariant; the artifact supplies neither a liveness theorem nor weak-CAS, RC11, or separated-fairness semantics."
"S26","Memento: A Framework for Detectable Recoverability in Persistent Memory","2023","Kyeongmin Cho; Seungmin Jeon; Azalea Raad; Jeehoon Kang","10.1145/3591232","https://www.soundandcomplete.org/papers/PLDI2023/memento.pdf","PLDI 2023 author version; artifact DOI 10.5281/zenodo.7811928","Zenodo formal-artifact search; author PDF; DBLP; Crossref","Z01; Z02; D30; C12","full-text","include-adjacent","","yes","Abstract; §§1, 3, 5; Theorem 3.1; Treiber evaluation in §6","Codex-assisted; human confirmation pending","2026-07-31","Included because Memento formally proves detectable recoverability for well-typed persistent programs and implements a detectable persistent Treiber stack. Its CAS is an exact-match detectable persistent primitive, and the stack case study is evaluated rather than supplied with an RC11 weak-CAS liveness or separated-fairness theorem."
"A24","TaDA Live: Compositional Reasoning for Termination of Fine-grained Concurrent Programs","2021","Emanuele D’Osualdo; Julian Sutherland; Azadeh Farzan; Philippa Gardner","10.1145/3477082","https://www.cs.toronto.edu/~azadeh/resources/papers/tada-live.pdf","ACM TOPLAS 43(4), 2021 extended author version","citation neighborhood; author PDF; DOI metadata","Q10; Q15; snowball-1","full-text","include-adjacent","","yes","Abstract; §3.2 fair trace semantics; §4 proof rules; §5 case studies","Codex-assisted; human confirmation pending","2026-07-31","Included as compositional termination reasoning for blocking fine-grained programs under fair traces. Its SC cases concern locks, counters, and sets, not weak memory, Treiber progress, or spurious CAS."
"A25","Fairness and Liveness under Weak Consistency","2024","Parosh Aziz Abdulla; Mohamed Faouzi Atig; Adwait Godbole; Shankaranarayanan Krishna; Mihir Vahanwala","10.1007/978-3-031-56222-8_1","https://people.mpi-sws.org/~mvahanwa/publications/WeakConsistency.pdf","2024 tutorial chapter based on S03 and S04","OpenAlex one-hop; author PDF; Springer DOI metadata","Q09; Q10; snowball-1","full-text","exclude-secondary","Tutorial presentation explicitly based on the retained primary works S03 and S04; it adds no independent theorem matching the target conjunction.","yes","Abstract; §§2–6; statement that the presentation is tutorial-like and based on previous works","Codex-assisted; human confirmation pending","2026-07-31","Recorded rather than silently discarded; use S03 and S04 for theorem and version claims."
"A26","Decidability of Liveness for Concurrent Objects on the TSO Memory Model","2022","Chao Wang; Gustavo Petri; Yi Lv; Teng Long; Zhiming Liu","10.1007/978-3-031-21213-0_10","https://arxiv.org/pdf/2107.09930","SETTA 2022 chapter; arXiv preprint; superseded by the substantive FAC 2026 expansion screened as S45","citation neighborhood; arXiv; Springer DOI metadata","Q10; snowball-1; version-follow-up","full-text","include-adjacent","","yes","§3 liveness; §4 undecidability; §5 obstruction-freedom","Codex-assisted; human confirmation pending","2026-07-31","Included as the preliminary weak-memory liveness-decidability result: lock-, wait-, deadlock-, and starvation-freedom are undecidable under TSO while obstruction-freedom is decidable. S45 records the final version's additional bounded-wait-freedom and complexity results. Neither version supplies an RC11 weak-CAS Treiber theorem."
"A27","Quantitative Reasoning for Proving Lock-Freedom","2013","Jan Hoffmann; Michael Marmar; Zhong Shao","10.1109/lics.2013.18","https://www.cs.cmu.edu/~janh/assets/pdf/HoffmannMZ13.pdf","LICS 2013 conference paper","citation neighborhood; author PDF; IEEE DOI metadata","Q03; Q15; snowball-1","full-text","include-closest","","yes","§III Treiber argument; §VI Treiber verification; conclusion","Codex-assisted; human confirmation pending","2026-07-31","Included as a direct classical Treiber lock-freedom proof combining safety and quantitative total-correctness reasoning. It uses SC and strong CAS where failure is compensated by interference, not spurious weak CAS."
"A28","Proving Lock-Freedom Easily and Automatically","2015","Xiao Jia; Wei Li; Viktor Vafeiadis","10.1145/2676724.2693179","https://people.mpi-sws.org/~viktor/papers/cpp2015-lockfree.pdf","CPP 2015 author version","citation neighborhood; author PDF; ACM DOI metadata","Q03; Q14; Q15; snowball-1","full-text","include-closest","","yes","§1.1; §3 method; §4.3 CAVE implementation and evaluation","Codex-assisted; human confirmation pending","2026-07-31","Included as automated and Coq-soundness-backed classical lock-freedom prior art whose evaluated benchmarks include Treiber. It assumes SC/strong-CAS interference and has no RC11 or spurious weak-CAS dimension."
"S28","Formal Verification of a Lock-Free Stack with Hazard Pointers","2011","Bogdan Tofan; Gerhard Schellhorn; Wolfgang Reif","10.1007/978-3-642-23283-1_16","https://d-nb.info/1383093202/34","ICTAC 2011 institutional postprint; canonical OPUS record 55403; live KIV project","DBLP; Crossref; institutional postprint; KIV project; citation snowball","D24; D33; C15; snowball-2","full-text and mechanization portal","include-closest","","yes","Abstract; §3.1 CAS; §4.1 interleavings; §5 Theorems 2–3; §6.2 preservation arguments; KIV GStack-GC Lockfree-Inst","Codex-assisted; human confirmation pending","2026-07-31","Included as a KIV-mechanized Treiber stack with hazard-pointer reclamation, ABA prevention, linearizability, and system lock-freedom. Its interleaving semantics uses exact-match strong CAS; individual processes may be delayed indefinitely, but no weak-memory, spurious-CAS, or separated primitive-fairness dimension is present."
"S29","Will It Fit? Verifying Heap Space Bounds of Concurrent Programs under Garbage Collection","2025","Alexandre Moine; Arthur Charguéraud; François Pottier","10.1145/3716312","https://iris-project.org/pdfs/2025-toplas-willitfit.pdf","TOPLAS 2025 author version and Coq/IrisFit development","author PDF; DOI metadata; DBLP; Crossref; thesis/author-page follow-up","Q12; D37; C19; OA37; S237; snowball-2","full-text","include-closest","","yes","Abstract and §1; §3; Fig. 6 HeadCAS rules; Theorems 8.2–8.3; §11.5 and Fig. 41","Codex-assisted; human confirmation pending","2026-07-31","Included as a machine-checked boundary case that places a strong-CAS Treiber functional and heap-space proof in the same development as bounded-time allocation-enablement liveness. The liveness theorem concerns garbage-collection polling and allocations, not push/pop response or lock-freedom; LambdaFit is SC-style and CAS failure requires inequality."
"S30","Marrying Miri and GenMC: Improving Miri's Ability to Detect Concurrency Bugs","2025","Patrick Muntwiler","","https://ethz.ch/content/dam/ethz/special-interest/infk/inst-pls/plf-dam/documents/StudentProjects/MasterTheses/2025-Patrick-Thesis.pdf","ETH Zürich MSc thesis, submitted 2025-09-10; cutoff-pinned GenMC v0.17.0 source follow-up","ETH thesis; author-page follow-up; GenMC source; negative DBLP/Crossref exact-title seeds","D38; C20; OA38; S238; thesis-snowball; source-follow-up","full-text and source","include-closest","","yes","§4.1.2 pp. 28–29; §5.2.2 pp. 50–51; §5.3.2 pp. 55–62; Appendix pp. 87–89; GenMC 29b03a66 Execution.cpp and Treiber tests","Codex-assisted; human confirmation pending","2026-07-31","Included as direct RC11 tool-boundary evidence. The thesis's Treiber benchmark uses strong Rust compare_exchange, removes reclamation, and evaluates bounded safety/performance; GenMC explicitly omits weak-CAS spurious failure and can miss the demonstrated bug. The cutoff-pinned GenMC source retains both limitations and strong-CAS Treiber tests, with no liveness theorem."
"S31","Mirror is Not Strong: Discovery of a Persistent Memory Bug using Refinement in KIV","2025","Gerhard Schellhorn; Stefan Bodenmüller; Brijesh Dongol; Heike Wehrheim","10.1007/978-3-031-92196-4_16","https://openresearch.surrey.ac.uk/view/pdfCoverPage?instCode=44SUR_INST&filePid=13220942020002346&download=true","2025 accepted manuscript; live KIV supplementary development","institutional accepted manuscript; DOI metadata; DBLP; Crossref; author-page and KIV follow-up","D36; C18; OA36; S236; snowball-2; artifact-follow-up","full-text and source description","include-closest","","yes","Abstract; §2.1; §3.2 Theorem 1 and Corollary 1; §5.3; §5.4; conclusion; KIV MIRROR project","Codex-assisted; human confirmation pending","2026-07-31","Included because KIV exposed that Mirror implements durable compare_exchange_weak rather than strong CAS and mechanizes the 73-obligation lower refinement. The upper IMirror-to-PLib refinement remains explicitly work in progress, so the end-to-end durability conclusion is conditional. The PSC model has no Treiber client, RC11 fairness, primitive justice, or liveness theorem."
"S32","Zoo: A Framework for the Verification of Concurrent OCaml 5 Programs using Separation Logic","2026","Clément Allain; Gabriel Scherer","10.1145/3776701","https://clef-men.github.io/publications/allain-scherer-26-zoo.pdf","POPL 2026 author version; public Rocq/Iris development","author PDF; DOI metadata; DBLP; Crossref; author page; proof-archive sweep","D39; C21; OA39; S239; snowball-2; artifact-follow-up","full-text","include-adjacent","","yes","§1 current limitation and contributions; §2 Treiber example; §10.1 verified structures; §14 relaxed-memory future work","Codex-assisted; human confirmation pending","2026-07-31","Included as current Rocq/Iris mechanized safety prior art for three OCaml Treiber variants. ZooLang is explicitly sequentially consistent, its CAS is physical-equality compare-and-set rather than compare-equal spurious weak CAS, and the specifications establish functional correctness rather than progress; relaxed memory remains future work."
"S33","Relinche: Automatically Checking Linearizability under Relaxed Memory Consistency","2025","Pavel Golovin; Michalis Kokologiannakis; Viktor Vafeiadis","10.1145/3704906","https://people.mpi-sws.org/~viktor/papers/popl2025-relinche.pdf","POPL 2025 author version and Zenodo artifact 13992580","author PDF; pilot OpenAlex/Crossref; current DBLP/Crossref; GenMC/Zenodo artifact","Q03; Q13; C07; D40; C22; OA40; S240; snowball-2; artifact-follow-up","full-text and artifact description","include-closest","","yes","Abstract; §2–§4; Theorem 4.3; §6 and Figures 4–5; artifact RC11 configuration","Codex-assisted; human confirmation pending","2026-07-31","Included as the closest automated RC11 Treiber safety neighbor. Relinche soundly checks contextual refinement for every client respecting a fixed method-invocation bound and evaluates Treiber variants with GenMC under RC11. It checks finite executions and provides no infinite progress theorem, scheduler or prefix-finite memory fairness, weak-CAS justice, or all-spurious separation."
"S34","Modular Verification of Safe Memory Reclamation in Concurrent Separation Logic","2023","Jaehwang Jung; Janggun Lee; Jaemin Choi; Jaewoo Kim; Sunho Park; Jeehoon Kang","10.1145/3622827","https://iris-project.org/pdfs/2023-oopsla-reclamation.pdf","OOPSLA 2023 author version and Coq/Iris supplementary development","author PDF; pilot OpenAlex; DBLP; Crossref; Iris/KAIST artifact","Q02; C11; D41; C23; OA41; S241; snowball-2; artifact-follow-up","full-text","include-adjacent","","yes","Abstract; §2.3; §§3 and 7; Table 1; §9 limitations","Codex-assisted; human confirmation pending","2026-07-31","Included as Coq/Iris logically atomic Treiber verification with garbage collection, hazard pointers, and RCU. The work assumes sequential consistency, uses ordinary exact-match CAS, and proves reclamation safety and functional specifications rather than stack termination or lock-freedom; it has no weak-memory or primitive-fairness dimension."
"S35","A Separation Logic for Parallel Time Complexity with Work and Span Credits","2026","Alexandre Moine; Sam Westrick; Joseph Tassarotti","10.1145/3828679","https://arxiv.org/pdf/2607.11582","arXiv v1 dated 2026-07-13; forthcoming ICFP 2026; public Rocq/Iris artifact","arXiv; negative cutoff-bounded DBLP/Crossref exact-title seeds; GitHub/Rocq artifact","A02; D42; C24; OA42; S242; snowball-2; artifact-follow-up","full-text and source description","include-closest","","yes","Abstract; Fig. 6 CAS semantics; Theorem 4.1; §6.5 and Fig. 21; §7 explicit lock-freedom qualification","Codex-assisted; human confirmation pending","2026-07-31","Included as a current mechanized Treiber result with linearizability and work/span credit bounds for a fixed participant count and a finite operation budget. CAS failure requires inequality, ParLang is SC-style, and the authors explicitly state that the performance specification is close to but not a formal proof of lock-freedom. It supplies no unbounded demand or separated fairness theorem."
"S36","Progress-Based Verification and Derivation of Concurrent Programs","2009","Brijesh Dongol","","https://brijeshdongol.github.io/thesis.pdf","University of Queensland PhD thesis, March 2009","primary-author thesis; author page; citation snowball","snowball-2; author-follow-up","full-text","include-context","","yes","Front matter contribution statements; Definition 3.37 and equation 3.38; §5.4.1","Codex-assisted; human confirmation pending","2026-07-31","Included as primary-author corroboration for the 2007/2009 well-founded-order lineage and its global existential progress quantifier. The thesis says the 2009 method supersedes the 2007 ideas but explicitly notes that the 2009 paper's proofs do not appear in the thesis; it does not erase the separate 2007 published Treiber result."
"A29","Verifying Lock-Freedom Using Well-Founded Orders","2007","Robert Colvin; Brijesh Dongol","10.1007/978-3-540-75292-9_9","https://espace.library.uq.edu.au/view/UQ:136195","ICTAC 2007 publisher record; UQ attachment is access-controlled; primary-author thesis corroboration","OpenAlex seed pending; Semantic Scholar seed pending; DBLP; Crossref; UQ metadata; primary-author thesis","OA35; S235; D35; C17; snowball-2","publisher preview, metadata, and corroborating primary source","include-closest","","no","Publisher abstract; paper §§2.3–2.4, 3, and 4 as reported in the primary-source extraction; Dongol thesis Definition 3.37/equation 3.38 and front matter","Codex-assisted; human confirmation pending","2026-07-31","Included as a direct PVS-checked Treiber lock-freedom result under atomic interleaving and strong-CAS semantics. Its conclusion is global/existential—eventually some process completes from every snapshot—with no per-process fairness, RC11, spurious CAS, or separated fairness dimensions. Full paper access remains restricted, so theorem-level details require human confirmation against the publisher copy."
"A30","A General Technique for Proving Lock-Freedom","2009","Robert Colvin; Brijesh Dongol","10.1016/j.scico.2008.09.013","https://www.sciencedirect.com/science/article/pii/S016764230800124X","Science of Computer Programming 74(3); author-hosted PVS bundle","OpenAlex seed pending; Semantic Scholar seed pending; DBLP; Crossref; ScienceDirect; UQ metadata; author artifact; primary-author thesis","OA34; S234; D34; C16; snowball-2; artifact-follow-up","publisher abstract, metadata, thesis, and source bundle","include-closest","","no","Official abstract; primary-author thesis front matter and Definition 3.37/equation 3.38; PVS bundle msq/cgq proof families and treiber.pvs:401–412","Codex-assisted; human confirmation pending","2026-07-31","Included as the superseding generic well-founded-order method with PVS-checked Michael-Scott and bounded-array queue cases. It is not a second published Treiber case: the bundle's legacy treiber.pvs has no treiber.prf and marks two well-foundedness obligations “Will not prove.” The method remains SC/strong-CAS and has no weak-memory or primitive-justice dimension."
"S27","Spirea: A Mechanized Concurrent Separation Logic for Weak Persistent Memory","2023","Simon Friis Vindum; Lars Birkedal","10.1145/3622820","https://cs.au.dk/~birke/papers/spirea-2023.pdf","OOPSLA 2023 author version; artifact DOI 10.5281/zenodo.8314888; unreviewed high-nextgen-logic branch commit 925a8d7a","version-1 pilot Crossref; independent proof-archive sweep; author PDF; Zenodo artifact; DBLP; Crossref; GitHub branch follow-up","Q12; D29; C11; artifact-snowball; Z10-negative; branch-follow-up","full-text and source","include-closest","","yes","Paper Abstract, §1.2, §2, Theorem 5.2, and §6.3.2; published artifact src/lang/lang.v:248–260 and src/examples/durable_treiber_stack.v; branch 925a8d7a durable_treiber_stack.v:64–235 and 671–1028, lang.v:248–260, config/source-list:104","Codex-assisted; human confirmation pending","2026-07-31","Included as Coq-mechanized weak-persistent-memory Treiber safety prior art. CAS failure requires inequality; §6.3.2 says the published specification does not imply linearizability or LIFO. The unprotected 2026 branch substantially strengthens the safety specification but retains strong CAS and partial-correctness loop proofs; no liveness, progress-fairness, or spurious-CAS theorem was located."
"S37","Verifying Lock-Free Traversals in Relaxed Memory Separation Logic","2025","Sunho Park; Jaehwang Jung; Janggun Lee; Jeehoon Kang","10.1145/3729248","https://iris-project.org/pdfs/2025-pldi-weak-reachability.pdf","PLDI 2025 author version and Zenodo artifact 15004020","author PDF; DOI metadata; exact-title OpenAlex/Semantic Scholar seeds pending; DBLP; Crossref; Zenodo/Rocq artifact","D43; C25; OA43; S243; snowball-2; artifact-follow-up","full-text and artifact description","include-adjacent","","yes","Abstract and contributions, PDF pp. 1 and 5–6; Algorithm 1 and §§2.1–2.3, pp. 6–8; §3, pp. 8–11; §6, pp. 18–20; §7, pp. 20–23","Codex-assisted; human confirmation pending","2026-07-31","Included as current Rocq/Iris safety prior art under iRC11 for lock-free lists, skiplists, and a skiplist-based priority queue. Its per-key linearizable history specifications and traversal reasoning are mechanized, but it contains no Treiber or liveness theorem. The language rules make CAS failure require inequality and success require equality, so there is no genuine weak-CAS spurious branch or primitive-fairness dimension."
"S38","Mechanizing a Correctness Proof for a Lock-Free Concurrent Stack","2008","John Derrick; Gerhard Schellhorn; Heike Wehrheim","10.1007/978-3-540-68863-1_6","https://dl.ifip.org/db/conf/fmoods/fmoods2008/DerrickSW08.pdf","FMOODS 2008 IFIP open-access version and live KIV development","IFIP primary PDF; DOI metadata; exact-title OpenAlex/Semantic Scholar seeds pending; DBLP; Crossref; KIV project","D44; C26; OA44; S244; snowball-2; artifact-follow-up","full-text and source description","include-closest","","yes","Introduction, PDF pp. 1–3; §2, pp. 3–7; §4, pp. 10–12; §§5–6, pp. 12–16; conclusion, p. 17","Codex-assisted; human confirmation pending","2026-07-31","Included as an early KIV-mechanized linearizability proof for a simplified core Treiber stack with arbitrarily many processes. Its global forward-simulation argument is safety only; the implementation uses exact-match strong CAS in an SC-style interleaving model, abstracts allocation and ABA away, and proves no lock-freedom, fairness, weak-memory, or spurious-failure result."
"S39","Modular Verification of a Non-Blocking Stack","2007","Matthew J. Parkinson; Richard Bornat; Peter W. O'Hearn","10.1145/1190216.1190261","https://flint.cs.yale.edu/cs428/doc/non-blocking-stack.pdf","POPL 2007 author-hosted copy","author-hosted primary PDF; DOI metadata; exact-title OpenAlex/Semantic Scholar seeds pending; DBLP; Crossref; citation snowball","D45; C27; OA45; S245; snowball-2","full-text","include-adjacent","","yes","Introduction and CAS assumptions, p. 1; specifications, §3 p. 2; hazard-pointer stack, §3.3 pp. 3–4; proof, §4 pp. 4–6; limitations, §5 p. 6","Codex-assisted; human confirmation pending","2026-07-31","Included as an early modular concurrent-separation-logic safety proof for Michael's hazard-pointer stack and freelist with a fixed population of threads. The paper explicitly limits its result to preservation of the stack invariant and absence of memory leaks, disclaims absence of livelock, and leaves liveness rules to future work. It neither requires linearizability nor mechanizes the proof, and assumes serialized single-word accesses and exact-match strong CAS."
"S40","Rely-Guarantee Bound Analysis of Parameterized Concurrent Shared-Memory Programs","2021","Thomas Pani; Georg Weissenbacher; Florian Zuleger","10.1007/s10703-021-00370-8","https://d-nb.info/1234298783/34","Formal Methods in System Design 57(2) open-access version and Coachman implementation","German National Library primary PDF; Springer open-access metadata; exact-title OpenAlex/Semantic Scholar seeds pending; DBLP; Crossref; Coachman repository","D46; C28; OA46; S246; snowball-2; artifact-follow-up","full-text and source description","include-closest","","yes","§§2.1–2.2, journal pp. 273–275 / PDF pp. 4–6; Definition 4, pp. 277–278 / PDF pp. 8–9; Theorems 1–3, pp. 282–285 / PDF pp. 13–16; Treiber derivation, pp. 285–287 / PDF pp. 16–18; §4, pp. 287–292; Table 1 and §5, pp. 292–295; future work, pp. 296–297","Codex-assisted; human confirmation pending","2026-07-31","Included as automated bounded-progress prior art for a parameterized family of finite Treiber clients. Coachman soundly bounds control-flow edges on all runs and infers an asymptotically tight O(N) thread-specific bound for a batch in which each of N threads nondeterministically performs one push or pop. The model assumes atomic interleaving, garbage collection, and exact-match strong CAS; it has no recurring demand, RC11 visibility fairness, scheduler/primitive fairness decomposition, all-spurious execution, linearizability composition, or proof-assistant certificate."
"S41","Formal Verification of Lock-Free Algorithms","2009","Gerhard Schellhorn; Simon Bäumler","10.1109/ACSD.2009.10","https://scholar.archive.org/work/4pfn4w4inrcefh6ttsan4qe2sm/access/wayback/http://es.cs.uni-kl.de/publications/data/ScBa09.pdf","ACSD 2009 archived author version","archived author PDF; DOI metadata; exact-title OpenAlex/Semantic Scholar seeds pending; DBLP; Crossref; KIV lineage follow-up","D47; C29; OA47; S247; snowball-2; version-follow-up","full-text","include-version-audit","","yes","§2 and Figures 1–4, PDF pp. 1–2; §3, pp. 2–3; §4, p. 3; conclusion, pp. 4–5","Codex-assisted; human confirmation pending","2026-07-31","Included to disambiguate the 2008–2009 KIV lineage. This overview reuses the simplified core Treiber stack to explain strong CAS, linearizability, and lock-freedom, and reports the previously mechanized stack linearizability result; its statement that a failed stack CAS witnesses another successful operation is an informal argument, not a separately mechanized stack lock-freedom theorem. The concrete mechanized liveness case mentioned in §4 is a Michael-Scott queue."
"S42","Progress Guarantee for Parallel Programs via Bounded Lock-Freedom","2009","Erez Petrank; Madanlal Musuvathi; Bjarne Steensgaard","10.1145/1542476.1542493","https://csaws.cs.technion.ac.il/~erez/Papers/bounded-lf-pldi.pdf","PLDI 2009 author version; SIGPLAN Notices duplicate DOI 10.1145/1543135.1542493","author PDF; DOI metadata; exact-title OpenAlex/Semantic Scholar seeds pending; DBLP; Crossref; citation snowball","D48; C30; OA48; S248; snowball-2","full-text","include-closest","","yes","§2 pp. 145–146; Definitions 3.1–3.2 p. 146; Definition 3.11 p. 147; §4 and Table 1 p. 148; §5.2 and footnote 5 p. 149; Definitions 6.3–6.4 p. 150; Theorem 7.1 and proof pp. 151–152","Codex-assisted; human confirmation pending","2026-07-31","Included as direct bounded-progress prior art. The paper formalizes system-wide lock-freedom as GF ∃t prog(t), defines bounded lock-freedom, and CHESS-checks n=2–6 one-shot push/pop harnesses for the Herlihy–Shavit LockFreeStack, a standard Treiber-style strong-CAS stack. It explicitly says the execution model is SC and non-SC platforms are outside scope. Its separate weak-LL/SC discussion observes that unbounded spurious failures can destroy lock-freedom even when program threads receive enough CPU steps. The generic manual Theorem 7.1 composes program and service progress; there is no symbolic all-n stack proof, primitive-justice premise, integrated weak-CAS stack execution, RC11 theorem, linearizability proof, or proof-assistant certificate."
"S43","Effective Memory Reclamation for Lock-Free Data Structures in C++","2018","Manuel Pöter","10.34726/hss.2018.51367","https://repositum.tuwien.at/retrieve/8679","TU Wien diploma thesis (Diplomarbeit), 2018-01-22","TU Wien primary PDF and metadata; exact-title OpenAlex/Semantic Scholar seeds pending; negative DBLP/Crossref exact-title search; citation snowball","D49; C31; OA49; S249; snowball-2","full-text","include-adjacent","","yes","Weak-CAS semantics: thesis-numbered p. 32 / PDF p. 48; Stamp-it overview: thesis-numbered pp. 21–22 / PDF pp. 37–38; §4.4.6.8: thesis-numbered pp. 107–109 / PDF pp. 123–125; footnote 12: thesis-numbered p. 107 / PDF p. 123","Codex-assisted; human confirmation pending","2026-07-31","Included as implementation-level evidence that weak-CAS spurious failure and lock-freedom were discussed together before the candidate. The diploma thesis defines compare_exchange_weak spurious failure and informally argues that such failures do not spoil the non-Treiber Stamp-it thread-order queue's lock-freedom. It supplies no fairness assumption explaining that step, no RC11 infinite-execution theorem, no Treiber case, and no mechanized proof."
"S44","On the Use of Model Checking for the Bounded and Unbounded Verification of Nonblocking Concurrent Data Structures","2013","David Friggens","10.26686/wgtn.17004076","https://openaccess.wgtn.ac.nz/articles/thesis/On_the_Use_of_Model_Checking_for_the_Bounded_and_Unbounded_Verification_of_Nonblocking_Concurrent_Data_Structures/17004076","Victoria University of Wellington doctoral thesis","institutional thesis PDF and metadata; DBLP; Crossref; exact-title OpenAlex/Semantic Scholar seeds pending","D50; C32; OA50; S250; CG0744; citation-queue-direct-triage","full-text","include-closest","","yes","§2.6.1; §5.3, especially WF-1/WF-2 and LF-1–LF-3; §6.2–§6.4 and Table 6.8; TVLA/3VMC chapters and limitations","Codex-assisted; human confirmation pending","2026-07-31","Included as direct Treiber progress evidence. Spin finds the two-thread non-wait-free execution and verifies bounded Treiber lock-freedom instances, including weak-fairness-aware formulations, up to a reported seven-thread small-data configuration. The thesis explicitly does not lift those progress checks to an unbounded theorem; its TVLA/3VMC work establishes unbounded safety/linearizability only. The model is SC with mismatch-only strong CAS and has no weak memory, spurious failure, primitive justice, or proof-assistant certificate."
"S45","Decidability of Liveness on the TSO Memory Model","2026","Chao Wang; Gustavo Petri; Yi Lv; Teng Long; Xinhang Song; Zhiming Liu","10.1145/3766061","https://doi.org/10.1145/3766061","Formal Aspects of Computing 38(1), pp. 1–48; accessible 2021 preprint and SETTA 2022 preliminary version","ACM/Crossref final metadata and abstract; arXiv full text for the core model; DBLP; exact-title OpenAlex/Semantic Scholar seeds pending","D51; C33; OA51; S251; CG0691; citation-queue-direct-triage; version-follow-up","full-text plus final abstract","include-closest","","yes","Final abstract; preprint §§2–5, especially the CAS rules and liveness definitions; final full text still requires access confirmation","Codex-assisted; human confirmation pending","2026-07-31","Included as the substantive final TSO liveness result. Beyond the preliminary undecidability/obstruction-freedom theorems, the final abstract reports decidability of fixed-k bounded wait-freedom, non-primitive-recursive complexity for it and obstruction-freedom, and a TSO object that is wait-free but not k-bounded wait-free for any k. The generic finite-state library model uses strong atomic CAS and bounded processes with unbounded store buffers; it has no Treiber, RC11, spurious weak CAS, primitive justice, or mechanization. Final theorem text remains a human-access item."
"A31","Practical Progress Verification of Descriptor-Based Non-Blocking Data Structures","2019","Christina L. Peterson; Victor Cook; Damian Dechev","10.1109/MASCOTS.2019.00019","https://doi.org/10.1109/MASCOTS.2019.00019","MASCOTS 2019 paper; expanded dissertation screened as S46","IEEE/Crossref/DBLP metadata; expanded institutional dissertation full text; exact-title OpenAlex/Semantic Scholar seeds pending","D52; C34; OA52; S252; CG0343; citation-queue-direct-triage","full-text through expanded source","include-adjacent","","yes","Paper abstract and metadata; dissertation Chapters 3–4, especially Theorems 3.0.1 and 3.0.2","Codex-assisted; human confirmation pending","2026-07-31","Included as a mechanized descriptor-helping progress method. Coq/VST and local rely-guarantee reasoning establish lock- or wait-freedom from loop invariants and helping assumptions for a transactional list and a wait-free queue. There is no Treiber case; the semantics is SC-style strong CAS, and the active-thread helping premise is not a separated scheduler/memory/primitive fairness model."
"S46","Correctness and Progress Verification of Non-Blocking Programs","2019","Christina Peterson","","https://stars.library.ucf.edu/etd/6557/","University of Central Florida doctoral dissertation; expanded source for A31","institutional full text and metadata; exact-title DBLP/Crossref/OpenAlex/Semantic Scholar seeds pending","D53; C35; OA53; S253; CG0826; citation-queue-direct-triage; version-follow-up","full-text","include-version-audit","","yes","Chapters 3–4, especially descriptor protocols, loop invariants, Theorems 3.0.1 and 3.0.2, and Coq/VST implementation discussion","Codex-assisted; human confirmation pending","2026-07-31","Retained as the expanded primary source for A31 rather than as independent prior art. It gives the detailed semi-automatic Coq/VST progress framework and its transactional-list and wait-free-queue cases, but no Treiber, weak memory, spurious CAS, primitive justice, or all-spurious separation."
"S47","A Simple Proof System for Lock-Free Concurrency","2010","Luís Caires; Carla Ferreira; António Ravara","10.29007/n3nk","https://easychair.org/publications/paper/xJD","PSPL 2010 open proceedings version","EasyChair primary PDF; DOI and DBLP metadata; exact-title OpenAlex/Semantic Scholar seeds pending","D54; C36; OA54; S254; CG0745; citation-queue-direct-triage","full-text","include-adjacent","","yes","Entire three-page position paper, especially the LL/SC rules and linked-list insertion example","Codex-assisted; human confirmation pending","2026-07-31","Included because its title can be mistaken for a liveness theorem. The paper proves conditional partial correctness for a strong-LL/SC linked-list insertion: if the retry loop terminates, insertion preserves the list. It states lock-freedom as a motivation but supplies no termination theorem, fairness premise, Treiber case, weak/spurious primitive, or mechanization."
"S48","A Proof System for Lock-Free Concurrency","2013","Diogo Santiago Serra","","https://run.unl.pt/handle/10362/11037","NOVA University Lisbon master's thesis expanding the PSPL proof-system lineage","institutional thesis full text and repository metadata; exact-title DBLP/Crossref/OpenAlex/Semantic Scholar seeds pending","D55; C37; OA55; S255; CG0806; citation-queue-direct-triage; lineage-follow-up","full-text","include-adjacent","","yes","LL/SC operational rules; linked-list push/pop examples; conclusion and future-work limitations","Codex-assisted; human confirmation pending","2026-07-31","Included as a direct safety neighbor: the thesis develops a Hoare/separation-style logic for strong LL/SC and applies it to Treiber-like linked-list push/pop. It proves partial correctness only; termination, fairness, deadlock-freedom, soundness mechanization, and tooling are expressly left open. SC succeeds iff the link remains valid and admits no spurious failure."
"S49","Temporal Logic Verification of Lock-Freedom","2010","Bogdan Tofan; Simon Bäumler; Gerhard Schellhorn; Wolfgang Reif","10.1007/978-3-642-13321-3_21","https://opus.bibliothek.uni-augsburg.de/opus4/frontdoor/index/index/year/2019/docId/57145","MPC 2010 institutional open-access version and KIV project lineage","institutional primary PDF; DOI/DBLP metadata; KIV project; exact-title OpenAlex/Semantic Scholar seeds pending","D56; C38; OA56; S256; CG0178; citation-queue-direct-triage; KIV-lineage-follow-up","full-text and source description","include-adjacent","","yes","Definitions 1–2; Theorem 1; Michael–Scott enqueue case; fairness discussion and unfair-loop variant","Codex-assisted; human confirmation pending","2026-07-31","Included as an early KIV-mechanized temporal rely-guarantee lock-freedom method. The checked case is a slightly improved Michael–Scott queue under weak-fair SC strong-CAS interleaving, not Treiber; the later direct KIV Treiber developments are already closest-work rows. No weak memory, compare-equal failure, or primitive justice is present."
"S50","A Scalable Lock-Free Stack Algorithm","2004","Danny Hendler; Nir Shavit; Lena Yerushalmi","10.1145/1007912.1007944","https://people.csail.mit.edu/shanir/publications/Lock_Free.pdf","SPAA 2004 author version; expanded journal version","author primary PDF; DOI/DBLP metadata; exact-title OpenAlex/Semantic Scholar seeds pending","D57; C39; OA57; S257; CG0359; citation-queue-direct-triage","full-text","include-adjacent","","yes","Algorithm and central Treiber path; Theorems 5.16 and 5.17; lock-freedom interference argument","Codex-assisted; human confirmation pending","2026-07-31","Included as a Treiber-derived algorithmic neighbor. The elimination-backoff stack is manually proved linearizable and lock-free, but the central stack proof relies on the classical strong-CAS fact that a failed CAS witnesses another successful update. It is SC-style, ignores ABA in the core proof, and has no weak memory, spurious CAS, formal fairness split, or mechanization."
"S51","Thread-Modular Counter Abstraction: Automated Safety and Termination Proofs of Parameterized Software by Reduction to Sequential Program Verification","2023","Thomas Pani; Georg Weissenbacher; Florian Zuleger","10.1007/s10703-023-00439-6","https://doi.org/10.1007/s10703-023-00439-6","Formal Methods in System Design 2023 open-access version","Springer primary PDF; DOI/DBLP metadata; exact-title OpenAlex/Semantic Scholar seeds pending","D58; C40; OA58; S258; CG0272; citation-queue-direct-triage","full-text","include-context","","yes","Theorems 4–5; T2 evaluation cases; liveness and fairness limitations/future work","Codex-assisted; human confirmation pending","2026-07-31","Retained as context for the automated parameterized-verification tool landscape. The generic reduction transfers safety and termination results from a sequential abstraction to arbitrary thread counts, but the paper has no stack or CAS case, weak-memory semantics, primitive-fairness model, or proof-assistant mechanization; general fairness extensions remain future work."
"S52","Detecting Fair Non-termination in Multithreaded Programs","2012","Mohamed Faouzi Atig; Ahmed Bouajjani; Michael Emmi; Akash Lal","10.1007/978-3-642-31424-7_19","https://github.com/michael-emmi/research-papers/raw/master/conf-cav-AtigBEL12.pdf","CAV 2012 author-hosted conference version","local primary-source corpus; DOI/DBLP metadata; citation queue; exact-title provider queries pending","OA59; S259; D59; C41; CG0263; citation-queue-priority-screen","full-text","include-closest","","yes","§3.4; Lemma 5; §5 OptimisticList evaluation","Codex-assisted; human confirmation pending","2026-07-31","Included as the fair-nontermination boundary. The MUTANT reduction detects context-bounded fair ultimately-periodic executions and supports strong fairness, with weak fairness characterized similarly. Its shared-memory cases include OptimisticList, not Treiber; it gives negative lasso detection rather than an RC11 weak-CAS positive progress theorem or proof-assistant certificate."
"S53","Compositional Verification of Termination-Preserving Refinement of Concurrent Programs","2014","Hongjin Liang; Xinyu Feng; Zhong Shao","10.1145/2603088.2603123","https://flint.cs.yale.edu/flint/publications/rgsimt-tr.pdf","CSL-LICS 2014 extended Yale technical report","local primary-source corpus; DOI/DBLP metadata; citation queue; exact-title provider queries pending","OA60; S260; D60; C42; CG0593; citation-queue-priority-screen","full-text","include-closest","","yes","§4.3, especially Figure 22, the linearizability/lock-freedom statement, and the failed-CAS argument","Codex-assisted; human confirmation pending","2026-07-31","Included as direct prior art that proves Treiber linearizability and lock-freedom together. Its atomic-interleaving strong-CAS proof requires each failed push/pop CAS to have been caused by another thread's successful update. It therefore defeats broad combined-safety-and-progress novelty wording, but has no RC11, genuine weak CAS, separated primitive justice, all-spurious execution, or machine-checked artifact."
"A32","A Scalable Lock-Free Stack Algorithm and its Verification","2007","Robert Colvin; Lindsay Groves","10.1109/SEFM.2007.2","https://doi.org/10.1109/SEFM.2007.2","SEFM 2007 closed proceedings paper; related open derivation DOI 10.1016/j.entcs.2006.08.044","IEEE/DBLP metadata and publisher abstract; related primary derivation and PVS lineage; citation queue; exact-title provider queries pending","OA61; S261; D61; C43; CG0456; citation-queue-priority-screen","publisher abstract and related-primary-source audit","include-closest","","no","Publisher abstract; DBLP record; related derivation DOI 10.1016/j.entcs.2006.08.044; associated IOA/PVS lineage","Codex-assisted; human confirmation pending","2026-07-31","Provisionally included as a machine-checked scalable elimination-stack predecessor. Available primary lineage supports atomic-interleaving, strong-CAS safety verification in PVS, but the exact SEFM full text remains access-limited; its exact progress theorem and mechanization boundary are therefore not treated as fully resolved. No available evidence indicates RC11, genuine weak CAS, primitive justice, or an all-spurious result."
"S54","The Design and Verification of Dynamic-sized Nonblocking Data Structures","2010","Simon Doherty","10.26686/wgtn.16969549.v1","https://ndownloader.figshare.com/files/31390636","Victoria University of Wellington doctoral thesis","local primary-source corpus and institutional full text; DOI metadata; citation queue; exact-title provider queries pending","OA62; S262; D62; C44; CG0910; citation-queue-priority-screen","full-text","include-closest","","yes","§1.1.2 CAS semantics; §5.5 Treiber transformation; §7.2.2 relaxed-consistency limitation; PVS-checking discussion","Codex-assisted; human confirmation pending","2026-07-31","Included as direct mechanized classical prior art. The thesis gives PVS-checked nonblocking-data-structure developments and applies a lock-freedom-preserving reference-counting transformation to Treiber. Its CAS is exact-match and atomic, and the thesis explicitly says relaxed consistency is not treated; it has no weak-CAS justice or all-spurious separation."
"S55","Automated Robustness Verification of Concurrent Data Structure Libraries against Relaxed Memory Models","2024","Kartik Nagar; Anmol Sahoo; Romit Roy Chowdhury; Suresh Jagannathan","10.1145/3689802","https://kartiknagar.github.io/publication/oopsla24/oopsla24.pdf","OOPSLA 2024 extended author version","local primary-source corpus; DOI/DBLP metadata; citation queue; exact-title provider queries pending","OA63; S263; D63; C45; CG0815; citation-queue-priority-screen","full-text","include-closest","","yes","Definitions 3.1 and 5.1; Theorems 4.4, 4.6, 5.3, 6.1, and 6.2; §5.4 and Lemma 5.4; Table 2","Codex-assisted; human confirmation pending","2026-07-31","Included as a direct weak-memory safety boundary. RoboCop automatically establishes RC20 robustness for unbounded-client data-structure libraries and evaluates Treiber. Its CAS-loop preprocessing removes failed read-only iterations and replaces the final operation with blocking CAS; the result is robustness/safety, not liveness under genuine weak-CAS spuriosity, fairness, or primitive justice."
"S56","Verifying General-Purpose RCU for Reclamation in Relaxed Memory Separation Logic","2025","Jaehwang Jung; Sunho Park; Janggun Lee; Jeho Yeon; Jeehoon Kang","10.1145/3729246","https://iris-project.org/pdfs/2025-pldi-weak-smr.pdf","PLDI 2025 author version","local primary-source corpus; DOI/DBLP metadata; citation queue; exact-title provider queries pending","OA64; S264; D64; C46; CG0825; citation-queue-priority-screen","full-text","include-closest","","yes","Algorithm 1; §3.1 and Figure 3; mechanization statement and artifact discussion","Codex-assisted; human confirmation pending","2026-07-31","Included as a direct mechanized weak-memory safety boundary. The Rocq/Iris iRC11 development verifies Treiber protected by general-purpose RCU, including relaxed-memory synchronization and reclamation safety. Its CAS is an ordinary exact update in the logic, and the work supplies no Treiber liveness theorem, separate primitive justice, or all-spurious counterexecution."
