seed_id,screening_record_id,title,year,publication_date,doi,arxiv_id,semantic_scholar_id,screening_decision,cutoff_basis,provider_notes
CS001,S01,Making Weak Memory Models Fair,2021,,10.1145/3485475,,DOI:10.1145/3485475,include-closest,Published version predates cutoff.,DOI lookup for both providers.
CS002,S02,Fair Operational Semantics,2023,,10.1145/3591253,,DOI:10.1145/3591253,include-closest,Published version predates cutoff.,DOI lookup for both providers.
CS003,S03,Overcoming Memory Weakness with Unified Fairness: Systematic Verification of Liveness in Weak Memory Models,2023,,10.1007/978-3-031-37706-8_10,,DOI:10.1007/978-3-031-37706-8_10,include-closest,Published version predates cutoff.,DOI lookup for both providers.
CS004,S05,Recurrence Sets for Proving Fair Non-termination under Axiomatic Memory Consistency Models,2026,2026-01-08,10.1145/3776687,,DOI:10.1145/3776687,include-closest,Crossref publication date is on or before cutoff.,DOI lookup for both providers.
CS005,S06,Towards Proving Liveness on Weak Memory,2026,2026-02-23,10.1007/978-3-032-26204-2_6,2602.19609,DOI:10.1007/978-3-032-26204-2_6,include-closest,arXiv v1 predates cutoff and is the screened extended version.,DOI lookup for both providers; arXiv retained as a version alias.
CS006,S07,Compass: Strong and Compositional Library Specifications in Relaxed Memory Separation Logic,2022,,10.1145/3519939.3523451,,DOI:10.1145/3519939.3523451,include-closest,Published version predates cutoff.,DOI lookup for both providers.
CS007,S08,A Proof Recipe for Linearizability in Relaxed Memory Separation Logic,2024,,10.1145/3656384,,DOI:10.1145/3656384,include-closest,Published version predates cutoff.,DOI lookup for both providers.
CS008,S09,Verifying C11-Style Weak Memory Libraries via Refinement,2021,,10.1145/3437801.3441619,,DOI:10.1145/3437801.3441619,include-closest,Published version predates cutoff.,DOI lookup for both providers.
CS009,S10,Proving That Non-Blocking Algorithms Don't Block,2009,,10.1145/1480881.1480886,,DOI:10.1145/1480881.1480886,include-closest,Published version predates cutoff.,DOI lookup for both providers.
CS010,S14,"Lilo: A Higher-Order, Relational Concurrent Separation Logic for Liveness",2025,,10.1145/3720525,,DOI:10.1145/3720525,include-closest,Published version predates cutoff.,DOI lookup for both providers.
CS011,S15,Lawyer: Modular Obligations-Based Liveness Reasoning in Higher-Order Impredicative Concurrent Separation Logic,2026,2026-04-10,10.1145/3798240,,DOI:10.1145/3798240,include-closest,Crossref publication date is on or before cutoff.,DOI lookup for both providers.
CS012,S16,Modular Termination Verification with a Higher-Order Concurrent Separation Logic,2022,,,2212.14126,ARXIV:2212.14126,include-closest,Public arXiv version predates cutoff.,Semantic Scholar via arXiv ID; OpenCitations is unavailable without a DOI.
CS013,S17,Modular Termination Verification for Non-blocking Concurrency,2016,,10.1007/978-3-662-49498-1_8,,DOI:10.1007/978-3-662-49498-1_8,include-closest,Published version predates cutoff.,DOI lookup for both providers.
CS014,S19,A Program Logic for Concurrent Objects under Fair Scheduling,2016,,10.1145/2837614.2837635,,DOI:10.1145/2837614.2837635,include-closest,Published version predates cutoff.,DOI lookup for both providers.
CS015,S20,Compositional Verification of a Lock-Free Stack with RGITL,2013,,10.14279/tuj.eceasst.66.885,,DOI:10.14279/tuj.eceasst.66.885,include-closest,Published version predates cutoff.,DOI lookup for both providers.
CS016,A27,Quantitative Reasoning for Proving Lock-Freedom,2013,,10.1109/lics.2013.18,,DOI:10.1109/lics.2013.18,include-closest,Published version predates cutoff.,DOI lookup for both providers.
CS017,A28,Proving Lock-Freedom Easily and Automatically,2015,,10.1145/2676724.2693179,,DOI:10.1145/2676724.2693179,include-closest,Published version predates cutoff.,DOI lookup for both providers.
CS018,S28,Formal Verification of a Lock-Free Stack with Hazard Pointers,2011,,10.1007/978-3-642-23283-1_16,,DOI:10.1007/978-3-642-23283-1_16,include-closest,Published version predates cutoff.,DOI lookup for both providers.
CS019,S29,Will It Fit? Verifying Heap Space Bounds of Concurrent Programs under Garbage Collection,2025,,10.1145/3716312,,DOI:10.1145/3716312,include-closest,Published version predates cutoff.,DOI lookup for both providers.
CS020,S30,Marrying Miri and GenMC: Improving Miri's Ability to Detect Concurrency Bugs,2025,,,,,include-closest,Public thesis predates cutoff.,No supported persistent identifier was located at the cutoff; both providers are skipped explicitly.
CS021,S31,Mirror is Not Strong: Discovery of a Persistent Memory Bug using Refinement in KIV,2025,,10.1007/978-3-031-92196-4_16,,DOI:10.1007/978-3-031-92196-4_16,include-closest,Published version predates cutoff.,DOI lookup for both providers.
CS022,S33,Relinche: Automatically Checking Linearizability under Relaxed Memory Consistency,2025,,10.1145/3704906,,DOI:10.1145/3704906,include-closest,Published version predates cutoff.,DOI lookup for both providers.
CS023,S35,A Separation Logic for Parallel Time Complexity with Work and Span Credits,2026,2026-07-13,10.1145/3828679,2607.11582,ARXIV:2607.11582,include-closest,arXiv v1 predates cutoff; the publisher DOI is a post-cutoff version alias.,Semantic Scholar uses the eligible arXiv version; OpenCitations DOI lookup may be unavailable before publisher registration.
CS024,A29,Verifying Lock-Freedom Using Well-Founded Orders,2007,,10.1007/978-3-540-75292-9_9,,DOI:10.1007/978-3-540-75292-9_9,include-closest,Published version predates cutoff.,DOI lookup for both providers.
CS025,A30,A General Technique for Proving Lock-Freedom,2009,,10.1016/j.scico.2008.09.013,,DOI:10.1016/j.scico.2008.09.013,include-closest,Published version predates cutoff.,DOI lookup for both providers.
CS026,S27,Spirea: A Mechanized Concurrent Separation Logic for Weak Persistent Memory,2023,,10.1145/3622820,,DOI:10.1145/3622820,include-closest,Published version predates cutoff.,DOI lookup for both providers.
CS027,S38,Mechanizing a Correctness Proof for a Lock-Free Concurrent Stack,2008,,10.1007/978-3-540-68863-1_6,,DOI:10.1007/978-3-540-68863-1_6,include-closest,Published version predates cutoff.,DOI lookup for both providers.
CS028,S40,Rely-Guarantee Bound Analysis of Parameterized Concurrent Shared-Memory Programs,2021,,10.1007/s10703-021-00370-8,,DOI:10.1007/s10703-021-00370-8,include-closest,Published version predates cutoff.,DOI lookup for both providers.
CS029,S42,Progress Guarantee for Parallel Programs via Bounded Lock-Freedom,2009,,10.1145/1542476.1542493,,DOI:10.1145/1542476.1542493,include-closest,Published version predates cutoff.,DOI lookup for both providers; journal duplicate DOI is retained in screening notes.
CS030,S44,On the Use of Model Checking for the Bounded and Unbounded Verification of Nonblocking Concurrent Data Structures,2013,,10.26686/wgtn.17004076,,DOI:10.26686/wgtn.17004076,include-closest,Published thesis predates cutoff.,DOI lookup for both providers.
CS031,S45,Decidability of Liveness on the TSO Memory Model,2026,2026-02-13,10.1145/3766061,,DOI:10.1145/3766061,include-closest,Final online publication predates cutoff.,DOI lookup for both providers; preliminary arXiv and SETTA versions require lineage reconciliation.
CS032,S52,Detecting Fair Non-termination in Multithreaded Programs,2012,,10.1007/978-3-642-31424-7_19,,DOI:10.1007/978-3-642-31424-7_19,include-closest,Published version predates cutoff.,DOI lookup for both providers.
CS033,S53,Compositional Verification of Termination-Preserving Refinement of Concurrent Programs,2014,,10.1145/2603088.2603123,,DOI:10.1145/2603088.2603123,include-closest,Published version predates cutoff.,DOI lookup for both providers.
CS034,A32,A Scalable Lock-Free Stack Algorithm and its Verification,2007,,10.1109/SEFM.2007.2,,DOI:10.1109/SEFM.2007.2,include-closest,Published version predates cutoff.,DOI lookup for both providers; exact full text remains access-limited.
CS035,S54,The Design and Verification of Dynamic-sized Nonblocking Data Structures,2010,,10.26686/wgtn.16969549.v1,,DOI:10.26686/wgtn.16969549.v1,include-closest,Published thesis predates cutoff.,DOI lookup for both providers.
CS036,S55,Automated Robustness Verification of Concurrent Data Structure Libraries against Relaxed Memory Models,2024,,10.1145/3689802,,DOI:10.1145/3689802,include-closest,Published version predates cutoff.,DOI lookup for both providers.
CS037,S56,Verifying General-Purpose RCU for Reclamation in Relaxed Memory Separation Logic,2025,,10.1145/3729246,,DOI:10.1145/3729246,include-closest,Published version predates cutoff.,DOI lookup for both providers.
CS038,S59,Dynamic Robustness Verification against Weak Memory,2025,,10.1145/3729277,2504.15036,DOI:10.1145/3729277,include-closest,Published version predates cutoff.,DOI lookup for both providers; arXiv is the extended version.
CS039,S67,CQS: A Formally-Verified Framework for Fair and Abortable Synchronization,2023,2023-06-06,10.1145/3591230,2111.12682,DOI:10.1145/3591230,include-closest,Published version predates cutoff.,DOI lookup for both providers; public proof branch is incomplete relative to paper file references.
CS040,S70,GenMC: A Model Checker for Weak Memory Models,2021,2021-07-15,10.1007/978-3-030-81685-8_20,,DOI:10.1007/978-3-030-81685-8_20,include-closest,Published version predates cutoff.,DOI lookup for both providers; pinned v0.6 source was audited.
CS041,S76,A Formal Reduction for Lock-Free Parallel Algorithms,2004,2004-07-13,10.1007/978-3-540-27813-9_4,,DOI:10.1007/978-3-540-27813-9_4,include-closest,Published version predates cutoff.,DOI lookup for both providers.
CS042,S78,Modular Termination Verification of Single-Threaded and Multithreaded Programs,2018,2018-07-05,10.1145/3210258,,DOI:10.1145/3210258,include-closest,Published online before cutoff.,DOI lookup for both providers; distinguish the tool-checked example from the separate Coq metatheory.
