provider,seed_id,screening_record_id,direction,edge_key,source_work_key,target_work_key,source_provider_id,target_provider_id,source_doi,target_doi,provider_edge_id,citing_publication_date,cutoff_status,raw_file
semanticscholar,CS031,S45,references,doi:10.1145/3766061->doi:10.1145/3485475,doi:10.1145/3766061,doi:10.1145/3485475,334719f548fae46c6116d7a5bcd8792642386290,be3902623f9b56f3f681a3153de9d140296e9b32,10.1145/3766061,10.1145/3485475,,2021-07-21,included,raw/cs031-references-p0001-semanticscholar.json.gz
semanticscholar,CS031,S45,references,doi:10.1145/3766061->doi:10.1145/3335772.3335935,doi:10.1145/3766061,doi:10.1145/3335772.3335935,334719f548fae46c6116d7a5bcd8792642386290,bdacc240ee817e6565f27f40f8658c037a457a13,10.1145/3766061,10.1145/3335772.3335935,,2021-07-21,included,raw/cs031-references-p0001-semanticscholar.json.gz
semanticscholar,CS031,S45,references,doi:10.1145/3766061->doi:10.1007/978-3-662-49192-8_33,doi:10.1145/3766061,doi:10.1007/978-3-662-49192-8_33,334719f548fae46c6116d7a5bcd8792642386290,63a48cb4a6cbb895b2290a973d4a483a4dbd9a71,10.1145/3766061,10.1007/978-3-662-49192-8_33,,2021-07-21,included,raw/cs031-references-p0001-semanticscholar.json.gz
semanticscholar,CS031,S45,references,doi:10.1145/3766061->doi:10.1007/s00236-017-0305-6,doi:10.1145/3766061,doi:10.1007/s00236-017-0305-6,334719f548fae46c6116d7a5bcd8792642386290,6c300bffe3c016670a22efe59930b296915065ef,10.1145/3766061,10.1007/s00236-017-0305-6,,2021-07-21,included,raw/cs031-references-p0001-semanticscholar.json.gz
semanticscholar,CS031,S45,references,doi:10.1145/3766061->doi:10.1007/978-3-319-10181-1_21,doi:10.1145/3766061,doi:10.1007/978-3-319-10181-1_21,334719f548fae46c6116d7a5bcd8792642386290,de2046eccf6240b2c66528efc10fe8d4906f9141,10.1145/3766061,10.1007/978-3-319-10181-1_21,,2021-07-21,included,raw/cs031-references-p0001-semanticscholar.json.gz
semanticscholar,CS031,S45,references,doi:10.1145/3766061->doi:10.1007/978-3-642-40184-8_17,doi:10.1145/3766061,doi:10.1007/978-3-642-40184-8_17,334719f548fae46c6116d7a5bcd8792642386290,ef93463898beb55379fbb3be37d98ca8c80d600c,10.1145/3766061,10.1007/978-3-642-40184-8_17,,2021-07-21,included,raw/cs031-references-p0001-semanticscholar.json.gz
semanticscholar,CS031,S45,references,doi:10.1145/3766061->doi:10.1007/978-3-642-37036-6_29,doi:10.1145/3766061,doi:10.1007/978-3-642-37036-6_29,334719f548fae46c6116d7a5bcd8792642386290,91ea231972fa6bea899f351c1270c625fc71a3a2,10.1145/3766061,10.1007/978-3-642-37036-6_29,,2021-07-21,included,raw/cs031-references-p0001-semanticscholar.json.gz
semanticscholar,CS031,S45,references,doi:10.1145/3766061->doi:10.1007/978-3-642-33651-5_3,doi:10.1145/3766061,doi:10.1007/978-3-642-33651-5_3,334719f548fae46c6116d7a5bcd8792642386290,ea29f7459f7e774795fae31b4277b11d620bd98f,10.1145/3766061,10.1007/978-3-642-33651-5_3,,2021-07-21,included,raw/cs031-references-p0001-semanticscholar.json.gz
semanticscholar,CS031,S45,references,doi:10.1145/3766061->doi:10.1007/978-3-642-28869-2_5,doi:10.1145/3766061,doi:10.1007/978-3-642-28869-2_5,334719f548fae46c6116d7a5bcd8792642386290,917b58c3e622f3ba1655db3f767d61381d9b7ac6,10.1145/3766061,10.1007/978-3-642-28869-2_5,,2021-07-21,included,raw/cs031-references-p0001-semanticscholar.json.gz
semanticscholar,CS031,S45,references,doi:10.1145/3766061->doi:10.1145/1926385.1926394,doi:10.1145/3766061,doi:10.1145/1926385.1926394,334719f548fae46c6116d7a5bcd8792642386290,e1aa60639ac1c05788d4eef6054d9a47d047de0e,10.1145/3766061,10.1145/1926385.1926394,,2021-07-21,included,raw/cs031-references-p0001-semanticscholar.json.gz
semanticscholar,CS031,S45,references,doi:10.1145/3766061->doi:10.1145/1706299.1706303,doi:10.1145/3766061,doi:10.1145/1706299.1706303,334719f548fae46c6116d7a5bcd8792642386290,599353a751739b5461d2730ecde78dcb9e97f68e,10.1145/3766061,10.1145/1706299.1706303,,2021-07-21,included,raw/cs031-references-p0001-semanticscholar.json.gz
semanticscholar,CS031,S45,references,doi:10.1145/3766061->doi:10.1145/1640089.1640106,doi:10.1145/3766061,doi:10.1145/1640089.1640106,334719f548fae46c6116d7a5bcd8792642386290,a43176525eff69d04e9df1036093b2e4d6dcc932,10.1145/3766061,10.1145/1640089.1640106,,2021-07-21,included,raw/cs031-references-p0001-semanticscholar.json.gz
semanticscholar,CS031,S45,references,doi:10.1145/3766061->doi:10.1007/978-3-642-03359-9_27,doi:10.1145/3766061,doi:10.1007/978-3-642-03359-9_27,334719f548fae46c6116d7a5bcd8792642386290,e949f00933afc88cfc8982c2becb5971635085d9,10.1145/3766061,10.1007/978-3-642-03359-9_27,,2021-07-21,included,raw/cs031-references-p0001-semanticscholar.json.gz
semanticscholar,CS031,S45,references,doi:10.1145/3766061->doi:10.1145/1542476.1542493,doi:10.1145/3766061,doi:10.1145/1542476.1542493,334719f548fae46c6116d7a5bcd8792642386290,403acc7cbe119b7e6fa8897c894e537da42414e8,10.1145/3766061,10.1145/1542476.1542493,,2021-07-21,included,raw/cs031-references-p0001-semanticscholar.json.gz
semanticscholar,CS031,S45,references,doi:10.1145/3766061->doi:10.1145/1504176.1504186,doi:10.1145/3766061,doi:10.1145/1504176.1504186,334719f548fae46c6116d7a5bcd8792642386290,4e5add02a2d3d5b8e68b6a6165689e85984d5e7d,10.1145/3766061,10.1145/1504176.1504186,,2021-07-21,included,raw/cs031-references-p0001-semanticscholar.json.gz
semanticscholar,CS031,S45,references,doi:10.1145/3766061->s2:f1269591359fddc20f95da10c7bd4c054080b447,doi:10.1145/3766061,s2:f1269591359fddc20f95da10c7bd4c054080b447,334719f548fae46c6116d7a5bcd8792642386290,f1269591359fddc20f95da10c7bd4c054080b447,10.1145/3766061,,,2021-07-21,included,raw/cs031-references-p0001-semanticscholar.json.gz
semanticscholar,CS031,S45,references,doi:10.1145/3766061->doi:10.1080/04597220801912986,doi:10.1145/3766061,doi:10.1080/04597220801912986,334719f548fae46c6116d7a5bcd8792642386290,72b2000f6cd8dec7d0a04a1c646a15c100e6b0de,10.1145/3766061,10.1080/04597220801912986,,2021-07-21,included,raw/cs031-references-p0001-semanticscholar.json.gz
semanticscholar,CS031,S45,references,doi:10.1145/3766061->doi:10.1145/1040305.1040336,doi:10.1145/3766061,doi:10.1145/1040305.1040336,334719f548fae46c6116d7a5bcd8792642386290,0b4cd037925fe2185cbf38b4ccb76f32bbd87d53,10.1145/3766061,10.1145/1040305.1040336,,2021-07-21,included,raw/cs031-references-p0001-semanticscholar.json.gz
semanticscholar,CS031,S45,references,doi:10.1145/3766061->doi:10.1145/872035.872048,doi:10.1145/3766061,doi:10.1145/872035.872048,334719f548fae46c6116d7a5bcd8792642386290,15bd6b8fef588739a3ebd7bd62a07e48270422bb,10.1145/3766061,10.1145/872035.872048,,2021-07-21,included,raw/cs031-references-p0001-semanticscholar.json.gz
semanticscholar,CS031,S45,references,doi:10.1145/3766061->doi:10.1016/s0020-0190(01)00337-4,doi:10.1145/3766061,doi:10.1016/s0020-0190(01)00337-4,334719f548fae46c6116d7a5bcd8792642386290,bcb5860570681f8fe2f472dafc09107c75f10198,10.1145/3766061,10.1016/s0020-0190(01)00337-4,,2021-07-21,included,raw/cs031-references-p0001-semanticscholar.json.gz
semanticscholar,CS031,S45,references,doi:10.1145/3766061->doi:10.1007/3-540-45414-4_21,doi:10.1145/3766061,doi:10.1007/3-540-45414-4_21,334719f548fae46c6116d7a5bcd8792642386290,3701276417cd3d53f16886bb889e3f4a626460d5,10.1145/3766061,10.1007/3-540-45414-4_21,,2021-07-21,included,raw/cs031-references-p0001-semanticscholar.json.gz
semanticscholar,CS031,S45,references,doi:10.1145/3766061->doi:10.1145/248052.248106,doi:10.1145/3766061,doi:10.1145/248052.248106,334719f548fae46c6116d7a5bcd8792642386290,37a1e8411669e29cf8fbf48ec920c97c0066ac7e,10.1145/3766061,10.1145/248052.248106,,2021-07-21,included,raw/cs031-references-p0001-semanticscholar.json.gz
semanticscholar,CS031,S45,references,doi:10.1145/3766061->doi:10.1007/3-540-58201-0_78,doi:10.1145/3766061,doi:10.1007/3-540-58201-0_78,334719f548fae46c6116d7a5bcd8792642386290,739191274bf3cdf07351072e415d24196bd49d1a,10.1145/3766061,10.1007/3-540-58201-0_78,,2021-07-21,included,raw/cs031-references-p0001-semanticscholar.json.gz
semanticscholar,CS031,S45,references,doi:10.1145/3766061->doi:10.1145/114005.102808,doi:10.1145/3766061,doi:10.1145/114005.102808,334719f548fae46c6116d7a5bcd8792642386290,d907dfd33609905981a34e217f29a48fee3f7145,10.1145/3766061,10.1145/114005.102808,,2021-07-21,included,raw/cs031-references-p0001-semanticscholar.json.gz
semanticscholar,CS031,S45,references,doi:10.1145/3766061->doi:10.1007/bf00290732,doi:10.1145/3766061,doi:10.1007/bf00290732,334719f548fae46c6116d7a5bcd8792642386290,607b898910d2974e1e1cf5dd5a2c2d11671eba16,10.1145/3766061,10.1007/bf00290732,,2021-07-21,included,raw/cs031-references-p0001-semanticscholar.json.gz
semanticscholar,CS031,S45,references,doi:10.1145/3766061->doi:10.1016/0020-0190(81)90106-x,doi:10.1145/3766061,doi:10.1016/0020-0190(81)90106-x,334719f548fae46c6116d7a5bcd8792642386290,5b563eb9bd547a03fc2db90482fdc895ead52ce7,10.1145/3766061,10.1016/0020-0190(81)90106-x,,2021-07-21,included,raw/cs031-references-p0001-semanticscholar.json.gz
semanticscholar,CS031,S45,references,doi:10.1145/3766061->doi:10.1145/361082.361093,doi:10.1145/3766061,doi:10.1145/361082.361093,334719f548fae46c6116d7a5bcd8792642386290,b3fbde60725b61a179c591762b1d04c5f8510b8a,10.1145/3766061,10.1145/361082.361093,,2021-07-21,included,raw/cs031-references-p0001-semanticscholar.json.gz
semanticscholar,CS031,S45,references,doi:10.1145/3766061->doi:10.1090/s0002-9904-1946-08555-9,doi:10.1145/3766061,doi:10.1090/s0002-9904-1946-08555-9,334719f548fae46c6116d7a5bcd8792642386290,5c406be5ae6f2935b6653f101f02332186cb50d9,10.1145/3766061,10.1090/s0002-9904-1946-08555-9,,2021-07-21,included,raw/cs031-references-p0001-semanticscholar.json.gz
semanticscholar,CS031,S45,references,doi:10.1145/3766061->unknown:semanticscholar:cs031:references:0:28,doi:10.1145/3766061,unknown:semanticscholar:cs031:references:0:28,334719f548fae46c6116d7a5bcd8792642386290,,10.1145/3766061,,,2021-07-21,included,raw/cs031-references-p0001-semanticscholar.json.gz
semanticscholar,CS031,S45,references,doi:10.1145/3766061->doi:10.1007/978-3-031-21213-0_10,doi:10.1145/3766061,doi:10.1007/978-3-031-21213-0_10,334719f548fae46c6116d7a5bcd8792642386290,539eed363652038f40f12499791bac014bf0f18f,10.1145/3766061,10.1007/978-3-031-21213-0_10,,2021-07-21,included,raw/cs031-references-p0001-semanticscholar.json.gz
semanticscholar,CS031,S45,references,doi:10.1145/3766061->doi:10.1016/c2011-0-06993-4,doi:10.1145/3766061,doi:10.1016/c2011-0-06993-4,334719f548fae46c6116d7a5bcd8792642386290,f483e4a22d2aa8252b667d628133582a87207a38,10.1145/3766061,10.1016/c2011-0-06993-4,,2021-07-21,included,raw/cs031-references-p0001-semanticscholar.json.gz
semanticscholar,CS031,S45,references,doi:10.1145/3766061->unknown:semanticscholar:cs031:references:0:31,doi:10.1145/3766061,unknown:semanticscholar:cs031:references:0:31,334719f548fae46c6116d7a5bcd8792642386290,,10.1145/3766061,,,2021-07-21,included,raw/cs031-references-p0001-semanticscholar.json.gz
semanticscholar,CS031,S45,references,doi:10.1145/3766061->doi:10.1007/978-3-030-67087-0_4,doi:10.1145/3766061,doi:10.1007/978-3-030-67087-0_4,334719f548fae46c6116d7a5bcd8792642386290,55a2d1142f4a6994300ef76ea1873ea4470082bd,10.1145/3766061,10.1007/978-3-030-67087-0_4,,2021-07-21,included,raw/cs031-references-p0001-semanticscholar.json.gz
semanticscholar,CS031,S45,references,doi:10.1145/3766061->unknown:semanticscholar:cs031:references:0:33,doi:10.1145/3766061,unknown:semanticscholar:cs031:references:0:33,334719f548fae46c6116d7a5bcd8792642386290,,10.1145/3766061,,,2021-07-21,included,raw/cs031-references-p0001-semanticscholar.json.gz
semanticscholar,CS031,S45,references,doi:10.1145/3766061->doi:10.1007/978-3-319-10575-8,doi:10.1145/3766061,doi:10.1007/978-3-319-10575-8,334719f548fae46c6116d7a5bcd8792642386290,9d3cfc952584ae5a45947084efb2e140ca8178aa,10.1145/3766061,10.1007/978-3-319-10575-8,,2021-07-21,included,raw/cs031-references-p0001-semanticscholar.json.gz
semanticscholar,CS031,S45,references,doi:10.1145/3766061->doi:10.1007/978-3-319-51517-5_2,doi:10.1145/3766061,doi:10.1007/978-3-319-51517-5_2,334719f548fae46c6116d7a5bcd8792642386290,7434b03029812332fd916443e2a135abcd47053c,10.1145/3766061,10.1007/978-3-319-51517-5_2,,2021-07-21,included,raw/cs031-references-p0001-semanticscholar.json.gz
semanticscholar,CS031,S45,references,doi:10.1145/3766061->doi:10.1201/b12403-15,doi:10.1145/3766061,doi:10.1201/b12403-15,334719f548fae46c6116d7a5bcd8792642386290,b12845fe6a0d03f1d25bacd3722746fc08f4d619,10.1145/3766061,10.1201/b12403-15,,2021-07-21,included,raw/cs031-references-p0001-semanticscholar.json.gz
semanticscholar,CS031,S45,references,doi:10.1145/3766061->s2:194a08a57aecc953ae7519d3a3f1b42cb9e9b80d,doi:10.1145/3766061,s2:194a08a57aecc953ae7519d3a3f1b42cb9e9b80d,334719f548fae46c6116d7a5bcd8792642386290,194a08a57aecc953ae7519d3a3f1b42cb9e9b80d,10.1145/3766061,,,2021-07-21,included,raw/cs031-references-p0001-semanticscholar.json.gz
semanticscholar,CS031,S45,references,doi:10.1145/3766061->s2:1c157b5422182c0ec38611fefba60008080c64a1,doi:10.1145/3766061,s2:1c157b5422182c0ec38611fefba60008080c64a1,334719f548fae46c6116d7a5bcd8792642386290,1c157b5422182c0ec38611fefba60008080c64a1,10.1145/3766061,,,2021-07-21,included,raw/cs031-references-p0001-semanticscholar.json.gz
semanticscholar,CS031,S45,references,doi:10.1145/3766061->unknown:semanticscholar:cs031:references:0:39,doi:10.1145/3766061,unknown:semanticscholar:cs031:references:0:39,334719f548fae46c6116d7a5bcd8792642386290,,10.1145/3766061,,,2021-07-21,included,raw/cs031-references-p0001-semanticscholar.json.gz
semanticscholar,CS031,S45,references,doi:10.1145/3766061->unknown:semanticscholar:cs031:references:0:40,doi:10.1145/3766061,unknown:semanticscholar:cs031:references:0:40,334719f548fae46c6116d7a5bcd8792642386290,,10.1145/3766061,,,2021-07-21,included,raw/cs031-references-p0001-semanticscholar.json.gz
semanticscholar,CS031,S45,citations,doi:10.1007/978-3-030-99336-8_12->doi:10.1145/3766061,doi:10.1007/978-3-030-99336-8_12,doi:10.1145/3766061,7c5dbb14f4ce6b24001cf4b16af50505dbd7b44b,334719f548fae46c6116d7a5bcd8792642386290,10.1007/978-3-030-99336-8_12,10.1145/3766061,,2022-01-25,included,raw/cs031-citations-p0001-semanticscholar.json.gz
