provider,query_id,family_id,query_text,provider_query,page_index,cursor_in,cursor_out,requested_url,retrieved_at_utc,http_status,response_date,response_etag,rate_limit_remaining,total_results,returned_results,cumulative_results,raw_file,raw_sha256,truncated,error
dblp,D01,Q01,treiber$ stack$,treiber$ stack$,0,,,https://dblp.org/search/publ/api?q=treiber%24+stack%24&h=1000&f=0&c=0&format=json,2026-07-30T22:49:59+00:00,200,"Thu, 30 Jul 2026 22:49:59 GMT",,,0,0,0,raw/d01-p0001-dblp.json.gz,3bf116e6031dfba02a53ca6d34658703da58d80d0f145138bf9425a0dda8766f,no,
dblp,D02,Q01,treiber$ liveness$,treiber$ liveness$,0,,,https://dblp.org/search/publ/api?q=treiber%24+liveness%24&h=1000&f=0&c=0&format=json,2026-07-30T22:50:03+00:00,200,"Thu, 30 Jul 2026 22:50:03 GMT",,,0,0,0,raw/d02-p0001-dblp.json.gz,e944bf979f94b705d9916c86f22f3fbf2270f50b298d09404847feb2ac1f7a70,no,
dblp,D03,Q01,treiber$ progress$,treiber$ progress$,0,,,https://dblp.org/search/publ/api?q=treiber%24+progress%24&h=1000&f=0&c=0&format=json,2026-07-30T22:50:07+00:00,200,"Thu, 30 Jul 2026 22:50:06 GMT",,,0,0,0,raw/d03-p0001-dblp.json.gz,05e96edefb45b4a523a5ba19b267fa7e99185323b3e4b09fef6d42a0d116fd31,no,
dblp,D04,Q01,treiber$ fairness$,treiber$ fairness$,0,,,https://dblp.org/search/publ/api?q=treiber%24+fairness%24&h=1000&f=0&c=0&format=json,2026-07-30T22:50:10+00:00,200,"Thu, 30 Jul 2026 22:50:10 GMT",,,0,0,0,raw/d04-p0001-dblp.json.gz,1bafd9ed95e9b1a04ffd9e5317a43b28d170bdf5d3292a215835bc5c97c5f3e1,no,
dblp,D05,Q01,treiber$ termination$,treiber$ termination$,0,,,https://dblp.org/search/publ/api?q=treiber%24+termination%24&h=1000&f=0&c=0&format=json,2026-07-30T22:50:13+00:00,200,"Thu, 30 Jul 2026 22:50:13 GMT",,,0,0,0,raw/d05-p0001-dblp.json.gz,febb1a31531d6c587f52d0ac258244ecbd6c784cb2e4b2774fc61b530869b2ae,no,
dblp,D06,Q15,treiber$ total$ correctness$,treiber$ total$ correctness$,0,,,https://dblp.org/search/publ/api?q=treiber%24+total%24+correctness%24&h=1000&f=0&c=0&format=json,2026-07-30T22:50:16+00:00,200,"Thu, 30 Jul 2026 22:50:16 GMT",,,0,0,0,raw/d06-p0001-dblp.json.gz,fdaf689d62c3d0b6db350c480dd5f1c8f582c455e7a8bea4b169b51fc14c19d8,no,
dblp,D07,Q01,lock-free$ stack$ liveness$,lock-free$ stack$ liveness$,0,,,https://dblp.org/search/publ/api?q=lock-free%24+stack%24+liveness%24&h=1000&f=0&c=0&format=json,2026-07-30T22:50:20+00:00,200,"Thu, 30 Jul 2026 22:50:20 GMT",,,0,0,0,raw/d07-p0001-dblp.json.gz,4782485dde04d20516a0de043aaace236a54f76638928059f7e0f52368a06c9f,no,
dblp,D08,Q15,lock-free$ stack$ termination$,lock-free$ stack$ termination$,0,,,https://dblp.org/search/publ/api?q=lock-free%24+stack%24+termination%24&h=1000&f=0&c=0&format=json,2026-07-30T22:50:23+00:00,200,"Thu, 30 Jul 2026 22:50:23 GMT",,,0,0,0,raw/d08-p0001-dblp.json.gz,b542d4b78039b24549674933dcfbcf5a1002f09d5cc918d26d812f9d1418a400,no,
dblp,D09,Q03,rc11$ liveness$,rc11$ liveness$,0,,,https://dblp.org/search/publ/api?q=rc11%24+liveness%24&h=1000&f=0&c=0&format=json,2026-07-30T22:50:26+00:00,200,"Thu, 30 Jul 2026 22:50:26 GMT",,,0,0,0,raw/d09-p0001-dblp.json.gz,8ef0db6b6cf9e08523e9f2fc274e07d100c1273de6daabf67cac7444d7e1edda,no,
dblp,D10,Q04,weak$ cas$,weak$ cas$,0,,,https://dblp.org/search/publ/api?q=weak%24+cas%24&h=1000&f=0&c=0&format=json,2026-07-30T22:50:30+00:00,200,"Thu, 30 Jul 2026 22:50:29 GMT",,,0,0,0,raw/d10-p0001-dblp.json.gz,b42de26b10fd8deaed6983d61312c6222ba937e9e59f3c846473429a83c2fb2e,no,
dblp,D11,Q04,compare-and-exchange$ weak$,compare-and-exchange$ weak$,0,,,https://dblp.org/search/publ/api?q=compare-and-exchange%24+weak%24&h=1000&f=0&c=0&format=json,2026-07-30T22:50:34+00:00,200,"Thu, 30 Jul 2026 22:50:33 GMT",,,0,0,0,raw/d11-p0001-dblp.json.gz,93b56f6baecc850fbe90ecbdd6766f8c4c4456eb133103ed4cac0c54bac2b436,no,
dblp,D12,Q06,spurious$ failure$,spurious$ failure$,0,,,https://dblp.org/search/publ/api?q=spurious%24+failure%24&h=1000&f=0&c=0&format=json,2026-07-30T22:50:41+00:00,200,"Thu, 30 Jul 2026 22:50:37 GMT",,,5,5,5,raw/d12-p0001-dblp.json.gz,8fd5175d50b6bcf5db505807b4dc89945c1147c4de9bb858140cc91a95bab8fa,no,
dblp,D13,Q07,memory$ fairness$,memory$ fairness$,0,,,https://dblp.org/search/publ/api?q=memory%24+fairness%24&h=1000&f=0&c=0&format=json,2026-07-30T22:50:46+00:00,200,"Thu, 30 Jul 2026 22:50:44 GMT",,,30,30,30,raw/d13-p0001-dblp.json.gz,903faa615604a24f0794ec83fbca9c33867d27f41f40403c9d9a7b34d46c96be,no,
dblp,D14,Q08,thread$ fairness$ memory$ fairness$,thread$ fairness$ memory$ fairness$,0,,,https://dblp.org/search/publ/api?q=thread%24+fairness%24+memory%24+fairness%24&h=1000&f=0&c=0&format=json,2026-07-30T22:50:49+00:00,200,"Thu, 30 Jul 2026 22:50:49 GMT",,,0,0,0,raw/d14-p0001-dblp.json.gz,c39a82190944c8da8374cb14bbdbb26f4877a7e5fe1036376bd9fad4827c37a6,no,
dblp,D15,Q09,prefix-finite$ fairness$,prefix-finite$ fairness$,0,,,https://dblp.org/search/publ/api?q=prefix-finite%24+fairness%24&h=1000&f=0&c=0&format=json,2026-07-30T22:50:53+00:00,200,"Thu, 30 Jul 2026 22:50:53 GMT",,,0,0,0,raw/d15-p0001-dblp.json.gz,e628baee97198947e4e7c984ee65f63e9e96a1c1a6dd4f2c57e85418c56613af,no,
dblp,D16,Q14,fair$ operational$ semantics$,fair$ operational$ semantics$,0,,,https://dblp.org/search/publ/api?q=fair%24+operational%24+semantics%24&h=1000&f=0&c=0&format=json,2026-07-30T22:50:56+00:00,200,"Thu, 30 Jul 2026 22:50:56 GMT",,,1,1,1,raw/d16-p0001-dblp.json.gz,35033345b6bc7941bfb168fd4d0ad63610a3d03d06f258dcb72811a204efa11b,no,
dblp,D17,Q15,concurrent$ stack$ termination$,concurrent$ stack$ termination$,0,,,https://dblp.org/search/publ/api?q=concurrent%24+stack%24+termination%24&h=1000&f=0&c=0&format=json,2026-07-30T22:51:03+00:00,,,,,,0,0,,,,RemoteDisconnected: Remote end closed connection without response
dblp,D18,Q15,compare-and-set$ termination$,compare-and-set$ termination$,0,,,https://dblp.org/search/publ/api?q=compare-and-set%24+termination%24&h=1000&f=0&c=0&format=json,2026-07-30T22:51:10+00:00,,,,,,0,0,,,,RemoteDisconnected: Remote end closed connection without response
dblp,D19,SEED,making$ weak$ memory$ models$ fair$,making$ weak$ memory$ models$ fair$,0,,,https://dblp.org/search/publ/api?q=making%24+weak%24+memory%24+models%24+fair%24&h=1000&f=0&c=0&format=json,2026-07-30T22:51:17+00:00,,,,,,0,0,,,,RemoteDisconnected: Remote end closed connection without response
dblp,D20,SEED,recurrence$ sets$ fair$ non-termination$ axiomatic$ memory$,recurrence$ sets$ fair$ non-termination$ axiomatic$ memory$,0,,,https://dblp.org/search/publ/api?q=recurrence%24+sets%24+fair%24+non-termination%24+axiomatic%24+memory%24&h=1000&f=0&c=0&format=json,2026-07-30T22:51:24+00:00,,,,,,0,0,,,,RemoteDisconnected: Remote end closed connection without response
dblp,D21,SEED,lilo$ higher-order$ relational$ concurrent$ separation$ logic$ liveness$,lilo$ higher-order$ relational$ concurrent$ separation$ logic$ liveness$,0,,,https://dblp.org/search/publ/api?q=lilo%24+higher-order%24+relational%24+concurrent%24+separation%24+logic%24+liveness%24&h=1000&f=0&c=0&format=json,2026-07-30T22:51:31+00:00,,,,,,0,0,,,,RemoteDisconnected: Remote end closed connection without response
dblp,D22,SEED,modular$ termination$ verification$ non-blocking$ concurrency$,modular$ termination$ verification$ non-blocking$ concurrency$,0,,,https://dblp.org/search/publ/api?q=modular%24+termination%24+verification%24+non-blocking%24+concurrency%24&h=1000&f=0&c=0&format=json,2026-07-30T22:51:38+00:00,,,,,,0,0,,,,RemoteDisconnected: Remote end closed connection without response
