provider,query_id,provider_record_id,title,year,authors,doi,arxiv_id,venue,record_type,url,cited_by_count,abstract,canonical_key
crossref,C52,10.1109/acsd.2009.10,Formal Verification of Lock-Free Algorithms,2009,Gerhard Schellhorn; Simon Baumler,10.1109/acsd.2009.10,,,proceedings-article,https://doi.org/10.1109/acsd.2009.10,0,,doi:10.1109/acsd.2009.10
crossref,C52,10.1007/978-3-540-27813-9_4,A Formal Reduction for Lock-Free Parallel Algorithms,2004,Hui Gao; Wim H. Hesselink,10.1007/978-3-540-27813-9_4,,,book-chapter,https://doi.org/10.1007/978-3-540-27813-9_4,10,,doi:10.1007/978-3-540-27813-9_4
crossref,C52,10.1109/ipdps.2013.39,Lock-Free and Wait-Free Slot Scheduling Algorithms,2013,Pooja Aggarwal; Smruti R. Sarangi,10.1109/ipdps.2013.39,,,proceedings-article,https://doi.org/10.1109/ipdps.2013.39,7,,doi:10.1109/ipdps.2013.39
crossref,C52,10.1109/tpds.2015.2435786,Lock-Free and Wait-Free Slot Scheduling Algorithms,2016,Pooja Aggarwal; Smruti R. Sarangi,10.1109/tpds.2015.2435786,,,journal-article,https://doi.org/10.1109/tpds.2015.2435786,3,,doi:10.1109/tpds.2015.2435786
crossref,C52,10.1016/j.jpdc.2005.12.004,Designing irregular parallel algorithms with mutual exclusion and lock-free protocols,2006,Guojing Cong; David A. Bader,10.1016/j.jpdc.2005.12.004,,,journal-article,https://doi.org/10.1016/j.jpdc.2005.12.004,8,,doi:10.1016/j.jpdc.2005.12.004
crossref,C52,10.1145/165231.165265,A method for implementing lock-free shared-data structures,1993,Greg Barnes,10.1145/165231.165265,,,proceedings-article,https://doi.org/10.1145/165231.165265,113,,doi:10.1145/165231.165265
crossref,C52,10.1145/564879.564881,High performance dynamic lock-free hash tables and list-based sets,2002,Maged M. Michael,10.1145/564879.564881,,,proceedings-article,https://doi.org/10.1145/564879.564881,43,,doi:10.1145/564879.564881
crossref,C52,10.1145/564870.564881,High performance dynamic lock-free hash tables and list-based sets,2002,Maged M. Michael,10.1145/564870.564881,,,proceedings-article,https://doi.org/10.1145/564870.564881,227,,doi:10.1145/564870.564881
crossref,C52,10.1109/acssc.2016.7869520,Parallel asynchronous lock-free algorithms for nonconvex big-data optimization,2016,Loris Cannelli; Gesualdo Scutari; Francisco Facchinei; Vyacheslav Kungurtsev,10.1109/acssc.2016.7869520,,,proceedings-article,https://doi.org/10.1109/acssc.2016.7869520,5,,doi:10.1109/acssc.2016.7869520
crossref,C52,10.1109/ispdc52870.2021.9521630,Towards an Elastic Lock-Free Hash Trie Design,2021,Miguel Areias; Ricardo Rocha,10.1109/ispdc52870.2021.9521630,,,proceedings-article,https://doi.org/10.1109/ispdc52870.2021.9521630,0,,doi:10.1109/ispdc52870.2021.9521630
crossref,C52,10.1109/pdmc-hibi.2010.10,A General Lock-Free Algorithm for Parallel State Space Construction,2010,Rodrigo T. Saad; Silvano Dal Zilio; Bernard Berthomieu,10.1109/pdmc-hibi.2010.10,,,proceedings-article,https://doi.org/10.1109/pdmc-hibi.2010.10,5,,doi:10.1109/pdmc-hibi.2010.10
crossref,C52,10.1145/113379.113400,Lock-free garbage collection for multiprocessors,1991,Maurice P. Herlihy; J. E. B. Moss,10.1145/113379.113400,,,proceedings-article,https://doi.org/10.1145/113379.113400,6,,doi:10.1145/113379.113400
crossref,C52,10.1007/978-3-540-30474-6_54,Lock-Free Parallel Algorithms: An Experimental Study,2004,Guojing Cong; David Bader,10.1007/978-3-540-30474-6_54,,,book-chapter,https://doi.org/10.1007/978-3-540-30474-6_54,13,,doi:10.1007/978-3-540-30474-6_54
crossref,C52,10.5220/0006653505890598,A Lock-free Algorithm for Parallel MCTS,2018,S. Ali Mirsoleimani; Jaap van den Herik; Aske Plaat; Jos Vermaseren,10.5220/0006653505890598,,,proceedings-article,https://doi.org/10.5220/0006653505890598,3,,doi:10.5220/0006653505890598
crossref,C52,10.1007/s10766-014-0346-1,A Lock-Free Hash Trie Design for Concurrent Tabled Logic Programs,2015,Miguel Areias; Ricardo Rocha,10.1007/s10766-014-0346-1,,,journal-article,https://doi.org/10.1007/s10766-014-0346-1,11,,doi:10.1007/s10766-014-0346-1
crossref,C52,10.1007/978-3-319-49583-5_4,A Portable Lock-Free Bounded Queue,2016,Peter Pirkelbauer; Reed Milewicz; Juan Felipe Gonzalez,10.1007/978-3-319-49583-5_4,,,book-chapter,https://doi.org/10.1007/978-3-319-49583-5_4,5,,doi:10.1007/978-3-319-49583-5_4
crossref,C52,10.23919/fmcad.2018.8603020,Rely-Guarantee Reasoning for Automated Bound Analysis of Lock-Free Algorithms,2018,Thomas Pani; Georg Weissenbacher; Florian Zuleger,10.23919/fmcad.2018.8603020,,,proceedings-article,https://doi.org/10.23919/fmcad.2018.8603020,5,,doi:10.23919/fmcad.2018.8603020
crossref,C52,10.1142/s0129626493000368,ON THE DESIGN OF DEADLOCK-FREE ADAPTIVE MULTICAST ROUTING ALGORITHMS,1993,JOSÉ DUATO,10.1142/s0129626493000368,,,journal-article,https://doi.org/10.1142/s0129626493000368,1,,doi:10.1142/s0129626493000368
crossref,C52,10.1016/j.jpdc.2021.01.001,On the correctness and efficiency of a novel lock-free hash trie map design,2021,Miguel Areias; Ricardo Rocha,10.1016/j.jpdc.2021.01.001,,,journal-article,https://doi.org/10.1016/j.jpdc.2021.01.001,4,,doi:10.1016/j.jpdc.2021.01.001
crossref,C52,10.1109/tpds.2015.2419651,A Lock-Free Priority Queue Design Based on Multi-Dimensional Linked Lists,2016,Deli Zhang; Damian Dechev,10.1109/tpds.2015.2419651,,,journal-article,https://doi.org/10.1109/tpds.2015.2419651,24,,doi:10.1109/tpds.2015.2419651
