source_id,title,version,doi,primary_url,local_pdf,local_text,retrieved_at_utc,sha256,text_sha256,bytes,text_bytes,content_type,status,error
S01,Making Weak Memory Models Fair,OOPSLA 2021 author/arXiv version,10.1145/3485475,https://arxiv.org/pdf/2012.01067,lahav-2021-making-weak-memory-models-fair.pdf,lahav-2021-making-weak-memory-models-fair.txt,2026-07-31T05:41:44+00:00,0cfcaa40506ae405311380ed3458ba02db84c3f414e3c9b2ff3d20cade7f5bdd,83467b4c018c590d436800b333a7508c96f22ec6ef43717d9720b74b411bdf6e,662515,182404,application/pdf,existing,
S02,Fair Operational Semantics,PLDI 2023 author version,10.1145/3591253,https://sf.snu.ac.kr/publications/fairness.pdf,lee-2023-fair-operational-semantics.pdf,lee-2023-fair-operational-semantics.txt,2026-07-31T05:41:44+00:00,b38d58cab06d2d32641d232c476a008e8046f9963223deb7f0040c701994053d,9968a3bbab5b4335d173dac8f6eb7d9dce7ec35b1c0adac0b60fc977fdee0d6f,878131,106345,application/pdf,existing,
S03,Overcoming Memory Weakness with Unified Fairness,CAV 2023 arXiv v1,10.1007/978-3-031-37706-8_10,https://arxiv.org/pdf/2305.17605v1,abdulla-2023-unified-fairness-v1.pdf,abdulla-2023-unified-fairness-v1.txt,2026-07-31T05:41:44+00:00,67cdbd1acadf7928e0856bc0c4fff3f5840997cb8c878d2a99deba41b4728016,e7718547da331a0807566ceaf8ee79d85543521e5cde6a9ab931857fc095d2bc,3017334,94217,application/pdf,existing,
S04,Unified Fairness for Weak Memory Verification,latest arXiv version,,https://arxiv.org/pdf/2305.17605,abdulla-unified-fairness-latest.pdf,abdulla-unified-fairness-latest.txt,2026-07-31T05:41:44+00:00,2a34748c1924f006802e5ec53948461d947204fd44ce8233b13e35d2d99797fc,c02e9d8cb7bcaa317ab83c87136395fd995921b6eebfa0e07ff44b284e39b531,953755,109165,application/pdf,existing,
S05,Recurrence Sets for Proving Fair Non-termination under Axiomatic Memory Consistency Models,POPL 2026 author version; linked paper artifact Zenodo 17770530; cutoff-pinned Dat3M commit a7e3e484,10.1145/3776687,https://hernanponcedeleon.github.io/pdfs/popl2026.pdf,haas-2026-fair-recurrence-sets.pdf,haas-2026-fair-recurrence-sets.txt,2026-07-31T05:41:44+00:00,661c647bb02131646dd0f1172b3adbf6afd8bcfcd389a36c8d3f40bfddd823b7,6325932f1963dc2642bf22808417418609af2483ea7b0b801020b7eb6405297e,831734,157387,application/pdf,existing,
S06,Towards Proving Liveness on Weak Memory,FM 2026 extended version,10.1007/978-3-032-26204-2_6,https://arxiv.org/pdf/2602.19609,bargmann-wehrheim-2026-liveness-weak-memory.pdf,bargmann-wehrheim-2026-liveness-weak-memory.txt,2026-07-31T05:41:44+00:00,3ee778a826f53e5dcf691ee91bcf43835a5675597f88e94d58dc48976566fe27,aae4fab7c0d3bbe74ad657189a1a75cae4860c5791f1af4899fa8087dfe94e80,642330,75673,application/pdf,existing,
S07,The Compass: Verifying Concurrent Programs under Relaxed Memory,PLDI 2022 author version,10.1145/3519939.3523451,https://plv.mpi-sws.org/compass/paper.pdf,kaiser-2022-compass.pdf,kaiser-2022-compass.txt,2026-07-31T05:41:44+00:00,3c565cc4fe276a1788b35a1ed74399b0c8179b7115afc9d4ccd97464348151a8,53acd55e7538eb29b7f709bfbad239641c1d869e7484a1b2c7b5ba9ba289b0a9,777836,139490,application/pdf,existing,
S08,A Proof Recipe for Linearizability in Relaxed Memory Separation Logic,PLDI 2024 author version,10.1145/3656384,https://iris-project.org/pdfs/2024-pldi-proof-recipe.pdf,park-2024-proof-recipe.pdf,park-2024-proof-recipe.txt,2026-07-31T05:41:44+00:00,71ccd484c7a6e82b2cb185b079a2040d88c594018310ba543db6ff729c72d04a,06fe3659ec4721a29da5f2005fe6fd51e6da21103145d5e43478017f8984d886,862183,123221,application/pdf,existing,
S09,Verifying C11-Style Weak Memory Libraries via Refinement,arXiv version,10.1145/3437801.3441619,https://arxiv.org/pdf/2108.06944,dalvandi-dongol-2021-rc11-refinement.pdf,dalvandi-dongol-2021-rc11-refinement.txt,2026-07-31T05:41:44+00:00,b6bffc766d8c755eb0cdfdca176f5ca775abf62fd953245ee2d087eedcc6e353,23b82a2854aca4fff6481fefcdb05e953bf5360f8e9deb45d11b5959351c4197,434989,128418,application/pdf,existing,
S10,Proving That Non-Blocking Algorithms Don't Block,POPL 2009 author version,10.1145/1480881.1480886,https://people.mpi-sws.org/~viktor/papers/popl2009-nonblocking.pdf,gotsman-2009-nonblocking.pdf,gotsman-2009-nonblocking.txt,2026-07-31T05:41:44+00:00,725d490921315a5dc32b74824a29b0b06c864c1394ecca4ab475b3b0c80e891b,0054c141c162d1f08395589c9454d579460e571e41ba046dfcd3e33727327481,216810,115317,application/pdf,existing,
S11,ISO/IEC 9899:201x Committee Draft N1570,C11 committee draft,,https://www.open-std.org/jtc1/sc22/wg14/www/docs/n1570.pdf,wg14-n1570-c11-draft.pdf,wg14-n1570-c11-draft.txt,2026-07-31T05:41:44+00:00,208969fec021e4f4ce87a1873765298c73e7bbb5209b1c5868967c7adfc8492e,6ff5c8b41e3efebb0d4173b63084897dbc16a47edf26391a3a1db38c9e09bd21,1692004,1628659,application/pdf,existing,
S12,ISO/IEC 9899:2023 Committee Draft N3096,C23 committee draft,,https://www.open-std.org/jtc1/sc22/wg14/www/docs/n3096.pdf,wg14-n3096-c23-draft.pdf,wg14-n3096-c23-draft.txt,2026-07-31T05:41:44+00:00,a1262b7d5d2ab0e496e94cb0fe6fab7ec511f29e6aeee669b2d1b16020f30fe4,87afd2c2d1b4b97640ab649ea035cc16e536128487a47f23326be3fa4485bd49,3459096,2494277,application/pdf,existing,
S13,ISO/IEC 9899 Committee Draft N3854,C2Y working draft,,https://www.open-std.org/jtc1/sc22/wg14/www/docs/n3854.pdf,wg14-n3854-c2y-draft.pdf,wg14-n3854-c2y-draft.txt,2026-07-31T05:41:44+00:00,c82730b2ab3aabced7f297f5d306ce1dc5848ebd75c3ceba53f0e4b6e66dea44,9adab59770fde642f93a3eaa4c367cfd27496b16c730624263c2a938c0c43f4e,3437162,2598800,application/pdf,existing,
S14,"Lilo: A Higher-Order, Relational Concurrent Separation Logic for Liveness",OOPSLA 2025 author version,10.1145/3720525,https://iris-project.org/pdfs/2025-oopsla-lilo.pdf,lee-2025-lilo.pdf,lee-2025-lilo.txt,2026-07-31T05:41:44+00:00,4f99219674c76307a5f10edd1927cda4acca369403c10ff708f23b35dac088d3,373ec7d38072a0cb4b8ffce68f7cddae098fd92e6f70be0ed3aa1e05a4b0f661,884240,144358,application/pdf,existing,
S15,Lawyer: Modular Obligations-Based Liveness Reasoning in Higher-Order Impredicative Concurrent Separation Logic,OOPSLA 2026 author version,10.1145/3798240,https://iris-project.org/pdfs/2026-oopsla-lawyer.pdf,namakonov-2026-lawyer.pdf,namakonov-2026-lawyer.txt,2026-07-31T05:41:44+00:00,8b17e26df9b7e9a694b2247ab9a12575321a839501a91a1d43955b1eab82418b,8f186a0565689fab129db5cf992b024083f016fd6b963676b7cd8d1e66eaef81,812641,128070,application/pdf,existing,
S16,Modular Termination Verification with a Higher-Order Concurrent Separation Logic,2022 arXiv intermediate report,,https://arxiv.org/pdf/2212.14126,fasse-jacobs-2022-modular-termination.pdf,fasse-jacobs-2022-modular-termination.txt,2026-07-31T05:41:44+00:00,6f949b87307351666080474fdc4a848aad011da148a76283c207c37c13188003,464159126ea55335fceb7e3a405c84ca0a4ed4f3a722ee1cd41e7be8597682db,948118,86960,application/pdf,existing,
S17,Modular Termination Verification for Non-blocking Concurrency,2016 extended author version,10.1007/978-3-662-49498-1_8,https://vtss.doc.ic.ac.uk/publications/daRochaPinto2016Modular.techreport.pdf,rocha-pinto-2016-total-tada.pdf,rocha-pinto-2016-total-tada.txt,2026-07-31T05:41:44+00:00,5b351ce35c8d10089952e2f558360d864d736b9a77f382423b505b9f75ea4e68,75b21da675e7bf48c59a418fb869a015a2b6f2fed0abc64c1fe609d07fa1de5d,646870,224466,application/pdf,existing,
S18,"Working Draft, Standard for Programming Language C++",N4861 C++20 working draft,,https://www.open-std.org/jtc1/sc22/wg21/docs/papers/2020/n4861.pdf,wg21-n4861-cpp20-draft.pdf,wg21-n4861-cpp20-draft.txt,2026-07-31T05:41:45+00:00,ba9b98596751fa3d16ac7e34996a5b582bb594261162449d5848cba8865253d2,c92c78334cad2d5849e6e4088a0d5de693bc2c1fbe4413fb1f3d732aa355914b,7045947,6787286,application/pdf,existing,
S19,A Program Logic for Concurrent Objects under Fair Scheduling,POPL 2016 author version,10.1145/2837614.2837635,https://cs.nju.edu.cn/xyfeng/research/publications/POPL2016.pdf,liang-feng-2016-lili.pdf,liang-feng-2016-lili.txt,2026-07-31T05:41:45+00:00,67fd93c1f0e25382bf834e8126ce1bc10d848f7f30c4f7859b761e9aa4650850,d506de96b191e2b9bdbfb3f2843f912fbdf1a0e7606b04d19bd8cb9a194d3cf5,501782,144240,application/pdf,existing,
S20,Compositional Verification of a Lock-Free Stack with RGITL,AVoCS 2013/ECEASST volume 66 version,10.14279/tuj.eceasst.66.885,https://eceasst.org/index.php/eceasst/article/download/2091/2244/2255,tofan-2013-rgitl-stack.pdf,tofan-2013-rgitl-stack.txt,2026-07-31T05:41:45+00:00,9d8ac82fe520d46f056fd2241e7fb97c478d3c6a5084703904ce437337092a36,9889b58c8935b8e0686171013742c1b37e0bb3f034bab538f0a3b253b4200cae,149702,53145,application/pdf,existing,
S21,VSync: Push-Button Verification and Optimization for Synchronization Primitives on Weak Memory Models,ASPLOS 2021 technical report,10.1145/3445814.3446748,https://arxiv.org/pdf/2102.06590,oberhauser-2021-vsync.pdf,oberhauser-2021-vsync.txt,2026-07-31T05:41:45+00:00,a997d4e335af90224ef483f76fce228bdf29f9205810b8ebf54fb23b9d6b09ea,76c8320534d28d76aea7cb9a7b8814e11f0b42be37c147c002bdd27db7a894f7,689437,183324,application/pdf,existing,
S22,Trillium: Higher-Order Concurrent and Distributed Separation Logic for Intensional Refinement,POPL 2024 author version,10.1145/3632851,https://iris-project.org/pdfs/2024-popl-trillium.pdf,timany-2024-trillium.pdf,timany-2024-trillium.txt,2026-07-31T05:41:45+00:00,2b11ecc836e284d75e54e51a9d4fc8a4ca542d767f39049d066e5cf9d3e3a455,fa7d1e629beb392bc4d3fddb0bfe4831fb2e85db964b6ed6a204be7e5159e2e4,782023,153158,application/pdf,existing,
S23,Verifying Wait-Freedom for Concurrent Higher-Order Programs,ECOOP 2026 publisher version,10.4230/LIPIcs.ECOOP.2026.20,https://drops.dagstuhl.de/storage/00lipics/lipics-vol372-ecoop2026/LIPIcs.ECOOP.2026.20/LIPIcs.ECOOP.2026.20.pdf,namakonov-2026-wait-freedom.pdf,namakonov-2026-wait-freedom.txt,2026-07-31T05:41:45+00:00,a68c604b8632c856ecfe4e91e5ae2b701624b3e397470ba0f2195ea1ef04d01b,df0f1182af357186c3dcc7ee47818a0d418a0fc693cc94b400a6db37a29d85a0,1546181,120685,application/pdf,existing,
S24,Nola: Later-Free Ghost State for Verifying Termination in Iris,PLDI 2025 author version,10.1145/3729250,https://shiatsumat.github.io/papers/pldi2025-nola.pdf,matsushita-2025-nola.pdf,matsushita-2025-nola.txt,2026-07-31T05:41:45+00:00,acdd2a35b89da20cd0dd52b4cfb8fc1f133ccae316ef8e4531cdb61093685467,9babc9d5b003652437905b5683d221def874784f019364aa5199603fc67e2369,881591,125946,application/pdf,existing,
S25,Shape Abstraction of Thread Interferences,SAS 2026 artifact README,10.5281/zenodo.21258346,https://zenodo.org/records/21258346/files/README.pdf?download=1,barbazo-2026-shape-interference-artifact-readme.pdf,barbazo-2026-shape-interference-artifact-readme.txt,2026-07-31T05:41:45+00:00,156957149ae2258175e189224b966472752f8312d859a1e47bb33f701422d8fc,a3efff7f8aa7931da3f8191fc113d1a2cf1a7c73dfcbc3f478ba919c7bf265f9,183124,15593,application/pdf,existing,
S26,Memento: A Framework for Detectable Recoverability in Persistent Memory,PLDI 2023 author version,10.1145/3591232,https://www.soundandcomplete.org/papers/PLDI2023/memento.pdf,cho-2023-memento.pdf,cho-2023-memento.txt,2026-07-31T05:41:45+00:00,286911551c88682a841a2987578ea1cdd706c604ce526fd282cc6880a1f43cac,27c9ec3bf6217e43553909b7ed2df83ec19c6c38c9c7ccb488883e1caef8ac2c,672087,123268,application/pdf,existing,
S27,Spirea: A Mechanized Concurrent Separation Logic for Weak Persistent Memory,OOPSLA 2023 author version,10.1145/3622820,https://cs.au.dk/~birke/papers/spirea-2023.pdf,vindum-2023-spirea.pdf,vindum-2023-spirea.txt,2026-07-31T05:41:45+00:00,b26d1a96bab3e67d019420dd74916df1e950d43d97175733769fe103c3d054a2,32571d42f68c8370adb7b84343e95e336c2bc92f9bae750ef1f1988b34d2ae94,362478,123372,application/pdf,existing,
S28,Formal Verification of a Lock-Free Stack with Hazard Pointers,ICTAC 2011 institutional postprint mirrored by the German National Library,10.1007/978-3-642-23283-1_16,https://d-nb.info/1383093202/34,tofan-2011-hazard-pointer-stack.pdf,tofan-2011-hazard-pointer-stack.txt,2026-07-31T05:41:45+00:00,06a7ac85d225cf684ab4bdcec4e998c479de2aa4ec27fca6a9aa448013263648,65f34fcf650ea47a7cad49c5925fa007845a681a612a2fe4159bf4a385c3fb40,306396,50484,application/pdf,existing,
S29,Will It Fit? Verifying Heap Space Bounds of Concurrent Programs under Garbage Collection,TOPLAS 2025 author version,10.1145/3716312,https://iris-project.org/pdfs/2025-toplas-willitfit.pdf,moine-2025-will-it-fit.pdf,moine-2025-will-it-fit.txt,2026-07-31T05:41:45+00:00,4cb8ccafffb39828053262c335233f66273fc8955eb1dc3f8e918bc5f3262fea,b5fe76850c499f7ef4ada67bd83d15ead0be7bf63a30884e13ec1ea7df643802,984880,336740,application/pdf,existing,
S30,Marrying Miri and GenMC: Improving Miri's Ability to Detect Concurrency Bugs,"ETH Zürich MSc thesis, 2025-09-10",,https://ethz.ch/content/dam/ethz/special-interest/infk/inst-pls/plf-dam/documents/StudentProjects/MasterTheses/2025-Patrick-Thesis.pdf,muntwiler-2025-miri-genmc.pdf,muntwiler-2025-miri-genmc.txt,2026-07-31T05:41:45+00:00,2515391808406e238a0cdc024a6fa203444e6e84ecc24be68a58bb3a3242dacd,8c086e69de19587876baacf7ada1d4b4f0225efc3a41dd37f000a5da6bf29935,1824691,210613,application/pdf,existing,
S31,Mirror is Not Strong: Discovery of a Persistent Memory Bug using Refinement in KIV,2025 accepted manuscript,10.1007/978-3-031-92196-4_16,https://openresearch.surrey.ac.uk/view/pdfCoverPage?instCode=44SUR_INST&filePid=13220942020002346&download=true,schellhorn-2025-mirror-not-strong.pdf,schellhorn-2025-mirror-not-strong.txt,2026-07-31T05:41:45+00:00,f6d1f39e19be1e3a0a77a6d830deec172d12a82a89dd8f2835366a6c9b96103c,338161607a8363e60eb97465a9241f57fa1739e13221e276596a0748b5a311e7,855090,94919,application/pdf,existing,
S32,Zoo: A Framework for the Verification of Concurrent OCaml 5 Programs using Separation Logic,POPL 2026 author version,10.1145/3776701,https://clef-men.github.io/publications/allain-scherer-26-zoo.pdf,allain-scherer-2026-zoo.pdf,allain-scherer-2026-zoo.txt,2026-07-31T05:41:45+00:00,dcef44093e827f69d8b99a9c5549f6d731b1120857adde8e081e05c21c1f8bea,c2e3d8d7a19844419cce76bdfd1c5bf72291f921278f07519a310876d8f38cf8,684911,114227,application/pdf,existing,
S33,Relinche: Automatically Checking Linearizability under Relaxed Memory Consistency,POPL 2025 author version,10.1145/3704906,https://people.mpi-sws.org/~viktor/papers/popl2025-relinche.pdf,jia-2025-relinche.pdf,jia-2025-relinche.txt,2026-07-31T05:41:45+00:00,20f7be9c9ff78e387d0085dc74e4c08d8184f886f8205b95a593cbfaf018b832,07eacab3ede48bc3dd31b1f314da59e5e2bc416dd77db7a03d7eeab3a70d967b,855384,120580,application/pdf,existing,
S34,Modular Verification of Safe Memory Reclamation in Concurrent Separation Logic,OOPSLA 2023 author version,10.1145/3622827,https://iris-project.org/pdfs/2023-oopsla-reclamation.pdf,choi-2023-modular-reclamation.pdf,choi-2023-modular-reclamation.txt,2026-07-31T05:41:45+00:00,3e2ec986e5e4eb1f28a34858f22f6a89b26adb39a1955a2959a8762e3dda164a,718c478fb6be6a96a9b8fedf42ea22715198652580b59a6efe5e8e0d4c0d89d5,897269,169664,application/pdf,existing,
S35,A Separation Logic for Parallel Time Complexity with Work and Span Credits,"arXiv v1, 2026-07-13; forthcoming ICFP 2026",10.1145/3828679,https://arxiv.org/pdf/2607.11582,moine-2026-parallel-time.pdf,moine-2026-parallel-time.txt,2026-07-31T05:41:45+00:00,b4ed5ce763ef537bf5b6d88bd394bf5c245b8d6f475b1cdd62025ec59ead5a35,a44f70a6605c044539e93c5654b91da4550a2179eda84426b7d3da08061dfb6f,818744,147966,application/pdf,existing,
S36,Progress-Based Verification and Derivation of Concurrent Programs,"University of Queensland PhD thesis, March 2009",,https://brijeshdongol.github.io/thesis.pdf,dongol-2009-progress-thesis.pdf,dongol-2009-progress-thesis.txt,2026-07-31T05:41:45+00:00,0064657b4e87dd3caf32528cb4777e7e08cec9177cd0561ae5c99921f05b8e16,e8eb320664d699bddb299c9cade51e134ea53916a78b11c4fbb36c7a9cc693fd,1138763,491896,application/pdf,existing,
S37,Verifying Lock-Free Traversals in Relaxed Memory Separation Logic,PLDI 2025 author version,10.1145/3729248,https://iris-project.org/pdfs/2025-pldi-weak-reachability.pdf,park-2025-lock-free-traversals.pdf,park-2025-lock-free-traversals.txt,2026-07-31T05:41:45+00:00,80a8745e213d19b034ce3cf4c382ff0fb966e4ca83ceac0a8bdc5ec0779addcf,6adce6330844999aa93fba5e25e3328428e18512b287d2b6b2a1487c0ed00c09,905220,127489,application/pdf,existing,
S38,Mechanizing a Correctness Proof for a Lock-Free Concurrent Stack,FMOODS 2008 IFIP open-access version,10.1007/978-3-540-68863-1_6,https://dl.ifip.org/db/conf/fmoods/fmoods2008/DerrickSW08.pdf,derrick-2008-lock-free-stack.pdf,derrick-2008-lock-free-stack.txt,2026-07-31T05:41:45+00:00,85ecdc90984064134f008b98ab816621d0f0955a1b560db1c2ec6a527377022a,f1c6b5ac56a089e52651c60983186c9d4502b730b540d9a2483e90da331134e5,198032,47060,application/pdf,existing,
S39,Modular Verification of a Non-Blocking Stack,POPL 2007 author-hosted copy,10.1145/1190216.1190261,https://flint.cs.yale.edu/cs428/doc/non-blocking-stack.pdf,parkinson-2007-non-blocking-stack.pdf,parkinson-2007-non-blocking-stack.txt,2026-07-31T05:41:45+00:00,8de0aac55ceda836b7d7bef9516483b555ca5b6ac554ba54684d15bd58ea52f4,7f1daee5f409c54cac2d1f28eb6422cdbf5f7c17dfa12da842f8a67faec8cb3e,188751,53730,application/pdf,existing,
S40,Rely-Guarantee Bound Analysis of Parameterized Concurrent Shared-Memory Programs,Formal Methods in System Design 2021 open-access version,10.1007/s10703-021-00370-8,https://d-nb.info/1234298783/34,pani-2021-rely-guarantee-bounds.pdf,pani-2021-rely-guarantee-bounds.txt,2026-07-31T05:41:45+00:00,e25c3124833e3f40396213a1a8292d371a40cdde47c6d42ff44b3ad634bf1b39,4b57cddc7c8597cb11e309502e80db45e1d34967cb1e9c1b96c7c68c4b6b0a60,1068121,103059,application/pdf,existing,
S41,Formal Verification of Lock-Free Algorithms,ACSD 2009 archived author version,10.1109/ACSD.2009.10,https://scholar.archive.org/work/4pfn4w4inrcefh6ttsan4qe2sm/access/wayback/http://es.cs.uni-kl.de/publications/data/ScBa09.pdf,schellhorn-baeumler-2009-lock-free-algorithms.pdf,schellhorn-baeumler-2009-lock-free-algorithms.txt,2026-07-31T05:41:45+00:00,30fa35a20cc94f725ea2e38f2dc98c32ef11b2727a029f091b634c9b5529d7f0,434280c115f93e6d60571a682f3c8dc78310da1bc137b45a6b31c6977539b5e3,173223,43835,application/pdf,existing,
S42,Progress Guarantee for Parallel Programs via Bounded Lock-Freedom,PLDI 2009 author version,10.1145/1542476.1542493,https://csaws.cs.technion.ac.il/~erez/Papers/bounded-lf-pldi.pdf,petrank-2009-bounded-lock-freedom.pdf,petrank-2009-bounded-lock-freedom.txt,2026-07-31T05:41:45+00:00,94cb48916a0a0453bc4952e79e096081055316a9ffd635d2f8c37b8e0c46e183,f54565f53db4398cdd16966fa19a6a33ba7da109d4437b410d6cc5df5c9b2bb5,200290,86239,application/pdf,existing,
S43,Effective Memory Reclamation for Lock-Free Data Structures in C++,"TU Wien diploma thesis (Diplomarbeit), 2018-01-22",10.34726/hss.2018.51367,https://repositum.tuwien.at/retrieve/8679,poeter-2018-memory-reclamation.pdf,poeter-2018-memory-reclamation.txt,2026-07-31T05:41:45+00:00,e6d3c838487ead54d77bedb66b79947a0160a72b90bb59e93c16e10c16adb8ed,eb4768faa78b7063ad647b7ba1047461114061b208e5a93f39235b6347064dc9,1975763,514241,application/pdf,existing,
S44,On the Use of Model Checking for the Bounded and Unbounded Verification of Nonblocking Concurrent Data Structures,"Victoria University of Wellington doctoral thesis, 2013",10.26686/wgtn.17004076,https://ndownloader.figshare.com/files/31456201,friggens-2013-model-checking.pdf,friggens-2013-model-checking.txt,2026-07-31T05:41:45+00:00,caa973327cfbd7168e80e25cd10231480d2f74db7e7bf7f9711a0e1a6241563d,7b72285752fdb9028c53385801c1df13a3f9345f3775237e2ece64db9d723fbe,1816387,618925,application/pdf,existing,
S45,Decidability of Liveness on the TSO Memory Model,FAC 38(1) 2026 final metadata and accessible 2021 arXiv preprint,10.1145/3766061,https://arxiv.org/pdf/2107.09930,wang-2026-tso-liveness-preprint.pdf,wang-2026-tso-liveness-preprint.txt,2026-07-31T05:41:46+00:00,d871cd090ff243eb03180e0738c8a9894c4bcbb5ca0cf3c17c5edda2d3aff938,6a7a471d8fd473badbe4e089cf3969da2143229d8f46e0ea4d409b27e796d754,379374,61255,application/pdf,existing,
S46,Correctness and Progress Verification of Non-Blocking Programs,"University of Central Florida doctoral dissertation, 2019",,https://stars.library.ucf.edu/cgi/viewcontent.cgi?article=7557&context=etd,peterson-2019-progress-dissertation.pdf,peterson-2019-progress-dissertation.txt,2026-07-31T05:41:46+00:00,675bc7eca89830f157705346c709d06f09a85b7eed53b92798e464634cf9c4ba,598aeffa9cda464df8c1e5dedf49f44bba6abb8ee80d027f049c8df460e5723a,1079107,322932,application/pdf,existing,
S47,A Simple Proof System for Lock-Free Concurrency,PSPL 2010 open proceedings version,10.29007/n3nk,https://easychair.org/publications/paper/xJD/download,caires-2010-proof-system.pdf,caires-2010-proof-system.txt,2026-07-31T05:41:46+00:00,eeb8fb06177b51648703753d0f84b4d88a0e0b4d89ca7dd39d6ac8b5e3a076cf,dcdc61b7bded0452ea53b75aaeb48c5c19f91e2c0cec697f4b31d4f6a591ed4e,56756,8642,application/pdf,existing,
S48,A Proof System for Lock-Free Concurrency,"NOVA University Lisbon master's thesis, 2013",,https://run.unl.pt/server/api/core/bitstreams/8a8e2a3b-3f6e-407e-9ca2-bdf249889f40/content,serra-2013-proof-system.pdf,serra-2013-proof-system.txt,2026-07-31T05:41:46+00:00,391667129f9e70c4243e7e312e6f66ea8f4265c804fe10897b1bb2160a3118c4,6cbf2cc083b723263de768154e048319f5ae2473e49378cbfd657dc5c1bba72f,555994,187323,application/pdf,existing,
S49,Temporal Logic Verification of Lock-Freedom,MPC 2010 CiteSeerX mirror of the institutional postprint,10.1007/978-3-642-13321-3_21,https://citeseerx.ist.psu.edu/document?doi=869ae96da6326045f6dcfd0c7dbf4574a19aabcf&repid=rep1&type=pdf,tofan-2010-temporal-lock-freedom.pdf,tofan-2010-temporal-lock-freedom.txt,2026-07-31T05:41:46+00:00,005326c8fbdc53bae1d5be9fe000f11e21d8e4354dade4261487f043ff58705c,c5ab217a09268c25f3f1a50cc718272c5b46dbdb993e2142759792f24ded320f,216339,59637,application/pdf,existing,
S50,A Scalable Lock-Free Stack Algorithm,SPAA 2004 author version,10.1145/1007912.1007944,https://people.csail.mit.edu/shanir/publications/Lock_Free.pdf,hendler-2004-scalable-stack.pdf,hendler-2004-scalable-stack.txt,2026-07-31T05:41:46+00:00,7d0203f55e992df1ef487c6418ac472aaf606d238b51148f0465c42118de44f1,1dc4f370a6952b1f220173a4b320e16c7baa0dec43918fbfede6b8e6c836c8b8,221870,86599,application/pdf,existing,
S51,Thread-Modular Counter Abstraction: Automated Safety and Termination Proofs of Parameterized Software by Reduction to Sequential Program Verification,Formal Methods in System Design 2023 open-access version,10.1007/s10703-023-00439-6,https://link.springer.com/content/pdf/10.1007/s10703-023-00439-6.pdf,pani-2023-thread-modular-counter.pdf,pani-2023-thread-modular-counter.txt,2026-07-31T05:41:46+00:00,3dcadbc16428b20cb4933fbd47ac8c5e5ca00eb2203365deb490ecd91acfc113,429671836cdcbb96dcfad685c367455eb48b6566f7f3e2e6a6878da68e94c78a,2203451,120976,application/pdf,existing,
S52,Detecting Fair Non-termination in Multithreaded Programs,CAV 2012 author-hosted conference version,10.1007/978-3-642-31424-7_19,https://github.com/michael-emmi/research-papers/raw/master/conf-cav-AtigBEL12.pdf,atig-2012-fair-nontermination.pdf,atig-2012-fair-nontermination.txt,2026-07-31T05:41:46+00:00,f93ca5e0cd4a599954dca0860e5b874ad6bd3385da217312b42f1080b10f3256,db79c668cbd7261bed6419c61c6f584223a68e013a68133f3daa65547ee66784,335285,59466,application/pdf,existing,
S53,Compositional Verification of Termination-Preserving Refinement of Concurrent Programs,"CSL-LICS 2014 companion technical report (June 9, 2014)",10.1145/2603088.2603123,https://flint.cs.yale.edu/flint/publications/rgsimt-tr.pdf,liang-2014-termination-refinement-tr.pdf,liang-2014-termination-refinement-tr.txt,2026-07-31T05:41:46+00:00,4e732f32e628f8ab02e58f45b30f58eb6c333099b9ac57502817f69b25bc02ff,99a8c543b60b1c395c9234d08eeb9ef44af469a5020ac07e2df14bc4ac1382a3,950298,252479,application/pdf,existing,
S54,The Design and Verification of Dynamic-sized Nonblocking Data Structures,"Victoria University of Wellington PhD thesis, 2010",10.26686/wgtn.16969549.v1,https://ndownloader.figshare.com/files/31390636,doherty-2010-nonblocking-thesis.pdf,doherty-2010-nonblocking-thesis.txt,2026-07-31T05:41:46+00:00,a6d20ba6d62607a422d2b4df84e0d78efa2f3a11518dba6933b8338923587ffb,6f38056e1786ec1aac0367dabdc45a213e280f1ed36a2566b95761b2eaffe42b,1051997,565081,application/pdf,existing,
S55,Automated Robustness Verification of Concurrent Data Structure Libraries against Relaxed Memory Models,OOPSLA 2024 extended author version,10.1145/3689802,https://kartiknagar.github.io/publication/oopsla24/oopsla24.pdf,nagar-2024-robocop.pdf,nagar-2024-robocop.txt,2026-07-31T05:41:46+00:00,b24d325e75c8d5abef9da3eb1121ecbcdb8308f212e29bc1eb8774b656d2ed77,e65bf1441636a8ca44d4f571f24dbc55309f0bb676428eec7c73bb3eb79b62ef,5468079,639390,application/pdf,existing,
S56,Verifying General-Purpose RCU for Reclamation in Relaxed Memory Separation Logic,PLDI 2025 author version,10.1145/3729246,https://iris-project.org/pdfs/2025-pldi-weak-smr.pdf,jung-2025-rcu-relaxed-memory.pdf,jung-2025-rcu-relaxed-memory.txt,2026-07-31T05:41:46+00:00,8d93b9c8f475ce0ae033480ce2699f286632ce544c9995ac0047df2ba47906ab,edf855b19bfafeb9597c336acaef9ca368bee63b9622ffed0da818f8dc62aeb6,767131,114678,application/pdf,existing,
S57,Program Verification Under Weak Memory Consistency Using Separation Logic,CAV 2017 invited author version,10.1007/978-3-319-63387-9_2,https://people.mpi-sws.org/~viktor/papers/cav2017-invited.pdf,vafeiadis-2017-weak-memory-separation-logic.pdf,vafeiadis-2017-weak-memory-separation-logic.txt,2026-07-31T05:41:46+00:00,e2a8223690fcb71a8e90c245563cda531da023fcf98354c9dbede07241c54d0e,53f910b1511ef4b92c3b1f789c8271ecf5b39ae35188f02848c37c12a465fbce,416287,53587,application/pdf,existing,
S58,Formal Verification of a Concurrent Bounded Queue in a Weak Memory Model,ICFP 2021 author version,10.1145/3473571,https://iris-project.org/pdfs/2021-icfp-cosmo-queue-final.pdf,mevel-2021-weak-memory-bounded-queue.pdf,mevel-2021-weak-memory-bounded-queue.txt,2026-07-31T05:41:46+00:00,da98c9cdad32743e82d83f64e773aec53d9357c878437c11685c5ae9349f9fac,7e514d6bb4a1ccfa972707ca2dc401f93e2a691b12d9e69c2ccb2854c9b2611a,657640,133213,application/pdf,existing,
S59,Dynamic Robustness Verification against Weak Memory,PLDI 2025 author version and arXiv 2504.15036,10.1145/3729277,https://people.inf.ethz.ch/mkokologiann/papers/pldi2025-rsan.pdf,margalit-2025-dynamic-robustness.pdf,margalit-2025-dynamic-robustness.txt,2026-07-31T05:41:46+00:00,e69668e2c12de582a650252047194cf6c990b9ba8dbd1fb5329fdda1182254da,c62533ca2cfe0b0e5103f4a591444537c04f90e899d1d7c34952c32abb67efc3,728075,112757,application/pdf,existing,
S60,Scaling Up Relaxed Memory Verification with Separation Logics,"Saarland University doctoral dissertation, 2024",10.22028/D291-43142,https://publikationen.sulb.uni-saarland.de/bitstream/20.500.11880/38842/1/thesis.pdf,dang-2024-relaxed-memory-verification-thesis.pdf,dang-2024-relaxed-memory-verification-thesis.txt,2026-07-31T05:41:46+00:00,fb850870a3539b0a8b868fcc38400b18516cd1e0335f158bc2cb9e68e7424500,423f353df08367627d18998a66fa37d94200b93e6219f909bb50dc398ceaa2fd,3009715,1330675,application/pdf,existing,
S61,Context-Bounded Verification of Liveness Properties for Multithreaded Shared-Memory Programs,POPL 2021 institutional primary version,10.1145/3434325,https://pure.mpg.de/rest/items/item_3337486/component/file_3337487/content,baumann-2021-context-bounded-liveness.pdf,baumann-2021-context-bounded-liveness.txt,2026-07-31T05:41:46+00:00,cc05e375a34506fe8ec0cbaf9c974cb15025f49692cda8acc3892692e4b283d5,712dab054898dc0a39d987daddb8d091089e8ad1e3d1472d3606413872402c0d,436405,142938,application/pdf,existing,
S62,Effective Program Verification for Relaxed Memory Models,CAV 2008 Microsoft Research author version,10.1007/978-3-540-70545-1_12,https://www.microsoft.com/en-us/research/wp-content/uploads/2016/02/burckhardt-musuvathi-CAV08.pdf,burckhardt-2008-relaxed-memory-verification.pdf,burckhardt-2008-relaxed-memory-verification.txt,2026-07-31T05:41:46+00:00,c5cbf931977340c8820e0b5dfd71e7dd4cb1513e9328b4c0646005a69a7f3de7,8bd74263412a981d383a0862cfc5bfb237315c000540f151269f015bdaa76ce6,638896,41059,application/pdf,existing,
S63,A Verification-Based Approach to Memory Fence Insertion in Relaxed Memory Systems,SPIN 2011 author postprint,10.1007/978-3-642-22306-8_10,https://orbi.uliege.be/bitstream/2268/91581/1/LW%20SPIN2011.pdf,linden-2011-memory-fence-insertion.pdf,linden-2011-memory-fence-insertion.txt,2026-07-31T05:41:46+00:00,2b5f6f1672a51330866fb7c098d055437ad29b49e713ce9bc973eae1ef9a176f,5f474be38a976657d92b9474ca7de8fe3f892bde7de718baa0e7bae72353ee14,333324,47231,application/pdf,existing,
S64,"Impartiality, Justice and Fairness: The Ethics of Concurrent Termination",ICALP 1981 Springer version,10.1007/3-540-10843-2_22,https://link.springer.com/content/pdf/10.1007/3-540-10843-2_22.pdf,lehmann-1981-impartiality-fairness.pdf,lehmann-1981-impartiality-fairness.txt,2026-07-31T05:41:46+00:00,5c97f5efaec997bd6253a6262dd2ccfd0eb61d73f74d2992e4baded49c1b8e59,95a487fa245e78ce7ddf01f37973a9d3ef6dd34bedd9be4c2ac371c2a96bd445,741668,46356,application/pdf,existing,
S65,A Light-Weight Algorithm for Model Checking with Symmetry Reduction and Weak Fairness,SPIN 2003 author version,10.1007/3-540-44829-2_6,https://spinroot.com/spin/symposia/ws03/Bosnacki.pdf,bosnacki-2003-weak-fairness.pdf,bosnacki-2003-weak-fairness.txt,2026-07-31T05:41:46+00:00,cc42f1b7c5a6cca88da6fba7f48d73ca2dc36f855bf889284b1a3cdbfc1130f2,2cf4e3f37eb0dc6a06e642b2d43be7f0b3881c065b59babf93809758744187ba,271224,118353,application/pdf,existing,
S66,PAT: Towards Flexible Verification under Fairness,CAV 2009 author version,10.1007/978-3-642-02658-4_59,https://pat.comp.nus.edu.sg/resources/publications/pdf/cav09.pdf,sun-2009-pat-fairness.pdf,sun-2009-pat-fairness.txt,2026-07-31T05:41:47+00:00,0a7bbd14c62b26da626f90c6b00d9256373e5c5e2fee0149387c36962dd6f769,6e86b92a6d003c677b46543177f4d186ecd416a64b3ffc3e4df91463057d4e38,78207,21111,application/pdf,existing,
S67,CQS: A Formally-Verified Framework for Fair and Abortable Synchronization,PACMPL 2023 full arXiv version,10.1145/3591230,https://arxiv.org/pdf/2111.12682,koval-2023-cqs.pdf,koval-2023-cqs.txt,2026-07-31T05:41:47+00:00,40f09d3a055d6c867a61fa267a73f77a94b2331eab2ff3063d9d2b969154d8be,906f218e1d59f14a0402ecd5adc85505b762402c0bcea64376d051bbd00b1958,1228639,264613,application/pdf,existing,
S68,Bounded Model Checking of Concurrent Data Types on Relaxed Memory Models: A Case Study,CAV 2006 Microsoft author version,10.1007/11817963_45,https://www.microsoft.com/en-us/research/wp-content/uploads/2016/02/cav06-1.pdf,burckhardt-2006-bmc-relaxed-data-types.pdf,burckhardt-2006-bmc-relaxed-data-types.txt,2026-07-31T05:41:47+00:00,efde33f1f977966544d973363bc630678009b002c5b52bcae28baef4a257c4ec,3a926f3ba1fe1bb55c7ffd1a0789db2fd3affd45db3e1c97139cb5053b08737d,1703225,45901,application/pdf,existing,
S69,Dartagnan: Bounded Model Checking for Weak Memory Models,TACAS 2020 author version,10.1007/978-3-030-45237-7_24,https://hernanponcedeleon.github.io/pdfs/svcomp20.pdf,ponce-de-leon-2020-dartagnan.pdf,ponce-de-leon-2020-dartagnan.txt,2026-07-31T05:41:47+00:00,037aa75b4837ee26efcd16d84cc0208d6d662009038b6dee41560314df0c1e1b,4c3fda32e1943353e875c0e9f9352701a126e4a7c5de8c5139e1d0eebc9eb9df,479235,10703,application/pdf,existing,
S70,GenMC: A Model Checker for Weak Memory Models,CAV 2021 author version and source tag v0.6,10.1007/978-3-030-81685-8_20,https://people.inf.ethz.ch/mkokologiann/papers/cav2021-genmc.pdf,kokologiannakis-2021-genmc.pdf,kokologiannakis-2021-genmc.txt,2026-07-31T05:41:47+00:00,9f8de0638508863dd02737c5c014a3b663f1d5a042e8c1c46acfa4d47fdbb0e5,fd699ca7462cc79e87bf054cdd539f9f499816e6e081f52d8c1008714cef4aef,581164,40374,application/pdf,existing,
S71,On the Verification Problem for Weak Memory Models,POPL 2010 author version,10.1145/1706299.1706303,https://www.irif.fr/~abou/Articles/popl175-atig.pdf,atig-2010-weak-memory-verification.pdf,atig-2010-weak-memory-verification.txt,2026-07-31T05:41:47+00:00,44c2e260075409d4d340f232d57c963af24ff3b59860edae167514ea064f2f24,63477226c8a2b660c98257757f0cf65520b87e703dd03e55320a511c2d6d7e06,387204,114154,application/pdf,existing,
S72,A Formal Analysis of the NVIDIA PTX Memory Consistency Model,ASPLOS 2019 NVIDIA manuscript,10.1145/3297858.3304043,https://d1qx31qr3h6wln.cloudfront.net/publications/ASPLOS_2019_PTXMemoryModel.pdf,lustig-2019-ptx-memory-model.pdf,lustig-2019-ptx-memory-model.txt,2026-07-31T05:41:47+00:00,8681a3a6e6bf3dadb82381dc788f2ae0ed623548ea09190c02bfa1abc699c044,0ca94eb37f779a146b092b8c02c7d825f0d3cefc33c7a2ae2fc5cd29dc7098e4,658937,94800,application/pdf,existing,
S73,Formally Verified Liveness with Multiparty Session Types in Rocq,ITP 2026 published version,10.4230/LIPIcs.ITP.2026.4,https://drops.dagstuhl.de/storage/00lipics/lipics-vol382-itp2026/LIPIcs.ITP.2026.4/LIPIcs.ITP.2026.4.pdf,keskin-2026-mpst-liveness.pdf,keskin-2026-mpst-liveness.txt,2026-07-31T05:41:47+00:00,5fabed7c39a543d3a066c2a111e9b37aa9f41d8809e8532b7ad8bc035e94f544,6cfb14d2737a63eccb2e5b13c6facc30fdcef570fb3f6b228e4cd577a349462a,1105878,84976,application/pdf,existing,
S74,On the Semantics of Fair Parallelism,Warwick technical report CS-RR-031,10.1007/3-540-10007-5_47,https://wrap.warwick.ac.uk/id/eprint/59429/1/WRAP_Park_cs-rr-031.pdf,park-1979-fair-parallelism.pdf,park-1979-fair-parallelism.txt,2026-07-31T05:41:47+00:00,fb74d8eb46c4845c4c302074b69e05b51ba94f6d58dee84b4323dd90db188bbe,423cecce72a33a79ed68a6eeb625e1e59209a91a3cfb25e056376c83c224035d,1498147,52646,application/pdf,existing,
S75,A Compositional Proof Method for Linearizability Applied to a Wait-Free Multiset,IFM 2014 institutional postprint,10.1007/978-3-319-10181-1_22,https://opus.bibliothek.uni-augsburg.de/opus4/files/53640/53640.pdf,tofan-2014-wait-free-multiset.pdf,tofan-2014-wait-free-multiset.txt,2026-07-31T05:41:47+00:00,b4a64e3eff7f68d25020a2eff55e9ac81da33f235c59ca04916fcd850cecefec,f0778ec123616d7692ba6154831425dae91b4aa2f743c8eb6bcfbba4b17d9660,1224933,50085,application/pdf,existing,
S76,A Formal Reduction for Lock-Free Parallel Algorithms,CAV 2004 institutional publisher version,10.1007/978-3-540-27813-9_4,https://pure.rug.nl/ws/files/2980544/2004LNCSGao.pdf,gao-2004-lock-free-reduction.pdf,gao-2004-lock-free-reduction.txt,2026-07-31T05:41:47+00:00,2a30571be18cdebaf527500cefdfad7e24ddc270a6c6a4366376763f68564d20,a44b9795818c7a32e3e26bbc640919423a82a16fee42ea7a459306fdc82cdddd,445388,35480,application/pdf,existing,
S77,Fairness for Infinite-State Systems,TACAS 2015 author version,10.1007/978-3-662-46681-0_30,https://www.cse.chalmers.se/~piterman/publications/2015/CKP15a.pdf,cook-2015-infinite-state-fairness.pdf,cook-2015-infinite-state-fairness.txt,2026-07-31T05:41:47+00:00,27391c4a26f9a12037ce9f799d9138388d2b1ecfbcf8c43b8170da35982bac20,f79947e90bf5a83299376ee8f75df3efba9324dd96d44b6e625dcaaee0633a02,446651,47480,application/pdf,existing,
S78,Modular Termination Verification of Single-Threaded and Multithreaded Programs,TOPLAS 2018 institutional manuscript,10.1145/3210258,https://lirias.kuleuven.be/retrieve/411c54a9-cb2e-45d2-bd69-3a789d9cdec9,jacobs-2018-modular-termination.pdf,jacobs-2018-modular-termination.txt,2026-07-31T05:41:47+00:00,3352b80716b069c666f2b6e38baf1756158784d52b45ff0e0268ea33aad82a85,b382e2a3c1036967e769047e2a9b9d8dd60beef3f97dd939a097d5328e1a7768,606756,209537,application/pdf,existing,
S79,A Separation Logic to Verify Termination of Busy-Waiting for Abrupt Program Exit,FTfJP 2020 arXiv version,10.1145/3427761.3428345,https://arxiv.org/pdf/2010.07800,reinhard-2020-abrupt-exit-termination.pdf,reinhard-2020-abrupt-exit-termination.txt,2026-07-31T05:41:47+00:00,948008fe6a5333ecb640d73e212591478445646625eeb1089ce3cb7ed1a6f5a4,a9ba8191b5b36714bc915b350786c6e445a66cbe9d305d9357ed65b8460a0526,667018,53475,application/pdf,existing,
S80,Verified Lock-Free Session Channels with Linking,OOPSLA 2024 author version,10.1145/3689732,https://robbertkrebbers.nl/research/articles/linking_sessions.pdf,somers-2024-session-channels.pdf,somers-2024-session-channels.txt,2026-07-31T05:41:47+00:00,81dc217d9f8ad01ebd499d2bd32319e9d254d35b0c11605f78d6dd72136f55f4,7ff6e2680bd7f62963cb65ac55c0137fd504e9e84a07f0d55b2f840ed80762ac,803718,141863,application/pdf,existing,
S81,Almost Fair Simulations,OOPSLA 2025 author version,10.1145/3747512,https://finkbeiner.groups.cispa.de/_assets/paper.tAu56GyR.pdf,correnson-2025-almost-fair-simulations.pdf,correnson-2025-almost-fair-simulations.txt,2026-07-31T05:41:47+00:00,cd60348c95b680c47919e01db4fe09c1630a04ce99ca58057afb53e0e2ded7d0,f918abedfa1e4e543f9a8899efd15ad98633d424ea6620515dca19a975bcab01,614561,96697,application/pdf,existing,
S82,Formal Construction of a Non-blocking Concurrent Queue Algorithm (a Case Study in Atomicity),JUCS 2005 archived article,10.3217/jucs-011-05-0744,https://zenodo.org/records/6996759/files/jucs_article_28407.pdf?download=1,abrial-2005-nonblocking-queue.pdf,abrial-2005-nonblocking-queue.txt,2026-07-31T05:41:47+00:00,0f26f2e680f52d36c8f4d01e7cfca698ba4d92b4b84ae0686bf7eedde28dfc42,b182a9585d2a788a6ee615ff1801bfd40a4e791446cf719de7a190bf5243f72f,134796,66865,application/pdf,existing,
S83,GPU Schedulers: How Fair Is Fair Enough?,CONCUR 2018 Dagstuhl version,10.4230/LIPIcs.CONCUR.2018.23,https://drops.dagstuhl.de/storage/00lipics/lipics-vol118-concur2018/LIPIcs.CONCUR.2018.23/LIPIcs.CONCUR.2018.23.pdf,sorensen-2018-gpu-scheduler-fairness.pdf,sorensen-2018-gpu-scheduler-fairness.txt,2026-07-31T05:41:47+00:00,b5027799cea1c644c2cde1fe822b63e1d52e516c58280c7ead0a08a0d6783a43,95112aaa1da0d2769c3652dcbb388683547d757e8cd7b11a522f7830dfd6c22c,577432,67576,application/pdf,existing,
S84,Verification of Scalable Synchronous Queue,CPP 2011 author technical report,10.1007/978-3-642-25379-9_19,https://math.pku.edu.cn/teachers/qiuzy/tr/report_SSQ.pdf,lei-2011-scalable-synchronous-queue.pdf,lei-2011-scalable-synchronous-queue.txt,2026-07-31T05:41:47+00:00,462948f8d99c4136d3ebcda9a214e0464c28f42b3d9534af7d74ad0c49cf2002,83a4efff37b20c37995f70f0fc1ee1daa91eed8d511b4d38651d9b174b709ab5,338090,80413,application/pdf,existing,
S85,Modular Full Functional Specification and Verification of Lock-Free Data Structures,KU Leuven technical report CW 551,,https://www.cs.kuleuven.be/publicaties/rapporten/cw/CW551.pdf,jacobs-2009-verifast-lockfree.pdf,jacobs-2009-verifast-lockfree.txt,2026-07-31T05:41:48+00:00,97f3dfb94195afa385d33511b24f8d5ad739da29dd1db7ef980808990c33100d,5bc66ae95d2a1fde7b72a62d2ae8c2ef44f68a756890a1effc7935fdc247546e,257913,74635,application/pdf,existing,
S86,Verification of a Lock-Free Implementation of Multiword LL/SC Object,IEEE DASC 2009 author-hosted publisher PDF,10.1109/DASC.2009.25,https://pure.rug.nl/ws/files/2675740/2009ProcIEEEDASCGao.pdf,gao-2009-multiword-llsc.pdf,gao-2009-multiword-llsc.txt,2026-07-31T05:41:48+00:00,9c40aae2043bbfc6700e8e27d4bb12e9c4d4cfb43ba2ed46244711c328ab4b57,2b1d3e081286e3c68531358c2b95e88d822def318802ab6503dc609469c59c43,378557,36481,application/pdf,existing,
S87,Design and Verification of Lock-Free Parallel Algorithms,University of Groningen PhD thesis; institutional mirror,,https://www.mi.fu-berlin.de/inf/groups/ag-tech/intern/19548-V-Model-Checking/Hui_Gao.pdf,gao-2005-lockfree-thesis.pdf,gao-2005-lockfree-thesis.txt,2026-07-31T05:41:48+00:00,1ed6ddd44f471a6396c7f0c06587fabd764dc8dacedf62d40c2666bdc1933a20,d4bf12ea4da8896cb3088fe901a1cf75955d0fa0dd035e6cade25949188f0a4e,1170072,380076,application/pdf,existing,
S88,Burrow: A Proof Framework for Weak Memory,CAV 2026 open-access author version,10.1007/978-3-032-32526-6_10,https://dennis.life/pubs/cav26-burrow.pdf,sprokholt-2026-burrow.pdf,sprokholt-2026-burrow.txt,2026-07-31T05:41:48+00:00,019a64dda068184cb7028c30babff3070770514ffa4d67e46f895c102d1a42a7,b2dd1fd80deb1dac2ff3ed520f5cbfd9dd5297b6368c6b5d9b00c678c755ee28,294030,44541,application/pdf,downloaded,
