candidate_id,work_key,title,year,publication_date,doi,arxiv_id,venue,providers,provider_work_ids,retrieval_seed_ids,retrieval_screening_record_ids,reference_seed_ids,citation_seed_ids,cutoff_status,is_existing_seed,matched_categories,priority_score,triage_state,screening_decision,reviewer,review_date,notes
CG0265,unknown:semanticscholar:cs031:references:0:28,Overcoming Memory Weakness with Uniﬁed Fairness - Systematic Veriﬁcation of Liveness in Weak Memory Models,2023,,,,"Computer Aided Veriﬁcation - 35th International Conference, CAV 2023, Paris, France, July 17-22, 2023, Proceedings, Part I (Lecture Notes in Computer Science, Vol. 13964)",semanticscholar,,CS031,S45,CS031,,included,no,fairness_or_justice;weak_or_relaxed_memory;progress;formal_verification,14,priority-title-screen,,,,Keyword score is prioritization only; it is not an eligibility or exclusion decision.
CG0192,doi:10.1145/3485475,Making weak memory models fair,2020,2020-12-02,10.1145/3485475,2012.01067,Proc. ACM Program. Lang.,opencitations;semanticscholar,10.1145/3485475;be3902623f9b56f3f681a3153de9d140296e9b32,CS031,S45,CS031,,included,no,fairness_or_justice;weak_or_relaxed_memory,9,priority-title-screen,,,,Keyword score is prioritization only; it is not an eligibility or exclusion decision.
CG0142,doi:10.1109/sefm.2007.2,A Scalable Lock-Free Stack Algorithm and its Verification,2007,2007-09-10,10.1109/sefm.2007.2,,IEEE International Conference on Software Engineering and Formal Methods,semanticscholar,8adf88cdc343ce19c24560946e0ceb9902760543,CS030,S44,CS030,,included,no,progress;concurrent_stack;formal_verification,8,priority-title-screen,,,,Keyword score is prioritization only; it is not an eligibility or exclusion decision.
CG0022,doi:10.1007/3-540-44829-2_6,A Light-Weight Algorithm for Model Checking with Symmetry Reduction and Weak Fairness,2003,2003-05-09,10.1007/3-540-44829-2_6,,SPIN,semanticscholar,4069222c9c7a64dd4a1c902619ee755acfe48c23,CS030,S44,CS030,,included,no,fairness_or_justice;formal_verification,7,priority-title-screen,,,,Keyword score is prioritization only; it is not an eligibility or exclusion decision.
CG0074,doi:10.1007/978-3-642-02658-4_59,PAT: Towards Flexible Verification under Fairness,2009,2009-06-23,10.1007/978-3-642-02658-4_59,,International Conference on Computer Aided Verification,semanticscholar,7262fe7f6fb4ca26c0999c6a786f1f555238d7ec,CS030,S44,CS030,,included,no,fairness_or_justice;formal_verification,7,priority-title-screen,,,,Keyword score is prioritization only; it is not an eligibility or exclusion decision.
CG0011,doi:10.1007/11817963_45,Bounded Model Checking of Concurrent Data Types on Relaxed Memory Models: A Case Study,2006,2006-08-17,10.1007/11817963_45,,International Conference on Computer Aided Verification,semanticscholar,1b86771eaf16b45e9745be81e56518d83a985b4a,CS030,S44,CS030,,included,no,weak_or_relaxed_memory;formal_verification,6,priority-title-screen,,,,Keyword score is prioritization only; it is not an eligibility or exclusion decision.
CG0149,doi:10.1145/1007912.1007944,A scalable lock-free stack algorithm,2004,2004-06-27,10.1145/1007912.1007944,,ACM Symposium on Parallelism in Algorithms and Architectures,semanticscholar,a8b5e903503be0d4acc024003ac2c908eb4a48b3,CS030,S44,CS030,,included,no,progress;concurrent_stack,6,priority-title-screen,,,,Keyword score is prioritization only; it is not an eligibility or exclusion decision.
CG0173,doi:10.1145/1706299.1706303,On the verification problem for weak memory models,2010,2010-01-17,10.1145/1706299.1706303,,ACM-SIGACT Symposium on Principles of Programming Languages,opencitations;semanticscholar,10.1145/1706299.1706303;599353a751739b5461d2730ecde78dcb9e97f68e,CS031,S45,CS031,,included,no,weak_or_relaxed_memory;formal_verification,6,priority-title-screen,,,,Keyword score is prioritization only; it is not an eligibility or exclusion decision.
CG0056,doi:10.1007/978-3-540-27813-9_4,A Formal Reduction for Lock-Free Parallel Algorithms,2004,2004-07-13,10.1007/978-3-540-27813-9_4,,International Conference on Computer Aided Verification,semanticscholar,d383564dd75f7e8aec54c992a2867e90d906c634,CS030,S44,CS030,,included,no,progress;formal_verification,5,priority-title-screen,,,,Keyword score is prioritization only; it is not an eligibility or exclusion decision.
CG0058,doi:10.1007/978-3-540-30232-2_7,Formal Verification of a Practical Lock-Free Queue Algorithm,2004,2004-09-27,10.1007/978-3-540-30232-2_7,,Formal Techniques for (Networked and) Distributed Systems,semanticscholar,fe45719732b4b2cfc845e0906567f5bf2f2903be,CS030,S44,CS030,,included,no,progress;formal_verification,5,priority-title-screen,,,,Keyword score is prioritization only; it is not an eligibility or exclusion decision.
CG0136,doi:10.1109/iceccs.2005.49,Formal verification of an array-based nonblocking queue,2005,2005-06-16,10.1109/iceccs.2005.49,,IEEE International Conference on Engineering of Complex Computer Systems,semanticscholar,2f58671554cc431f10cdc6cafa5549b0d48ab090,CS030,S44,CS030,,included,no,progress;formal_verification,5,priority-title-screen,,,,Keyword score is prioritization only; it is not an eligibility or exclusion decision.
CG0221,doi:10.26686/wgtn.16969549.v1,The Design and Verification of Dynamic-sized Nonblocking Data Structures,2010,,10.26686/wgtn.16969549.v1,,,semanticscholar,57b24c4e80dd675d4a29634b34974fee37c70306,CS030,S44,CS030,,included,no,progress;formal_verification,5,priority-title-screen,,,,Keyword score is prioritization only; it is not an eligibility or exclusion decision.
CG0223,doi:10.3217/jucs-011-05-0744,Formal Construction of a Non-blocking Concurrent Queue Algorithm (a Case Study in Atomicity),2005,,10.3217/jucs-011-05-0744,,Journal of universal computer science (Online),semanticscholar,c30ddeb525bceeb632284ace32a2ca9a86066f1b,CS030,S44,CS030,,included,no,progress;formal_verification,5,priority-title-screen,,,,Keyword score is prioritization only; it is not an eligibility or exclusion decision.
CG0225,s2:0a4552dfaf8a5aec789d6f982c32ea3c0a25b221,Under consideration for publication in Formal Aspects of Computing Streamlining progress-based derivations of concurrent programs,2006,,,,,semanticscholar,0a4552dfaf8a5aec789d6f982c32ea3c0a25b221,CS030,S44,CS030,,included,no,progress;formal_verification,5,priority-title-screen,,,,Keyword score is prioritization only; it is not an eligibility or exclusion decision.
CG0236,s2:4511a87c0fdb840a40ee9dd241e366e822f69976,Progress-based verification and derivation of concurrent programs,2009,2009-03-01,,,,semanticscholar,4511a87c0fdb840a40ee9dd241e366e822f69976,CS030,S44,CS030,,included,no,progress;formal_verification,5,priority-title-screen,,,,Keyword score is prioritization only; it is not an eligibility or exclusion decision.
CG0130,doi:10.1109/2.546611,Shared Memory Consistency Models: A Tutorial,1996,1996-12-01,10.1109/2.546611,,Computer,semanticscholar,e0bc77d18ab2e097395ce77b8c050f53f420542d,CS030,S44,CS030,,included,no,weak_or_relaxed_memory,4,title-screen,,,,Keyword score is prioritization only; it is not an eligibility or exclusion decision.
CG0146,doi:10.1109/tpds.2004.8,Hazard pointers: safe memory reclamation for lock-free objects,2004,2004-06-01,10.1109/tpds.2004.8,,IEEE Transactions on Parallel and Distributed Systems,semanticscholar,e7a2f4f2b5d6f8d160cc381f2b6b0a36f2e8081c,CS030,S44,CS030,,included,no,progress;reclamation_or_aba,4,title-screen,,,,Keyword score is prioritization only; it is not an eligibility or exclusion decision.
CG0161,doi:10.1145/1250734.1250737,CheckFence: checking consistency of concurrent data types on relaxed memory models,2007,2007-06-15,10.1145/1250734.1250737,,ACM-SIGPLAN Symposium on Programming Language Design and Implementation,semanticscholar,21161c8efa04cd2ec2e4f121fc720d7e2ffc4e38,CS030,S44,CS030,,included,no,weak_or_relaxed_memory,4,title-screen,,,,Keyword score is prioritization only; it is not an eligibility or exclusion decision.
CG0207,doi:10.1145/571825.571829,Safe memory reclamation for dynamic lock-free objects using atomic reads and writes,2002,2002-07-21,10.1145/571825.571829,,ACM SIGACT-SIGOPS Symposium on Principles of Distributed Computing,semanticscholar,0ced2ecad932ec86aaa043f9b3ec0d9c6e88fbb5,CS030,S44,CS030,,included,no,progress;reclamation_or_aba,4,title-screen,,,,Keyword score is prioritization only; it is not an eligibility or exclusion decision.
CG0247,s2:a4a26e1d3231ab823ff13eda49cc01cc4aedc16c,Ieee Transactions on Parallel and Distributed Systems 1 Efficient and Reliable Lock-free Memory Reclamation Based on Reference Counting,,,,,,semanticscholar,a4a26e1d3231ab823ff13eda49cc01cc4aedc16c,CS030,S44,CS030,,unknown-date,no,progress;reclamation_or_aba,4,manual-date-check,,,,Keyword score is prioritization only; it is not an eligibility or exclusion decision.
CG0013,doi:10.1007/11901433_16,Formalising Progress Properties of Non-blocking Programs,2006,2006-11-01,10.1007/11901433_16,,IEEE International Conference on Formal Engineering Methods,semanticscholar,9303d7e701ef1859039e617a68a7d5941e8b9184,CS030,S44,CS030,,included,no,progress,3,title-screen,,,,Keyword score is prioritization only; it is not an eligibility or exclusion decision.
CG0018,doi:10.1007/3-540-36108-1_23,"The Repeat Offender Problem: A Mechanism for Supporting Dynamic-Sized, Lock-Free Data Structures",2002,2002-10-28,10.1007/3-540-36108-1_23,,International Symposium on Distributed Computing,semanticscholar,6d62297c2ca436707e59664178fe3e58b33d867e,CS030,S44,CS030,,included,no,progress,3,title-screen,,,,Keyword score is prioritization only; it is not an eligibility or exclusion decision.
CG0024,doi:10.1007/3-540-45414-4_21,A Pragmatic Implementation of Non-blocking Linked-Lists,2001,2001-10-03,10.1007/3-540-45414-4_21,,International Symposium on Distributed Computing,opencitations;semanticscholar,10.1007/3-540-45414-4_21;3701276417cd3d53f16886bb889e3f4a626460d5,CS030;CS031,S44;S45,CS030;CS031,,included,no,progress,3,title-screen,,,,Keyword score is prioritization only; it is not an eligibility or exclusion decision.
CG0047,doi:10.1007/978-3-031-21213-0_10,Decidability of Liveness for Concurrent Objects on the TSO Memory Model,2022,,10.1007/978-3-031-21213-0_10,,"International Symposium on Software Engineering: Theories, Tools, and Applications",opencitations;semanticscholar,10.1007/978-3-031-21213-0_10;539eed363652038f40f12499791bac014bf0f18f,CS031,S45,CS031,,included,no,progress,3,title-screen,,,,Keyword score is prioritization only; it is not an eligibility or exclusion decision.
CG0068,doi:10.1007/978-3-540-75292-9_9,Verifying Lock-Freedom Using Well-Founded Orders,2007,2007-09-26,10.1007/978-3-540-75292-9_9,,International Colloquium on Theoretical Aspects of Computing,semanticscholar,9d29746313d395f4b00c0e009da8869c23e95493,CS030,S44,CS030,,included,no,progress,3,title-screen,,,,Keyword score is prioritization only; it is not an eligibility or exclusion decision.
CG0076,doi:10.1007/978-3-642-04355-0_28,Nonblocking Algorithms and Backward Simulation,2009,2009-09-23,10.1007/978-3-642-04355-0_28,,International Symposium on Distributed Computing,semanticscholar,e109a4c3c56ef21975ec950892f0a224e7d20749,CS030,S44,CS030,,included,no,progress,3,title-screen,,,,Keyword score is prioritization only; it is not an eligibility or exclusion decision.
CG0082,doi:10.1007/978-3-642-40184-8_17,Characterizing Progress Properties of Concurrent Objects via Contextual Refinements,2013,2013-08-27,10.1007/978-3-642-40184-8_17,,International Conference on Concurrency Theory,opencitations;semanticscholar,10.1007/978-3-642-40184-8_17;ef93463898beb55379fbb3be37d98ca8c80d600c,CS031,S45,CS031,,included,no,progress,3,title-screen,,,,Keyword score is prioritization only; it is not an eligibility or exclusion decision.
CG0099,doi:10.1007/s00446-004-0115-2,Lock-free dynamic hash tables with open addressing,2003,2003-03-18,10.1007/s00446-004-0115-2,cs/0303011,Distributed computing,semanticscholar,3955501a1411cd20510890498e45c56b718917fe,CS030,S44,CS030,,included,no,progress,3,title-screen,,,,Keyword score is prioritization only; it is not an eligibility or exclusion decision.
CG0100,doi:10.1007/s00446-007-0050-0,An optimistic approach to lock-free FIFO queues,2004,2004-10-04,10.1007/s00446-007-0050-0,,Distributed computing,semanticscholar,b28b03f6f88ceb5c7ca7272dff1c4abd6548f7ab,CS030,S44,CS030,,included,no,progress,3,title-screen,,,,Keyword score is prioritization only; it is not an eligibility or exclusion decision.
CG0118,doi:10.1016/j.entcs.2008.02.016,Trace-based Derivation of a Lock-Free Queue Algorithm,2008,2008-03-01,10.1016/j.entcs.2008.02.016,,REFINE@IFM,semanticscholar,252cac3c2756e1ca801b8742f9b723ebb55fb697,CS030,S44,CS030,,included,no,progress,3,title-screen,,,,Keyword score is prioritization only; it is not an eligibility or exclusion decision.
CG0119,doi:10.1016/j.ic.2006.10.003,A general lock-free algorithm using compare-and-swap,2007,2007-02-01,10.1016/j.ic.2006.10.003,,Information and Computation,semanticscholar,abc1688eaf65aaf19cb0887ef9655eefdfcffb3c,CS030,S44,CS030,,included,no,progress,3,title-screen,,,,Keyword score is prioritization only; it is not an eligibility or exclusion decision.
CG0120,doi:10.1016/j.scico.2008.09.013,A general technique for proving lock-freedom,2009,,10.1016/j.scico.2008.09.013,,Science of Computer Programming,semanticscholar,758320a0879f900b85a2a5a4465beca7f134af75,CS030,S44,CS030,,included,no,progress,3,title-screen,,,,Keyword score is prioritization only; it is not an eligibility or exclusion decision.
CG0134,doi:10.1109/aswec.2009.12,Enforcing Safety and Progress Properties: An Approach to Concurrent Program Derivation,2009,2009-04-14,10.1109/aswec.2009.12,,Australian Software Engineering Conference,semanticscholar,f93e38b482453636d4bff0e6f7b3259fc7e3701f,CS030,S44,CS030,,included,no,progress,3,title-screen,,,,Keyword score is prioritization only; it is not an eligibility or exclusion decision.
CG0137,doi:10.1109/icpads.2000.857731,A practical nonblocking queue algorithm using compare-and-swap,2000,2000-07-04,10.1109/icpads.2000.857731,,Proceedings Seventh International Conference on Parallel and Distributed Systems (Cat. No.PR00568),semanticscholar,189e36f3cd69152662e69f4c4e14d9979c994e6f,CS030,S44,CS030,,included,no,progress,3,title-screen,,,,Keyword score is prioritization only; it is not an eligibility or exclusion decision.
CG0150,doi:10.1145/1007912.1007945,DCAS is not a silver bullet for nonblocking algorithm design,2004,2004-06-27,10.1145/1007912.1007945,,ACM Symposium on Parallelism in Algorithms and Architectures,semanticscholar,caa7ef7c1b039ffb352448449136a16791936d6a,CS030,S44,CS030,,included,no,progress,3,title-screen,,,,Keyword score is prioritization only; it is not an eligibility or exclusion decision.
CG0152,doi:10.1145/1011767.1011773,Bringing practical lock-free synchronization to 64-bit applications,2004,2004-07-25,10.1145/1011767.1011773,,ACM SIGACT-SIGOPS Symposium on Principles of Distributed Computing,semanticscholar,52cdb9a174b1bf122d024f171e3b763947d383de,CS030,S44,CS030,,included,no,progress,3,title-screen,,,,Keyword score is prioritization only; it is not an eligibility or exclusion decision.
CG0155,doi:10.1145/1062247.1062249,Nonblocking memory management support for dynamic-sized data structures,2005,2005-05-01,10.1145/1062247.1062249,,TOCS,semanticscholar,cbe1e69cab8e56f8b93e6ff2dfbe86adea693c13,CS030,S44,CS030,,included,no,progress,3,title-screen,,,,Keyword score is prioritization only; it is not an eligibility or exclusion decision.
CG0157,doi:10.1145/113379.113400,Lock-free garbage collection for multiprocessors,1991,1991-06-01,10.1145/113379.113400,,ACM Symposium on Parallelism in Algorithms and Architectures,semanticscholar,8e19682c1fee831a5063e9d01932db1aa1e7fd64,CS030,S44,CS030,,included,no,progress,3,title-screen,,,,Keyword score is prioritization only; it is not an eligibility or exclusion decision.
CG0158,doi:10.1145/114005.102808,Wait-free synchronization,1991,1991-01-01,10.1145/114005.102808,,ACM Transactions on Programming Languages and Systems,opencitations;semanticscholar,10.1145/114005.102808;d907dfd33609905981a34e217f29a48fee3f7145,CS030;CS031,S44;S45,CS030;CS031,,included,no,progress,3,title-screen,,,,Keyword score is prioritization only; it is not an eligibility or exclusion decision.
CG0163,doi:10.1145/135419.135446,Performance issues in non-blocking synchronization on shared-memory multiprocessors,1992,1992-10-01,10.1145/135419.135446,,ACM SIGACT-SIGOPS Symposium on Principles of Distributed Computing,semanticscholar,fda929734d5b0c383001d9fccae6f2219c104458,CS030,S44,CS030,,included,no,progress,3,title-screen,,,,Keyword score is prioritization only; it is not an eligibility or exclusion decision.
CG0165,doi:10.1145/137097.137873,Locking without blocking: making lock based concurrent data structure algorithms nonblocking,1992,1992-07-01,10.1145/137097.137873,,ACM SIGACT-SIGMOD-SIGART Symposium on Principles of Database Systems,semanticscholar,2125f8284610b8bea3cff44a60f8a34a2cd766c2,CS030,S44,CS030,,included,no,progress,3,title-screen,,,,Keyword score is prioritization only; it is not an eligibility or exclusion decision.
CG0166,doi:10.1145/142111.964561,A Lock-Free Multiprocessor OS Kernel,1992,1992-04-01,10.1145/142111.964561,,OPSR,semanticscholar,17c27359d611be9c979c5dcecab6fb497e12b6fb,CS030,S44,CS030,,included,no,progress,3,title-screen,,,,Keyword score is prioritization only; it is not an eligibility or exclusion decision.
CG0169,doi:10.1145/1542476.1542493,Progress guarantee for parallel programs via bounded lock-freedom,2009,2009-06-15,10.1145/1542476.1542493,,ACM-SIGPLAN Symposium on Programming Language Design and Implementation,opencitations;semanticscholar,10.1145/1542476.1542493;403acc7cbe119b7e6fa8897c894e537da42414e8,CS031,S45,CS031,,included,no,progress,3,title-screen,,,,Keyword score is prioritization only; it is not an eligibility or exclusion decision.
CG0172,doi:10.1145/165231.165265,A method for implementing lock-free shared-data structures,1993,1993-08-01,10.1145/165231.165265,,ACM Symposium on Parallelism in Algorithms and Architectures,semanticscholar,dbce50bfe8ffe2b37765eca3cde7f17e96fd9541,CS030,S44,CS030,,included,no,progress,3,title-screen,,,,Keyword score is prioritization only; it is not an eligibility or exclusion decision.
CG0178,doi:10.1145/197917.197975,A performance evaluation of lock-free synchronization protocols,1994,1994-08-14,10.1145/197917.197975,,ACM SIGACT-SIGOPS Symposium on Principles of Distributed Computing,semanticscholar,ac8e8ba2f7f734423ac1988990d82bf7e0dddd49,CS030,S44,CS030,,included,no,progress,3,title-screen,,,,Keyword score is prioritization only; it is not an eligibility or exclusion decision.
CG0179,doi:10.1145/224964.224988,Lock-free linked lists using compare-and-swap,1995,1995-08-20,10.1145/224964.224988,,ACM SIGACT-SIGOPS Symposium on Principles of Distributed Computing,semanticscholar,c3c80b53e71dd65b66e712b99e19b21434cd43d3,CS030,S44,CS030,,included,no,progress,3,title-screen,,,,Keyword score is prioritization only; it is not an eligibility or exclusion decision.
CG0183,doi:10.1145/248052.248106,"Simple, fast, and practical non-blocking and blocking concurrent queue algorithms",1996,1996-05-01,10.1145/248052.248106,,ACM SIGACT-SIGOPS Symposium on Principles of Distributed Computing,opencitations;semanticscholar,10.1145/248052.248106;37a1e8411669e29cf8fbf48ec920c97c0066ac7e,CS030;CS031,S44;S45,CS030;CS031,,included,no,progress,3,title-screen,,,,Keyword score is prioritization only; it is not an eligibility or exclusion decision.
CG0184,doi:10.1145/259380.259442,Practical implementations of non-blocking synchronization primitives,1997,1997-08-01,10.1145/259380.259442,,ACM SIGACT-SIGOPS Symposium on Principles of Distributed Computing,semanticscholar,788559d2b9604b6a79cd59c69f356b7fefa49a60,CS030,S44,CS030,,included,no,progress,3,title-screen,,,,Keyword score is prioritization only; it is not an eligibility or exclusion decision.
CG0198,doi:10.1145/378580.378611,"A simple, fast and scalable non-blocking concurrent FIFO queue for shared memory multiprocessor systems",2001,2001-07-03,10.1145/378580.378611,,ACM Symposium on Parallelism in Algorithms and Architectures,semanticscholar,60eca1aa7e27e9b67da27c7ff41014ab07f3dad5,CS030,S44,CS030,,included,no,progress,3,title-screen,,,,Keyword score is prioritization only; it is not an eligibility or exclusion decision.
CG0199,doi:10.1145/383962.384054,Correction: practical implementations of non-blocking synchronization primitives,2001,2001-08-01,10.1145/383962.384054,,ACM SIGACT-SIGOPS Symposium on Principles of Distributed Computing,semanticscholar,e53f2231a37a26eb9bb2055717f6ad253dd6d103,CS030,S44,CS030,,included,no,progress,3,title-screen,,,,Keyword score is prioritization only; it is not an eligibility or exclusion decision.
CG0208,doi:10.1145/571825.571847,Dynamic-sized lock-free data structures,2002,2002-07-21,10.1145/571825.571847,,ACM SIGACT-SIGOPS Symposium on Principles of Distributed Computing,semanticscholar,6916ed8fbf8c6b10ea09bba0f29d9f45cc9ad90a,CS030,S44,CS030,,included,no,progress,3,title-screen,,,,Keyword score is prioritization only; it is not an eligibility or exclusion decision.
CG0219,doi:10.2168/lmcs-2(1:6)2006,Extending the theory of Owicki and Gries with a logic of progress,2005,2005-12-02,10.2168/lmcs-2(1:6)2006,cs/0512012,Log. Methods Comput. Sci.,semanticscholar,4aabc6e4e94abce87a3a8669a71c52c32f1ba357,CS030,S44,CS030,,included,no,progress,3,title-screen,,,,Keyword score is prioritization only; it is not an eligibility or exclusion decision.
CG0237,s2:5b02e9f1e29c7e61645274421b140870d794be80,Modelling and Verifying Non-blocking Algorithms that Use Dynamically Allocated Memory,2004,,,,,semanticscholar,5b02e9f1e29c7e61645274421b140870d794be80,CS030,S44,CS030,,included,no,progress,3,title-screen,,,,Keyword score is prioritization only; it is not an eligibility or exclusion decision.
CG0238,s2:6c9198c8341241e65cdc47203e9e287e0c2d6f4a,"Liveness with (0, 1, ∞)-counter abstraction",2002,,,,,semanticscholar,6c9198c8341241e65cdc47203e9e287e0c2d6f4a,CS030,S44,CS030,,included,no,progress,3,title-screen,,,,Keyword score is prioritization only; it is not an eligibility or exclusion decision.
CG0243,s2:88085676d6f9c1903d25eac49d4eb2a9e324d71f,Practical lock-freedom,2003,,,,,semanticscholar,88085676d6f9c1903d25eac49d4eb2a9e324d71f,CS030,S44,CS030,,included,no,progress,3,title-screen,,,,Keyword score is prioritization only; it is not an eligibility or exclusion decision.
CG0244,s2:8bb6cc5b39fce72a241465e03b9c90aad83d1087,Verifying Michael and Scott ’ s Lock-Free Queue Algorithm using Trace Reduction,2007,,,,,semanticscholar,8bb6cc5b39fce72a241465e03b9c90aad83d1087,CS030,S44,CS030,,included,no,progress,3,title-screen,,,,Keyword score is prioritization only; it is not an eligibility or exclusion decision.
CG0248,s2:a4a3acda86449bcaff66439a6ecd7e5e25852798,Non-Blocking Algorithms and Preemption-Safe Locking on Multiprogrammed Shared Memory Multiprocessors,1998,,,,,semanticscholar,a4a3acda86449bcaff66439a6ecd7e5e25852798,CS030,S44,CS030,,included,no,progress,3,title-screen,,,,Keyword score is prioritization only; it is not an eligibility or exclusion decision.
CG0250,s2:a9091ef790788c5d252cad94dd6862adf457e073,Implementing Lock-Free Queues,1994,,,,,semanticscholar,a9091ef790788c5d252cad94dd6862adf457e073,CS030,S44,CS030,,included,no,progress,3,title-screen,,,,Keyword score is prioritization only; it is not an eligibility or exclusion decision.
CG0260,unknown:semanticscholar:cs030:references:0:187,Almost wait-free resizable hashtable,2004,,,,"In Proceedings of the 18th International Parallel and Distributed Processing Symposium (IPDPS),",semanticscholar,,CS030,S44,CS030,,included,no,progress,3,title-screen,,,,Keyword score is prioritization only; it is not an eligibility or exclusion decision.
CG0262,unknown:semanticscholar:cs030:references:0:208,A nonblocking Compare-and-Swap algorithm for a shared circular queue,1991,,,,"Proceedings of the IMACS/IFAC International Symposium on Parallel and Distributed Computing in Engineering Systems,",semanticscholar,,CS030,S44,CS030,,included,no,progress,3,title-screen,,,,Keyword score is prioritization only; it is not an eligibility or exclusion decision.
CG0007,doi:10.1007/10722468_2,Using Garbage Collection in Model Checking,2000,2000-08-30,10.1007/10722468_2,,SPIN,semanticscholar,d52f9e6212f8a40f41bf4356855f14d262b99c6b,CS030,S44,CS030,,included,no,formal_verification,2,title-screen,,,,Keyword score is prioritization only; it is not an eligibility or exclusion decision.
CG0009,doi:10.1007/11526841_32,Automatic Symmetry Detection for Model Checking Using Computational Group Theory,2005,2005-07-18,10.1007/11526841_32,,World Congress on Formal Methods,semanticscholar,fddd9e198318557ed21cbd6ce9ff81f155c18823,CS030,S44,CS030,,included,no,formal_verification,2,title-screen,,,,Keyword score is prioritization only; it is not an eligibility or exclusion decision.
CG0010,doi:10.1007/11784180_29,A Computational Group Theoretic Symmetry Reduction Package for the Spin Model Checker,2006,2006-07-05,10.1007/11784180_29,,International Conference on Algebraic Methodology and Software Technology,semanticscholar,f58127a32a1ec6bcbf875e68b2d4861e41ccae5a,CS030,S44,CS030,,included,no,formal_verification,2,title-screen,,,,Keyword score is prioritization only; it is not an eligibility or exclusion decision.
CG0015,doi:10.1007/3-540-11494-7_22,Specification and verification of concurrent systems in CESAR,1982,1982-04-06,10.1007/3-540-11494-7_22,,Symposium on Programming,semanticscholar,553a70e15134ab9abe40ad7650618874298f9171,CS030,S44,CS030,,included,no,formal_verification,2,title-screen,,,,Keyword score is prioritization only; it is not an eligibility or exclusion decision.
CG0025,doi:10.1007/3-540-45620-1_35,Lazy Theorem Proving for Bounded Model Checking over Infinite Domains,2002,2002-07-27,10.1007/3-540-45620-1_35,,CADE,semanticscholar,f7889408dd2e5eaac277de81a738c003745e473e,CS030,S44,CS030,,included,no,formal_verification,2,title-screen,,,,Keyword score is prioritization only; it is not an eligibility or exclusion decision.
CG0026,doi:10.1007/3-540-45841-7_51,A Parametric Analysis of the State Explosion Problem in Model Checking,2002,2002-03-14,10.1007/3-540-45841-7_51,,Symposium on Theoretical Aspects of Computer Science,semanticscholar,2b5054850ecf421758cdac4501cba2cf88dec255,CS030,S44,CS030,,included,no,formal_verification,2,title-screen,,,,Keyword score is prioritization only; it is not an eligibility or exclusion decision.
CG0027,doi:10.1007/3-540-46017-9_5,Symmetry Reduction Criteria for Software Model Checking,2002,2002-04-11,10.1007/3-540-46017-9_5,,SPIN,semanticscholar,70075cdd682e28afc3ac0319a5cfcd6c5f3db4e6,CS030,S44,CS030,,included,no,formal_verification,2,title-screen,,,,Keyword score is prioritization only; it is not an eligibility or exclusion decision.
CG0030,doi:10.1007/3-540-49059-0_14,Symbolic Model Checking without BDDs,1999,1999-03-22,10.1007/3-540-49059-0_14,,International Conference on Tools and Algorithms for Construction and Analysis of Systems,semanticscholar,45f8a8e8add0fae6bcc72dd388024e653c2c70c2,CS030,S44,CS030,,included,no,formal_verification,2,title-screen,,,,Keyword score is prioritization only; it is not an eligibility or exclusion decision.
CG0034,doi:10.1007/3-540-58201-0_78,Undecidable Verification Problems for Programs with Unreliable Channels,1994,1994-07-11,10.1007/3-540-58201-0_78,,Information and Computation,semanticscholar,739191274bf3cdf07351072e415d24196bd49d1a,CS031,S45,CS031,,included,no,formal_verification,2,title-screen,,,,Keyword score is prioritization only; it is not an eligibility or exclusion decision.
CG0035,doi:10.1007/3-540-60761-7,Partial-Order Methods for the Verification of Concurrent Systems,1996,1996-06-01,10.1007/3-540-60761-7,,Lecture Notes in Computer Science,semanticscholar,381d9f99c388e3b96fc480e1ea9786c49e06fed4,CS030,S44,CS030,,included,no,formal_verification,2,title-screen,,,,Keyword score is prioritization only; it is not an eligibility or exclusion decision.
CG0037,doi:10.1007/978-0-387-34878-0_13,An improvement in formal verification,1994,,10.1007/978-0-387-34878-0_13,,Formal Techniques for (Networked and) Distributed Systems,semanticscholar,7bdd0cc15b36a3aeac35d0dcc495239925525a09,CS030,S44,CS030,,included,no,formal_verification,2,title-screen,,,,Keyword score is prioritization only; it is not an eligibility or exclusion decision.
CG0038,doi:10.1007/978-0-387-34892-6_1,Simple on-the-fly automatic verification of linear temporal logic,1995,1995-06-01,10.1007/978-0-387-34892-6_1,,"Protocol Specification, Testing and Verification",semanticscholar,2bf237f0a02dcf67bbea1fc3c26aea615aa3673a,CS030,S44,CS030,,included,no,formal_verification,2,title-screen,,,,Keyword score is prioritization only; it is not an eligibility or exclusion decision.
CG0043,doi:10.1007/978-1-4615-3190-6,Symbolic model checking,1992,,10.1007/978-1-4615-3190-6,,,semanticscholar,5a61ff9bb722b914b325a69dd4d989cdf7591d54,CS030,S44,CS030,,included,no,formal_verification,2,title-screen,,,,Keyword score is prioritization only; it is not an eligibility or exclusion decision.
CG0050,doi:10.1007/978-3-319-10575-8,Handbook of Model Checking,2018,,10.1007/978-3-319-10575-8,,Cambridge International Law Journal,semanticscholar,9d3cfc952584ae5a45947084efb2e140ca8178aa,CS031,S45,CS031,,included,no,formal_verification,2,title-screen,,,,Keyword score is prioritization only; it is not an eligibility or exclusion decision.
CG0059,doi:10.1007/978-3-540-39724-3_20,On Combining Symmetry Reduction and Symbolic Representation for Efficient Model Checking,2003,2003-10-21,10.1007/978-3-540-39724-3_20,,Conference on Correct Hardware Design and Verification Methods,semanticscholar,c71c425747c90b6fb5489cb7e54cfcee2be6b572,CS030,S44,CS030,,included,no,formal_verification,2,title-screen,,,,Keyword score is prioritization only; it is not an eligibility or exclusion decision.
CG0071,doi:10.1007/978-3-540-85114-1_11,Tackling Large Verification Problems with the Swarm Tool,2008,2008-08-10,10.1007/978-3-540-85114-1_11,,SPIN,semanticscholar,ab0738026e8c7f76b619687c744b3fded365e13d,CS030,S44,CS030,,included,no,formal_verification,2,title-screen,,,,Keyword score is prioritization only; it is not an eligibility or exclusion decision.
CG0073,doi:10.1007/978-3-642-02652-2_21,Experience with Model Checking Linearizability,2009,2009-06-26,10.1007/978-3-642-02652-2_21,,SPIN,semanticscholar,719a7fd97d662e55e3cf8b2c6b99219b908eebea,CS030,S44,CS030,,included,no,formal_verification,2,title-screen,,,,Keyword score is prioritization only; it is not an eligibility or exclusion decision.
CG0077,doi:10.1007/978-3-642-05089-3_21,Model Checking Linearizability via Refinement,2009,2009-11-04,10.1007/978-3-642-05089-3_21,,World Congress on Formal Methods,semanticscholar,d7be6573747ce1d718e059842d361c9f9a492a1c,CS030,S44,CS030,,included,no,formal_verification,2,title-screen,,,,Keyword score is prioritization only; it is not an eligibility or exclusion decision.
CG0085,doi:10.1007/978-94-010-0413-8_9,Abstractions and Reductions in Model Checking,2002,,10.1007/978-94-010-0413-8_9,,,semanticscholar,8aac9ae2df4df2a05cca57e94e0af2066ea01bdc,CS030,S44,CS030,,included,no,formal_verification,2,title-screen,,,,Keyword score is prioritization only; it is not an eligibility or exclusion decision.
CG0088,doi:10.1007/bf00625968,Better verification through symmetry,1996,1996-08-01,10.1007/bf00625968,,Formal Methods Syst. Des.,semanticscholar,31e6d605a8572fee1b87a9974e2d305812c7ec08,CS030,S44,CS030,,included,no,formal_verification,2,title-screen,,,,Keyword score is prioritization only; it is not an eligibility or exclusion decision.
CG0089,doi:10.1007/bf00625969,Exploiting symmetry in temporal logic model checking,1993,1993-06-28,10.1007/bf00625969,,Formal Methods Syst. Des.,semanticscholar,20e4aa2d31b87dff0eaceff14f59ebf9ce08ca76,CS030,S44,CS030,,included,no,formal_verification,2,title-screen,,,,Keyword score is prioritization only; it is not an eligibility or exclusion decision.
CG0090,doi:10.1007/bf00625970,Symmetry and model checking,1993,1993-06-28,10.1007/bf00625970,,Formal Methods Syst. Des.,semanticscholar,81f87848e16f7d95d9f306385844d3476e09edba,CS030,S44,CS030,,included,no,formal_verification,2,title-screen,,,,Keyword score is prioritization only; it is not an eligibility or exclusion decision.
CG0092,doi:10.1007/bf01384313,Property preserving abstractions for the verification of concurrent systems,1995,,10.1007/bf01384313,,Formal Methods Syst. Des.,semanticscholar,2d4bf6993cc62291ae67ff86ea5d7aeb337e644b,CS030,S44,CS030,,included,no,formal_verification,2,title-screen,,,,Keyword score is prioritization only; it is not an eligibility or exclusion decision.
CG0096,doi:10.1007/s00165-006-0002-7,Verifying data refinements using a model checker,2006,2006-08-25,10.1007/s00165-006-0002-7,,Formal Aspects of Computing,semanticscholar,8b577483eca37828459874183c7964d547e61ac1,CS030,S44,CS030,,included,no,formal_verification,2,title-screen,,,,Keyword score is prioritization only; it is not an eligibility or exclusion decision.
CG0101,doi:10.1007/s10009-004-0154-9,Symmetry reductions for model checking of concurrent dynamic software,2004,2004-08-01,10.1007/s10009-004-0154-9,,International Journal on Software Tools for Technology Transfer (STTT),semanticscholar,5439083720c742d7d158712f76c15718ef57db68,CS030,S44,CS030,,included,no,formal_verification,2,title-screen,,,,Keyword score is prioritization only; it is not an eligibility or exclusion decision.
CG0103,doi:10.1007/s100090050041,"Issues in slicing PROMELA and its applications to model checking, protocol understanding, and simulation",2000,2000-03-01,10.1007/s100090050041,,International Journal on Software Tools for Technology Transfer (STTT),semanticscholar,e2930e021af8f4fe3a8be4a17db31919e73ecdf3,CS030,S44,CS030,,included,no,formal_verification,2,title-screen,,,,Keyword score is prioritization only; it is not an eligibility or exclusion decision.
CG0105,doi:10.1007/s10703-005-2246-x,Combining Symmetry Reduction and Under-Approximation for Symbolic Model Checking,2002,2002-07-27,10.1007/s10703-005-2246-x,,Formal Methods Syst. Des.,semanticscholar,fbd51bc30a0cdbfa378d044e5363893c895339fa,CS030,S44,CS030,,included,no,formal_verification,2,title-screen,,,,Keyword score is prioritization only; it is not an eligibility or exclusion decision.
CG0107,doi:10.1016/0020-0190(86)90071-2,Limits for Automatic Verification of Finite-State Concurrent Systems,1986,1986-05-30,10.1016/0020-0190(86)90071-2,,Information Processing Letters,semanticscholar,54f66361e7a71812522e5536a84cf2c8b6471b54,CS030,S44,CS030,,included,no,formal_verification,2,title-screen,,,,Keyword score is prioritization only; it is not an eligibility or exclusion decision.
CG0108,doi:10.1016/0167-6423(87)90036-0,Modalities for Model Checking: Branching Time Logic Strikes Back,1987,1987-06-01,10.1016/0167-6423(87)90036-0,,Science of Computer Programming,semanticscholar,145f6d996944a31c3438d8bca3c1cd2e6f777253,CS030,S44,CS030,,included,no,formal_verification,2,title-screen,,,,Keyword score is prioritization only; it is not an eligibility or exclusion decision.
CG0114,doi:10.1016/j.cl.2004.02.002,Employing symmetry reductions in model checking,2004,2004-10-01,10.1016/j.cl.2004.02.002,,"Computer languages, systems & structures",semanticscholar,e95e472095fecc327e0155567b6bcb1fb4e82730,CS030,S44,CS030,,included,no,formal_verification,2,title-screen,,,,Keyword score is prioritization only; it is not an eligibility or exclusion decision.
CG0124,doi:10.1016/s1571-0661(05)80387-1,Different directions in parallel and distributed model checking (invited talk),2002,2002-10-01,10.1016/s1571-0661(05)80387-1,,PDMC@CONCUR,semanticscholar,c10f19bdecbfa3e31ff347cb3f540d4ab018f8f7,CS030,S44,CS030,,included,no,formal_verification,2,title-screen,,,,Keyword score is prioritization only; it is not an eligibility or exclusion decision.
CG0131,doi:10.1109/32.588521,The Model Checker SPIN,1997,1997-05-01,10.1109/32.588521,,IEEE Trans. Software Eng.,semanticscholar,8c106bdb98dc7c00f355f2e498347100a8e5c49d,CS030,S44,CS030,,included,no,formal_verification,2,title-screen,,,,Keyword score is prioritization only; it is not an eligibility or exclusion decision.
CG0133,doi:10.1109/ase.2001.989811,Exploiting heap symmetries in explicit-state model checking of software,2001,2001-11-26,10.1109/ase.2001.989811,,International Conference on Automated Software Engineering,semanticscholar,9dc039e86c861b330f96646cb79698dd1bf84e34,CS030,S44,CS030,,included,no,formal_verification,2,title-screen,,,,Keyword score is prioritization only; it is not an eligibility or exclusion decision.
CG0143,doi:10.1109/ssiri.2010.37,Model Checking a Lazy Concurrent List-Based Set Algorithm,2010,2010-06-09,10.1109/ssiri.2010.37,,2010 Fourth International Conference on Secure Software Integration and Reliability Improvement,semanticscholar,3d8e5e07c738f3ded55d3b0f66e1b633b4c1f905,CS030,S44,CS030,,included,no,formal_verification,2,title-screen,,,,Keyword score is prioritization only; it is not an eligibility or exclusion decision.
CG0147,doi:10.1109/tse.2007.70724,The Design of a Multicore Extension of the SPIN Model Checker,2007,2007-10-01,10.1109/tse.2007.70724,,IEEE Transactions on Software Engineering,semanticscholar,7f1f4731678ae41aaa296a2f3b60cfc75400edaa,CS030,S44,CS030,,included,no,formal_verification,2,title-screen,,,,Keyword score is prioritization only; it is not an eligibility or exclusion decision.
CG0151,doi:10.1145/1011508.1011511,Symmetry and reduced symmetry in model checking,2001,2001-07-18,10.1145/1011508.1011511,,TOPL,semanticscholar,addbec38ccf9baf003cf7c586a9127455e0b3d21,CS030,S44,CS030,,included,no,formal_verification,2,title-screen,,,,Keyword score is prioritization only; it is not an eligibility or exclusion decision.
CG0167,doi:10.1145/143165.143235,Model checking and abstraction,1992,1992-02-01,10.1145/143165.143235,,ACM-SIGACT Symposium on Principles of Programming Languages,semanticscholar,724000c0c9ce41e78393f08b6daec48e33627212,CS030,S44,CS030,,included,no,formal_verification,2,title-screen,,,,Keyword score is prioritization only; it is not an eligibility or exclusion decision.
CG0176,doi:10.1145/1889997.1890001,Mechanically verified proof obligations for linearizability,2011,,10.1145/1889997.1890001,,TOPL,semanticscholar,a9e49bb7151c36dff50005ed9e5c95e6802b645c,CS030,S44,CS030,,included,no,formal_verification,2,title-screen,,,,Keyword score is prioritization only; it is not an eligibility or exclusion decision.
CG0187,doi:10.1145/309847.309942,Symbolic model checking using SAT procedures instead of BDDs,1999,1999-06-01,10.1145/309847.309942,,Proceedings - Design Automation Conference,semanticscholar,5765188a3b2100630777bf7069d92e79872f3bb9,CS030,S44,CS030,,included,no,formal_verification,2,title-screen,,,,Keyword score is prioritization only; it is not an eligibility or exclusion decision.
CG0190,doi:10.1145/333979.333987,An automata-theoretic approach to branching-time model checking,2000,2000-03-01,10.1145/333979.333987,,JACM,semanticscholar,3ee76e372d54a2b54a2306b1c6bffea720b753c5,CS030,S44,CS030,,included,no,formal_verification,2,title-screen,,,,Keyword score is prioritization only; it is not an eligibility or exclusion decision.
CG0191,doi:10.1145/347324.348031,Putting static analysis to work for verification: A case study,2000,2000-08-01,10.1145/347324.348031,,International Symposium on Software Testing and Analysis,semanticscholar,5c5cd59f320d486fda89c4dfd366d12a0507e222,CS030,S44,CS030,,included,no,formal_verification,2,title-screen,,,,Keyword score is prioritization only; it is not an eligibility or exclusion decision.
CG0201,doi:10.1145/41840.41865,Avoiding the state explosion problem in temporal logic model checking,1987,1987-12-01,10.1145/41840.41865,,ACM SIGACT-SIGOPS Symposium on Principles of Distributed Computing,semanticscholar,3d7a805d4b69ee74fe2214510bebe6982a1af4a2,CS030,S44,CS030,,included,no,formal_verification,2,title-screen,,,,Keyword score is prioritization only; it is not an eligibility or exclusion decision.
CG0204,doi:10.1145/5397.5399,Automatic verification of finite-state concurrent systems using temporal logic specifications,1986,1986-04-01,10.1145/5397.5399,,ACM Transactions on Programming Languages and Systems,semanticscholar,8b007f9bb907620e2dabda17ae09d8d239e7ff44,CS030,S44,CS030,,included,no,formal_verification,2,title-screen,,,,Keyword score is prioritization only; it is not an eligibility or exclusion decision.
CG0215,doi:10.1145/876638.876643,Counterexample-guided abstraction refinement for symbolic model checking,2003,2003-09-01,10.1145/876638.876643,,JACM,semanticscholar,d859b6698969b788bd25bc2abd96e6e57e341bea,CS030,S44,CS030,,included,no,formal_verification,2,title-screen,,,,Keyword score is prioritization only; it is not an eligibility or exclusion decision.
CG0220,doi:10.2168/lmcs-5(2:12)2009,Simulating Reachability Using First-Order Logic with Applications to Verification of Linked Data Structures,2005,2005-07-22,10.2168/lmcs-5(2:12)2009,0904.4902,CADE,semanticscholar,7e4084f8986b195b370524811a019577719bf8b5,CS030,S44,CS030,,included,no,formal_verification,2,title-screen,,,,Keyword score is prioritization only; it is not an eligibility or exclusion decision.
CG0227,s2:1b6de0dbdbcc79501da0a0c16dd2005a04861368,Software Tools for Technology Transfer manuscript No. (will be inserted by the editor) Parallel and Distributed Model Checking in Eddy ⋆,,,,,,semanticscholar,1b6de0dbdbcc79501da0a0c16dd2005a04861368,CS030,S44,CS030,,unknown-date,no,formal_verification,2,manual-date-check,,,,Keyword score is prioritization only; it is not an eligibility or exclusion decision.
CG0230,s2:25830ed2e57ad2e5e41aa0aa440d4bebd7aec79c,Modular fine-grained concurrency verification,2008,,,,,semanticscholar,25830ed2e57ad2e5e41aa0aa440d4bebd7aec79c,CS030,S44,CS030,,included,no,formal_verification,2,title-screen,,,,Keyword score is prioritization only; it is not an eligibility or exclusion decision.
CG0232,s2:2d464a9ba66e16392da8922328a511f3b129558a,Symbolic model checking: 1020 states and beyond,1989,,,,Logic in Computer Science,semanticscholar,2d464a9ba66e16392da8922328a511f3b129558a,CS030,S44,CS030,,included,no,formal_verification,2,title-screen,,,,Keyword score is prioritization only; it is not an eligibility or exclusion decision.
CG0234,s2:38f75aafbcd2aa854b1c3df3007fa89ea1090854,"Systems and Software Verification, Model-Checking Techniques and Tools",2001,2001-06-20,,,,semanticscholar,38f75aafbcd2aa854b1c3df3007fa89ea1090854,CS030,S44,CS030,,included,no,formal_verification,2,title-screen,,,,Keyword score is prioritization only; it is not an eligibility or exclusion decision.
CG0235,s2:3df0ab740c674dfd92e57376e9c0c5ab58f84e0e,The SPIN Model Checker : Primer and Reference Manual,2004,2004-03-25,,,,semanticscholar,3df0ab740c674dfd92e57376e9c0c5ab58f84e0e,CS030,S44,CS030,,included,no,formal_verification,2,title-screen,,,,Keyword score is prioritization only; it is not an eligibility or exclusion decision.
CG0239,s2:74c216da772e8c43d23db7891d96460125605a39,Property-guided verification of concurrent heap-manipulating programs,2004,,,,,semanticscholar,74c216da772e8c43d23db7891d96460125605a39,CS030,S44,CS030,,included,no,formal_verification,2,title-screen,,,,Keyword score is prioritization only; it is not an eligibility or exclusion decision.
CG0241,s2:7abdd30f3bf47606d64352121b0fcd2686054ca3,LTL Model Checking for Systems with Unbounded Number of Dynamically Created Threads and Objects,2001,,,,,semanticscholar,7abdd30f3bf47606d64352121b0fcd2686054ca3,CS030,S44,CS030,,included,no,formal_verification,2,title-screen,,,,Keyword score is prioritization only; it is not an eligibility or exclusion decision.
CG0246,s2:926c7e86ff6995c0697b51f172bc37f6bb3c3b46,An Automata-Theoretic Approach to Automatic Program Verification (Preliminary Report),1986,,,,Logic in Computer Science,semanticscholar,926c7e86ff6995c0697b51f172bc37f6bb3c3b46,CS030,S44,CS030,,included,no,formal_verification,2,title-screen,,,,Keyword score is prioritization only; it is not an eligibility or exclusion decision.
CG0251,s2:b0b5236f0b62c368bcde6cb588a02567afeebbf7,Shape Predicates Allow Unbounded Verification of Linearizability Using Canonical Abstraction,2014,2014-01-20,,,Australasian Computer Science Conference,semanticscholar,b0b5236f0b62c368bcde6cb588a02567afeebbf7,CS030,S44,,CS030,included,no,formal_verification,2,title-screen,,,,Keyword score is prioritization only; it is not an eligibility or exclusion decision.
CG0252,s2:b824c38819f67f9a9d2e2e77e2767be340221173,The Complexity of Temporal Logic Model Checking,2002,,,,Advances in Modal Logic,semanticscholar,b824c38819f67f9a9d2e2e77e2767be340221173,CS030,S44,CS030,,included,no,formal_verification,2,title-screen,,,,Keyword score is prioritization only; it is not an eligibility or exclusion decision.
CG0254,s2:d2ac69c4626d5081ca399770b4eaa7759dcf5416,Formal Verification of Scalable NonZero Indicators,2009,2009-07-30,,,International Conference on Software Engineering and Knowledge Engineering,semanticscholar,d2ac69c4626d5081ca399770b4eaa7759dcf5416,CS030,S44,CS030,,included,no,formal_verification,2,title-screen,,,,Keyword score is prioritization only; it is not an eligibility or exclusion decision.
CG0255,s2:f1269591359fddc20f95da10c7bd4c054080b447,Principles of model checking,2008,2008-04-25,,,,semanticscholar,f1269591359fddc20f95da10c7bd4c054080b447,CS030;CS031,S44;S45,CS030;CS031,,included,no,formal_verification,2,title-screen,,,,Keyword score is prioritization only; it is not an eligibility or exclusion decision.
CG0258,unknown:semanticscholar:cs030:references:0:176,"Years of Model Checking: History, Achievements, Perspectives, volume 5000 of Lecture",2008,,,,"Notes in Computer Science,",semanticscholar,,CS030,S44,CS030,,included,no,formal_verification,2,title-screen,,,,Keyword score is prioritization only; it is not an eligibility or exclusion decision.
CG0214,doi:10.1145/872035.872078,Efficient and practical constructions of LL/SC variables,2003,2003-07-13,10.1145/872035.872078,,ACM SIGACT-SIGOPS Symposium on Principles of Distributed Computing,semanticscholar,b51264373e2719628e263ef545966d47cdb2ce19,CS030,S44,CS030,,included,no,compare_exchange_or_cas,1,title-screen,,,,Keyword score is prioritization only; it is not an eligibility or exclusion decision.
CG0001,arxiv:1410.6268,Verifying linearizability: A comparative survey,2014,2014-10-23,,1410.6268,arXiv.org,semanticscholar,3869c2c796062898073d47163ab33804040d32a7,CS030,S44,,CS030,included,no,,0,title-screen,,,,Keyword score is prioritization only; it is not an eligibility or exclusion decision.
CG0002,arxiv:1512.09186,Collapsing Threads Safely with Soft Invariants,2015,2015-12-31,,1512.09186,arXiv.org,semanticscholar,04167934e335cf8190773967c28fa4b422f44531,CS030,S44,,CS030,included,no,,0,title-screen,,,,Keyword score is prioritization only; it is not an eligibility or exclusion decision.
CG0003,doi:10.1002/malq.19630090502,Semantical Analysis of Modal Logic I Normal Modal Propositional Calculi,1963,,10.1002/malq.19630090502,,,semanticscholar,aff9260de8b81381e9dab39c13f8946bb27ac9c3,CS030,S44,CS030,,included,no,,0,title-screen,,,,Keyword score is prioritization only; it is not an eligibility or exclusion decision.
CG0004,doi:10.1006/inco.1995.1134,Forward and Backward Simulations: I. Untimed Systems,1995,1995-09-01,10.1006/inco.1995.1134,,Information and Computation,semanticscholar,1ccb3109b4ec5e18db55aa397cb052b5463becfa,CS030,S44,CS030,,included,no,,0,title-screen,,,,Keyword score is prioritization only; it is not an eligibility or exclusion decision.
CG0005,doi:10.1006/inco.1996.0083,,,,10.1006/inco.1996.0083,,,opencitations,10.1006/inco.1996.0083,CS031,S45,CS031,,unknown-date,no,,0,manual-date-check,,,,Keyword score is prioritization only; it is not an eligibility or exclusion decision.
CG0006,doi:10.1007/1-4020-3532-2_8,On the Utility of Canonical Abstraction,2005,,10.1007/1-4020-3532-2_8,,,semanticscholar,db45224854347d98fefbdc1299fe031278f014fa,CS030,S44,CS030,,included,no,,0,title-screen,,,,Keyword score is prioritization only; it is not an eligibility or exclusion decision.
CG0008,doi:10.1007/11513988_50,Abstraction Refinement via Inductive Learning,2005,2005-07-06,10.1007/11513988_50,,International Conference on Computer Aided Verification,semanticscholar,a189feee3dee8cbe1443effdb04205c4dd7945a0,CS030,S44,CS030,,included,no,,0,title-screen,,,,Keyword score is prioritization only; it is not an eligibility or exclusion decision.
CG0012,doi:10.1007/11864219_11,Checking a Multithreaded Algorithm with +CAL,2006,2006-09-18,10.1007/11864219_11,,International Symposium on Distributed Computing,semanticscholar,1abb5e02460016cd1791b142ae5eec4461f85449,CS030,S44,CS030,,included,no,,0,title-screen,,,,Keyword score is prioritization only; it is not an eligibility or exclusion decision.
CG0014,doi:10.1007/3-540-10003-2_69,Characterizing Correctness Properties of Parallel Programs Using Fixpoints,1980,1980-07-14,10.1007/3-540-10003-2_69,,"International Colloquium on Automata, Languages and Programming",semanticscholar,875ca36da0c1408500bc3004c03699efd809ad7c,CS030,S44,CS030,,included,no,,0,title-screen,,,,Keyword score is prioritization only; it is not an eligibility or exclusion decision.
CG0016,doi:10.1007/3-540-16442-1_14,Data Refinement Refined,1986,1986-03-17,10.1007/3-540-16442-1_14,,European Symposium on Programming,semanticscholar,af22fa2b2f95f75be231a958f545026b5f621b92,CS030,S44,CS030,,included,no,,0,title-screen,,,,Keyword score is prioritization only; it is not an eligibility or exclusion decision.
CG0017,doi:10.1007/3-540-36108-1_18,A Practical Multi-word Compare-and-Swap Operation,2002,2002-10-28,10.1007/3-540-36108-1_18,,International Symposium on Distributed Computing,semanticscholar,b64f4ff88cdb7c5739dbfacbfe9ff590c8fe61ef,CS030,S44,CS030,,included,no,,0,title-screen,,,,Keyword score is prioritization only; it is not an eligibility or exclusion decision.
CG0019,doi:10.1007/3-540-36135-9_20,From States to Transitions: Improving Translation of LTL Formulae to Büchi Automata,2002,2002-11-11,10.1007/3-540-36135-9_20,,Formal Techniques for (Networked and) Distributed Systems,semanticscholar,c4fd81c42b750bb4d569e233774a77b7a308f88f,CS030,S44,CS030,,included,no,,0,title-screen,,,,Keyword score is prioritization only; it is not an eligibility or exclusion decision.
CG0020,doi:10.1007/3-540-40026-5_4,Even Better DCAS-Based Concurrent Deques,2000,2000-10-04,10.1007/3-540-40026-5_4,,International Symposium on Distributed Computing,semanticscholar,088f5f37f4f13c24003d2e000ea3cb62a530f353,CS030,S44,CS030,,included,no,,0,title-screen,,,,Keyword score is prioritization only; it is not an eligibility or exclusion decision.
CG0021,doi:10.1007/3-540-44585-4_6,Fast LTL to Büchi Automata Translation,2001,2001-07-18,10.1007/3-540-44585-4_6,,International Conference on Computer Aided Verification,semanticscholar,c3f46d41b02642eccd4daa15b4d70b03e6539940,CS030,S44,CS030,,included,no,,0,title-screen,,,,Keyword score is prioritization only; it is not an eligibility or exclusion decision.
CG0023,doi:10.1007/3-540-45319-9_1,Branching vs. Linear Time: Final Showdown,2001,2001-04-02,10.1007/3-540-45319-9_1,,International Conference on Tools and Algorithms for Construction and Analysis of Systems,semanticscholar,a59fc8afda29d921f243f335685fcd2c79ec9de2,CS030,S44,CS030,,included,no,,0,title-screen,,,,Keyword score is prioritization only; it is not an eligibility or exclusion decision.
CG0028,doi:10.1007/3-540-48234-2_20,dSPIN: A Dynamic Extension of SPIN,1999,1999-09-21,10.1007/3-540-48234-2_20,,SPIN,semanticscholar,b1b746ee2f43ebb1e1ca253eec113a40fb9335bd,CS030,S44,CS030,,included,no,,0,title-screen,,,,Keyword score is prioritization only; it is not an eligibility or exclusion decision.
CG0029,doi:10.1007/3-540-48257-1_24,PVS: An Experience Report,1998,1998-10-07,10.1007/3-540-48257-1_24,,FM-Trends,semanticscholar,172e13fa5ea46a182098839482968117138bc7d8,CS030,S44,CS030,,included,no,,0,title-screen,,,,Keyword score is prioritization only; it is not an eligibility or exclusion decision.
CG0031,doi:10.1007/3-540-53479-2_17,Action versus State based Logics for Transition Systems,1990,1990-11-01,10.1007/3-540-53479-2_17,,Semantics of Systems of Concurrent Processes,semanticscholar,5be84ed7c6a493dea0bf5934015d3dc626444507,CS030,S44,CS030,,included,no,,0,title-screen,,,,Keyword score is prioritization only; it is not an eligibility or exclusion decision.
CG0032,doi:10.1007/3-540-56188-9,Distributed Algorithms,1992,,10.1007/3-540-56188-9,,Lecture Notes in Computer Science,semanticscholar,79fa5e51a519d30a19b3fd3accfa580cbd556b33,CS030,S44,CS030,,included,no,,0,title-screen,,,,Keyword score is prioritization only; it is not an eligibility or exclusion decision.
CG0033,doi:10.1007/3-540-57659-2_3,Analysis of Dynamic Structures for Efficient Parallel Execution,1993,1993-08-12,10.1007/3-540-57659-2_3,,International Workshop on Languages and Compilers for Parallel Computing,semanticscholar,8155ea352617f54321725598b1ffa69062663f82,CS030,S44,CS030,,included,no,,0,title-screen,,,,Keyword score is prioritization only; it is not an eligibility or exclusion decision.
CG0036,doi:10.1007/3-540-63166-6_10,Construction of Abstract State Graphs with PVS,1997,1997-06-22,10.1007/3-540-63166-6_10,,International Conference on Computer Aided Verification,semanticscholar,bc0a6f177d0b6bd983290889f4e26df9df9582fb,CS030,S44,CS030,,included,no,,0,title-screen,,,,Keyword score is prioritization only; it is not an eligibility or exclusion decision.
CG0039,doi:10.1007/978-1-4020-8157-6_28,TVLA: A system for generating abstract interpreters,2004,,10.1007/978-1-4020-8157-6_28,,IFIP Congress Topical Sessions,semanticscholar,d388302a91a36bfd3fa0b76bd9041d687b92e891,CS030,S44,CS030,,included,no,,0,title-screen,,,,Keyword score is prioritization only; it is not an eligibility or exclusion decision.
CG0040,doi:10.1007/978-1-4020-8354-9,Time and Modality,2008,,10.1007/978-1-4020-8354-9,,,semanticscholar,c0d4784dc4a9d843c7ef76fd4057368ef2f39a21,CS030,S44,CS030,,included,no,,0,title-screen,,,,Keyword score is prioritization only; it is not an eligibility or exclusion decision.
CG0041,doi:10.1007/978-1-4612-0931-7,The Temporal Logic of Reactive and Concurrent Systems,1991,1991-12-18,10.1007/978-1-4612-0931-7,,Springer: New York,semanticscholar,b570e945deb4ca308830be2810c45100854ec16a,CS030,S44,CS030,,included,no,,0,title-screen,,,,Keyword score is prioritization only; it is not an eligibility or exclusion decision.
CG0042,doi:10.1007/978-1-4613-8928-6_23,On a decision method in restricted second-order arithmetic,1960,,10.1007/978-1-4613-8928-6_23,,,semanticscholar,1b45e54c5d3af9c7e704a8b9926c395bc58fe212,CS030,S44,CS030,,included,no,,0,title-screen,,,,Keyword score is prioritization only; it is not an eligibility or exclusion decision.
CG0044,doi:10.1007/978-1-4757-3472-0_2,Cooperating sequential processes,2002,,10.1007/978-1-4757-3472-0_2,,,semanticscholar,cd46e66972b056719a988e5c25440ab796c3f2f2,CS030,S44,CS030,,included,no,,0,title-screen,,,,Keyword score is prioritization only; it is not an eligibility or exclusion decision.
CG0045,doi:10.1007/978-3-030-67087-0_4,On the State Reachability Problem for Concurrent Programs Under Power,2020,,10.1007/978-3-030-67087-0_4,,International Conference on Networked Systems,opencitations;semanticscholar,10.1007/978-3-030-67087-0_4;55a2d1142f4a6994300ef76ea1873ea4470082bd,CS031,S45,CS031,,included,no,,0,title-screen,,,,Keyword score is prioritization only; it is not an eligibility or exclusion decision.
CG0046,doi:10.1007/978-3-030-99336-8_12,Probabilistic Total Store Ordering,2022,2022-01-25,10.1007/978-3-030-99336-8_12,2201.10213,European Symposium on Programming,semanticscholar,7c5dbb14f4ce6b24001cf4b16af50505dbd7b44b,CS031,S45,,CS031,included,no,,0,title-screen,,,,Keyword score is prioritization only; it is not an eligibility or exclusion decision.
CG0048,doi:10.1007/978-3-031-37706-8_10,,,,10.1007/978-3-031-37706-8_10,,,opencitations,10.1007/978-3-031-37706-8_10,CS031,S45,CS031,,unknown-date,no,,0,manual-date-check,,,,Keyword score is prioritization only; it is not an eligibility or exclusion decision.
CG0049,doi:10.1007/978-3-319-10181-1_21,Verifying Linearizability on TSO Architectures,2014,2014-09-09,10.1007/978-3-319-10181-1_21,,International Conference on Integrated Formal Methods,opencitations;semanticscholar,10.1007/978-3-319-10181-1_21;de2046eccf6240b2c66528efc10fe8d4906f9141,CS031,S45,CS031,,included,no,,0,title-screen,,,,Keyword score is prioritization only; it is not an eligibility or exclusion decision.
CG0051,doi:10.1007/978-3-319-24953-7_24,,,,10.1007/978-3-319-24953-7_24,,,opencitations,10.1007/978-3-319-24953-7_24,CS031,S45,CS031,,unknown-date,no,,0,manual-date-check,,,,Keyword score is prioritization only; it is not an eligibility or exclusion decision.
CG0052,doi:10.1007/978-3-319-51517-5_2,ARM Architecture and Programming,2017,,10.1007/978-3-319-51517-5_2,,,opencitations;semanticscholar,10.1007/978-3-319-51517-5_2;7434b03029812332fd916443e2a135abcd47053c,CS031,S45,CS031,,included,no,,0,title-screen,,,,Keyword score is prioritization only; it is not an eligibility or exclusion decision.
CG0053,doi:10.1007/978-3-540-24622-0_21,Symbolic Implementation of the Best Transformer,2004,2004-01-11,10.1007/978-3-540-24622-0_21,,"International Conference on Verification, Model Checking and Abstract Interpretation",semanticscholar,1f75110858d4743e02a5c770a599d2ebc9f65383,CS030,S44,CS030,,included,no,,0,title-screen,,,,Keyword score is prioritization only; it is not an eligibility or exclusion decision.
CG0054,doi:10.1007/978-3-540-24730-2_39,Symbolically Computing Most-Precise Abstract Operations for Shape Analysis,2004,2004-03-29,10.1007/978-3-540-24730-2_39,,International Conference on Tools and Algorithms for Construction and Analysis of Systems,semanticscholar,a2d86746f105221a4d46131fdd7d1862fc6da0a0,CS030,S44,CS030,,included,no,,0,title-screen,,,,Keyword score is prioritization only; it is not an eligibility or exclusion decision.
CG0055,doi:10.1007/978-3-540-27813-9_2,Static Program Analysis via 3-Valued Logic,2004,2004-07-13,10.1007/978-3-540-27813-9_2,,International Conference on Computer Aided Verification,semanticscholar,d6a6bd8652c745842eee309c8ac8d5bc4916dc33,CS030,S44,CS030,,included,no,,0,title-screen,,,,Keyword score is prioritization only; it is not an eligibility or exclusion decision.
CG0057,doi:10.1007/978-3-540-27864-1_20,Partially Disjunctive Heap Abstraction,2004,2004-08-26,10.1007/978-3-540-27864-1_20,,Sensors Applications Symposium,semanticscholar,eef495113a46252895c47556fc0e08f603967f44,CS030,S44,CS030,,included,no,,0,title-screen,,,,Keyword score is prioritization only; it is not an eligibility or exclusion decision.
CG0060,doi:10.1007/978-3-540-45099-3_15,TVLA: A System for Implementing Static Analyses,2000,2000-06-29,10.1007/978-3-540-45099-3_15,,Sensors Applications Symposium,semanticscholar,b12f8ce4f08743c663b1ed6df22dfa4366c565c3,CS030,S44,CS030,,included,no,,0,title-screen,,,,Keyword score is prioritization only; it is not an eligibility or exclusion decision.
CG0061,doi:10.1007/978-3-540-69166-2_24,Heap Decomposition for Concurrent Shape Analysis,2008,2008-07-16,10.1007/978-3-540-69166-2_24,,Sensors Applications Symposium,semanticscholar,35335fd131021f5e2cbac5dc2cd7e78111d1b82d,CS030,S44,CS030,,included,no,,0,title-screen,,,,Keyword score is prioritization only; it is not an eligibility or exclusion decision.
CG0062,doi:10.1007/978-3-540-69850-0_12,Design and Synthesis of Synchronization Skeletons Using Branching Time Temporal Logic,2008,,10.1007/978-3-540-69850-0_12,,25 Years of Model Checking,semanticscholar,843abecc52872013d64960bfae7533fa83a20372,CS030,S44,CS030,,included,no,,0,title-screen,,,,Keyword score is prioritization only; it is not an eligibility or exclusion decision.
CG0063,doi:10.1007/978-3-540-70545-1_37,Thread Quantification for Concurrent Shape Analysis,2008,2008-07-07,10.1007/978-3-540-70545-1_37,,International Conference on Computer Aided Verification,semanticscholar,894cf2a82386dca97e6d6c7b1d4230836ee4cec6,CS030,S44,CS030,,included,no,,0,title-screen,,,,Keyword score is prioritization only; it is not an eligibility or exclusion decision.
CG0064,doi:10.1007/978-3-540-73210-5_11,Proving Linearizability Via Non-atomic Refinement,2007,2007-07-02,10.1007/978-3-540-73210-5_11,,International Conference on Integrated Formal Methods,semanticscholar,d8b395451171b2a8b8f9f92a8da2421e9ec34939,CS030,S44,CS030,,included,no,,0,title-screen,,,,Keyword score is prioritization only; it is not an eligibility or exclusion decision.
CG0065,doi:10.1007/978-3-540-73368-3_25,Revamping TVLA: Making Parametric Shape Analysis Competitive,2007,2007-07-03,10.1007/978-3-540-73368-3_25,,International Conference on Computer Aided Verification,semanticscholar,2e86e2461c9ed10bb4e310d212de26905647e958,CS030,S44,CS030,,included,no,,0,title-screen,,,,Keyword score is prioritization only; it is not an eligibility or exclusion decision.
CG0066,doi:10.1007/978-3-540-73368-3_49,Comparison Under Abstraction for Verifying Linearizability,2007,2007-07-03,10.1007/978-3-540-73368-3_49,,International Conference on Computer Aided Verification,semanticscholar,abf5aa38af47b720895009d23a57aaf00adae497,CS030,S44,CS030,,included,no,,0,title-screen,,,,Keyword score is prioritization only; it is not an eligibility or exclusion decision.
CG0067,doi:10.1007/978-3-540-73368-3_5,A Tutorial on Satisfiability Modulo Theories,2007,2007-07-03,10.1007/978-3-540-73368-3_5,,International Conference on Computer Aided Verification,semanticscholar,4afdc928559feb8bb67a0671f9d36e8e76681d6a,CS030,S44,CS030,,included,no,,0,title-screen,,,,Keyword score is prioritization only; it is not an eligibility or exclusion decision.
CG0069,doi:10.1007/978-3-540-75596-8_4,Branching vs. Linear Time: Semantical Perspective,2007,2007-10-22,10.1007/978-3-540-75596-8_4,,Automated Technology for Verification and Analysis,semanticscholar,8aad5eaa1429d315922d9bd6ff1dd39d2398c210,CS030,S44,CS030,,included,no,,0,title-screen,,,,Keyword score is prioritization only; it is not an eligibility or exclusion decision.
CG0070,doi:10.1007/978-3-540-78127-1_36,From Monadic Logic to PSL,2008,,10.1007/978-3-540-78127-1_36,,Pillars of Computer Science,semanticscholar,0fd598b851c349a102c98ebac63b95520ead0439,CS030,S44,CS030,,included,no,,0,title-screen,,,,Keyword score is prioritization only; it is not an eligibility or exclusion decision.
CG0072,doi:10.1007/978-3-540-93900-9_27,Shape-Value Abstraction for Verifying Linearizability,2008,2008-12-16,10.1007/978-3-540-93900-9_27,,"International Conference on Verification, Model Checking and Abstract Interpretation",semanticscholar,71ed275e0e1f90a17763bf25f79ddcdf0fddaa02,CS030,S44,CS030,,included,no,,0,title-screen,,,,Keyword score is prioritization only; it is not an eligibility or exclusion decision.
CG0075,doi:10.1007/978-3-642-03359-9_27,A Better x86 Memory Model: x86-TSO,2009,2009-08-20,10.1007/978-3-642-03359-9_27,,International Conference on Theorem Proving in Higher Order Logics,opencitations;semanticscholar,10.1007/978-3-642-03359-9_27;e949f00933afc88cfc8982c2becb5971635085d9,CS031,S45,CS031,,included,no,,0,title-screen,,,,Keyword score is prioritization only; it is not an eligibility or exclusion decision.
CG0078,doi:10.1007/978-3-642-21437-0_25,Verifying Linearisability with Potential Linearisation Points,2011,2011-06-20,10.1007/978-3-642-21437-0_25,,World Congress on Formal Methods,semanticscholar,f95fc64697361b2e5470892032097e5b6c4ad1b1,CS030,S44,CS030,,included,no,,0,title-screen,,,,Keyword score is prioritization only; it is not an eligibility or exclusion decision.
CG0079,doi:10.1007/978-3-642-28869-2_5,Concurrent Library Correctness on the TSO Memory Model,2012,2012-03-24,10.1007/978-3-642-28869-2_5,,European Symposium on Programming,opencitations;semanticscholar,10.1007/978-3-642-28869-2_5;917b58c3e622f3ba1655db3f767d61381d9b7ac6,CS031,S45,CS031,,included,no,,0,title-screen,,,,Keyword score is prioritization only; it is not an eligibility or exclusion decision.
CG0080,doi:10.1007/978-3-642-33651-5_3,Show No Weakness: Sequentially Consistent Specifications of TSO Libraries,2012,2012-10-16,10.1007/978-3-642-33651-5_3,,International Symposium on Distributed Computing,opencitations;semanticscholar,10.1007/978-3-642-33651-5_3;ea29f7459f7e774795fae31b4277b11d620bd98f,CS031,S45,CS031,,included,no,,0,title-screen,,,,Keyword score is prioritization only; it is not an eligibility or exclusion decision.
CG0081,doi:10.1007/978-3-642-37036-6_29,Checking and Enforcing Robustness against TSO,2013,2013-03-16,10.1007/978-3-642-37036-6_29,,European Symposium on Programming,opencitations;semanticscholar,10.1007/978-3-642-37036-6_29;91ea231972fa6bea899f351c1270c625fc71a3a2,CS031,S45,CS031,,included,no,,0,title-screen,,,,Keyword score is prioritization only; it is not an eligibility or exclusion decision.
CG0083,doi:10.1007/978-3-642-71549-5,Temporal Logic of Programs,1987,,10.1007/978-3-642-71549-5,,EATCS Monographs on Theoretical Computer Science,semanticscholar,53e5d573f977bd59416b0bf870bfd4d917c9b79a,CS030,S44,CS030,,included,no,,0,title-screen,,,,Keyword score is prioritization only; it is not an eligibility or exclusion decision.
CG0084,doi:10.1007/978-3-662-49192-8_33,Bounded TSO-to-SC Linearizability Is Decidable,2016,2016-01-23,10.1007/978-3-662-49192-8_33,,Conference on Current Trends in Theory and Practice of Informatics,semanticscholar,63a48cb4a6cbb895b2290a973d4a483a4dbd9a71,CS031,S45,CS031,,included,no,,0,title-screen,,,,Keyword score is prioritization only; it is not an eligibility or exclusion decision.
CG0086,doi:10.1007/bf00121262,Combining partial order reductions with on-the-fly model-checking,1994,1994-06-21,10.1007/bf00121262,,Formal Methods Syst. Des.,semanticscholar,4734a8494497d39ee25eb248417403cc98b76931,CS030,S44,CS030,,included,no,,0,title-screen,,,,Keyword score is prioritization only; it is not an eligibility or exclusion decision.
CG0087,doi:10.1007/bf00290732,On some variants of Post's Correspondence Problem,1983,1983-09-01,10.1007/bf00290732,,Acta Informatica,opencitations;semanticscholar,10.1007/bf00290732;607b898910d2974e1e1cf5dd5a2c2d11671eba16,CS031,S45,CS031,,included,no,,0,title-screen,,,,Keyword score is prioritization only; it is not an eligibility or exclusion decision.
CG0091,doi:10.1007/bf01257083,The temporal logic of branching time,1981,1981-01-26,10.1007/bf01257083,,ACM-SIGACT Symposium on Principles of Programming Languages,semanticscholar,b71885bb82053e53bff32e15aee6ab84489d5bf2,CS030,S44,CS030,,included,no,,0,title-screen,,,,Keyword score is prioritization only; it is not an eligibility or exclusion decision.
CG0093,doi:10.1007/bfb0013029,Expressibility results for linear-time and branching-time logics,1988,1988-05-30,10.1007/bfb0013029,,REX Workshop,semanticscholar,6882584a354b86b6a97072ef284ecbd56a43c72f,CS030,S44,CS030,,included,no,,0,title-screen,,,,Keyword score is prioritization only; it is not an eligibility or exclusion decision.
CG0094,doi:10.1007/bfb0015727,Linear and Branching Structures in the Semantics and Logics of Reactive Systems,1985,1985-07-15,10.1007/bfb0015727,,"International Colloquium on Automata, Languages and Programming",semanticscholar,e802aa8a2bf2fe400bf5cc0e12cd55411287bb19,CS030,S44,CS030,,included,no,,0,title-screen,,,,Keyword score is prioritization only; it is not an eligibility or exclusion decision.
CG0095,doi:10.1007/bfb0055612,Sometimes and Not Never Re-revisited: On Branching Versus Linear Time,1998,1998-09-08,10.1007/bfb0055612,,International Conference on Concurrency Theory,semanticscholar,b6a8d530e7be6936b219b1592a3fb462c222687c,CS030,S44,CS030,,included,no,,0,title-screen,,,,Keyword score is prioritization only; it is not an eligibility or exclusion decision.
CG0097,doi:10.1007/s00236-007-0044-1,A criterion for atomicity revisited,2007,2007-04-26,10.1007/s00236-007-0044-1,,Acta Informatica,semanticscholar,085e99fd66765b03bf420f6f729d7deb2109a4fa,CS030,S44,CS030,,included,no,,0,title-screen,,,,Keyword score is prioritization only; it is not an eligibility or exclusion decision.
CG0098,doi:10.1007/s00236-017-0305-6,TSO-to-TSO linearizability is undecidable,2015,2015-10-12,10.1007/s00236-017-0305-6,,Acta Informatica,semanticscholar,6c300bffe3c016670a22efe59930b296915065ef,CS031,S45,CS031,,included,no,,0,title-screen,,,,Keyword score is prioritization only; it is not an eligibility or exclusion decision.
CG0102,doi:10.1007/s10009-010-0135-0,Data decision diagrams for Promela systems analysis,2010,2010-09-01,10.1007/s10009-010-0135-0,,International Journal on Software Tools for Technology Transfer (STTT),semanticscholar,510e2f0ddad0397c680e684e5563d298ad7fd763,CS030,S44,CS030,,included,no,,0,title-screen,,,,Keyword score is prioritization only; it is not an eligibility or exclusion decision.
CG0104,doi:10.1007/s100090200074,Symmetric Spin,2000,2000-08-30,10.1007/s100090200074,,International Journal on Software Tools for Technology Transfer (STTT),semanticscholar,b1648019fe417d082d59b65ef6ce887e6f730309,CS030,S44,CS030,,included,no,,0,title-screen,,,,Keyword score is prioritization only; it is not an eligibility or exclusion decision.
CG0106,doi:10.1016/0020-0190(81)90106-x,Myths About the Mutual Exclusion Problem,1981,1981-06-01,10.1016/0020-0190(81)90106-x,,Information Processing Letters,opencitations;semanticscholar,10.1016/0020-0190(81)90106-x;5b563eb9bd547a03fc2db90482fdc895ead52ce7,CS031,S45,CS031,,included,no,,0,title-screen,,,,Keyword score is prioritization only; it is not an eligibility or exclusion decision.
CG0109,doi:10.1016/0304-3975(81)90110-9,The Temporal Semantics of Concurrent Programs,1979,1979-07-02,10.1016/0304-3975(81)90110-9,,Theoretical Computer Science,semanticscholar,6c966f0bba6d8ff114d78aa72f2dc50d00a32a5b,CS030,S44,CS030,,included,no,,0,title-screen,,,,Keyword score is prioritization only; it is not an eligibility or exclusion decision.
CG0110,doi:10.1016/0304-3975(91)90224-p,The existence of refinement mappings,1988,1988-07-05,10.1016/0304-3975(91)90224-p,,[1988] Proceedings. Third Annual Information Symposium on Logic in Computer Science,semanticscholar,983c6d464e7e45c1320d9182a7ce39fef5575d1b,CS030,S44,CS030,,included,no,,0,title-screen,,,,Keyword score is prioritization only; it is not an eligibility or exclusion decision.
CG0111,doi:10.1016/0890-5401(92)90076-r,A Lattice for Abstract Interpretation of Dynamic (LISP-Like) Structures,1992,1992-11-01,10.1016/0890-5401(92)90076-r,,Information and Computation,semanticscholar,0b686bb7953f767ed066fae50242c29e69cff632,CS030,S44,CS030,,included,no,,0,title-screen,,,,Keyword score is prioritization only; it is not an eligibility or exclusion decision.
CG0112,doi:10.1016/b978-0-444-88074-1.50021-4,Temporal and Modal Logic,1991,1991-01-02,10.1016/b978-0-444-88074-1.50021-4,,"Handbook of Theoretical Computer Science, Volume B: Formal Models and Sematics",semanticscholar,5c8cc309444a2d7d49e7ee2e40eeb6d5dc1f7412,CS030,S44,CS030,,included,no,,0,title-screen,,,,Keyword score is prioritization only; it is not an eligibility or exclusion decision.
CG0113,doi:10.1016/c2011-0-06993-4,The Art of Multiprocessor Programming,2021,,10.1016/c2011-0-06993-4,,,semanticscholar,f483e4a22d2aa8252b667d628133582a87207a38,CS031,S45,CS031,,included,no,,0,title-screen,,,,Keyword score is prioritization only; it is not an eligibility or exclusion decision.
CG0115,doi:10.1016/j.entcs.2005.04.010,Finding Symmetry in Models of Concurrent Systems by Static Channel Diagram Analysis,2005,2005-05-01,10.1016/j.entcs.2005.04.010,,International Workshop Automated Verification Critical Systems,semanticscholar,ed8bd95ddffb3b8fd4418c8dd0fdf252fef10913,CS030,S44,CS030,,included,no,,0,title-screen,,,,Keyword score is prioritization only; it is not an eligibility or exclusion decision.
CG0116,doi:10.1016/j.entcs.2005.04.026,Verifying Concurrent Data Structures by Simulation,2005,2005-07-01,10.1016/j.entcs.2005.04.026,,Refinement Workshop,semanticscholar,f9cf9a10c47610b6c41c8a19a137630ae8b5b697,CS030,S44,CS030,,included,no,,0,title-screen,,,,Keyword score is prioritization only; it is not an eligibility or exclusion decision.
CG0117,doi:10.1016/j.entcs.2005.09.007,Spin-to-Grape: A Tool for Analysing Symmetry in Promela Models,2005,2005-11-01,10.1016/j.entcs.2005.09.007,,Arts,semanticscholar,568c944f58df41be77924a2b57c06a6963adfee4,CS030,S44,CS030,,included,no,,0,title-screen,,,,Keyword score is prioritization only; it is not an eligibility or exclusion decision.
CG0121,doi:10.1016/s0020-0190(01)00337-4,Verifying lossy channel systems has nonprimitive recursive complexity,2002,2002-09-15,10.1016/s0020-0190(01)00337-4,,Information Processing Letters,opencitations;semanticscholar,10.1016/s0020-0190(01)00337-4;bcb5860570681f8fe2f472dafc09107c75f10198,CS031,S45,CS031,,included,no,,0,title-screen,,,,Keyword score is prioritization only; it is not an eligibility or exclusion decision.
CG0122,doi:10.1016/s1570-8683(03)00008-9,Mathematical modal logic: A view of its evolution,2003,2003-10-01,10.1016/s1570-8683(03)00008-9,,Journal of Applied Logic,semanticscholar,e83a278930472ba30ad01e492d08fb6b2047a513,CS030,S44,CS030,,included,no,,0,title-screen,,,,Keyword score is prioritization only; it is not an eligibility or exclusion decision.
CG0123,doi:10.1016/s1571-0661(05)80006-4,Automatically Verifying Concurrent Queue Algorithms,2003,2003-09-01,10.1016/s1571-0661(05)80006-4,,SoftMC@CAV,semanticscholar,01fb99cade393a363567cec1c1921393d8d887d9,CS030,S44,CS030,,included,no,,0,title-screen,,,,Keyword score is prioritization only; it is not an eligibility or exclusion decision.
CG0125,doi:10.1023/a:1008696026254,An Analysis of Bitstate Hashing,1995,1995-06-01,10.1023/a:1008696026254,,Formal Methods Syst. Des.,semanticscholar,3a3f46788f1178e351e21216d09e6632e8156880,CS030,S44,CS030,,included,no,,0,title-screen,,,,Keyword score is prioritization only; it is not an eligibility or exclusion decision.
CG0126,doi:10.1080/04597220801912986,Reference,2008,2008-02-01,10.1080/04597220801912986,,,semanticscholar,72b2000f6cd8dec7d0a04a1c646a15c100e6b0de,CS031,S45,CS031,,included,no,,0,title-screen,,,,Keyword score is prioritization only; it is not an eligibility or exclusion decision.
CG0127,doi:10.1090/s0002-9904-1946-08555-9,A variant of a recursively unsolvable problem,1946,1946-04-01,10.1090/s0002-9904-1946-08555-9,,,opencitations;semanticscholar,10.1090/s0002-9904-1946-08555-9;5c406be5ae6f2935b6653f101f02332186cb50d9,CS031,S45,CS031,,included,no,,0,title-screen,,,,Keyword score is prioritization only; it is not an eligibility or exclusion decision.
CG0128,doi:10.1093/comjnl/38.3.260,"Temporal Logic: Mathematical Foundations and Computational Aspects, Volume 1",1995,,10.1093/comjnl/38.3.260,,,semanticscholar,9140e299ba8792fafc753d3cd66b619f68ac3119,CS030,S44,CS030,,included,no,,0,title-screen,,,,Keyword score is prioritization only; it is not an eligibility or exclusion decision.
CG0129,doi:10.1093/jigpal/jzl009,Verifying Temporal Heap Properties Specified via Evolution Logic,2003,2003-04-07,10.1093/jigpal/jzl009,,Logic Journal of the IGPL,semanticscholar,c66fd1c59224772f1cab141658db25e199aebeee,CS030,S44,CS030,,included,no,,0,title-screen,,,,Keyword score is prioritization only; it is not an eligibility or exclusion decision.
CG0132,doi:10.1109/71.819952,Universal Constructions for Large Objects,1995,1995-09-13,10.1109/71.819952,,IEEE Trans. Parallel Distributed Syst.,semanticscholar,e4b5858435bb0363843a24a89aa67c0bc0d3e8d1,CS030,S44,CS030,,included,no,,0,title-screen,,,,Keyword score is prioritization only; it is not an eligibility or exclusion decision.
CG0135,doi:10.1109/icdcs.2003.1203503,Obstruction-free synchronization: double-ended queues as an example,2003,2003-05-19,10.1109/icdcs.2003.1203503,,"23rd International Conference on Distributed Computing Systems, 2003. Proceedings.",semanticscholar,59a8ce16cf0547945f182010ed6bf4c2a82805b1,CS030,S44,CS030,,included,no,,0,title-screen,,,,Keyword score is prioritization only; it is not an eligibility or exclusion decision.
CG0138,doi:10.1109/lics.1996.561322,Model-checking of correctness conditions for concurrent objects,1996,1996-07-27,10.1109/lics.1996.561322,,Proceedings 11th Annual IEEE Symposium on Logic in Computer Science,semanticscholar,8841e78ef0a0a09206596a5302f89dab0dc77327,CS030,S44,CS030,,included,no,,0,title-screen,,,,Keyword score is prioritization only; it is not an eligibility or exclusion decision.
CG0139,doi:10.1109/lics.1998.705674,Linear vs. branching time: a complexity-theoretic perspective,1998,1998-06-21,10.1109/lics.1998.705674,,Proceedings. Thirteenth Annual IEEE Symposium on Logic in Computer Science (Cat. No.98CB36226),semanticscholar,87b14fcec9148453bf2d06a7ae33785147a8a92a,CS030,S44,CS030,,included,no,,0,title-screen,,,,Keyword score is prioritization only; it is not an eligibility or exclusion decision.
CG0140,doi:10.1109/lics.2002.1029817,Separation logic: a logic for shared mutable data structures,2002,2002-07-22,10.1109/lics.2002.1029817,,Proceedings 17th Annual IEEE Symposium on Logic in Computer Science,semanticscholar,38b7e9721cc3e326580465deaf0f0028b92afe6a,CS030,S44,CS030,,included,no,,0,title-screen,,,,Keyword score is prioritization only; it is not an eligibility or exclusion decision.
CG0141,doi:10.1109/pmmp.1993.315553,Interprocedural heap analysis for parallelizing imperative programs,1993,1993-09-20,10.1109/pmmp.1993.315553,,Proceedings of Workshop on Programming Models for Massively Parallel Computers,semanticscholar,6316be823e7dd72a8ea3b88b09e318563644462f,CS030,S44,CS030,,included,no,,0,title-screen,,,,Keyword score is prioritization only; it is not an eligibility or exclusion decision.
CG0144,doi:10.1109/superc.1990.130060,A simple and correct shared-queue algorithm using compare-and-swap,1990,1990-10-01,10.1109/superc.1990.130060,,Proceedings SUPERCOMPUTING '90,semanticscholar,8df9c8da3363fb53b3fb6556c8bbcf7a069be9f4,CS030,S44,CS030,,included,no,,0,title-screen,,,,Keyword score is prioritization only; it is not an eligibility or exclusion decision.
CG0145,doi:10.1109/tc.1979.1675439,,,,10.1109/tc.1979.1675439,,,opencitations,10.1109/tc.1979.1675439,CS031,S45,CS031,,unknown-date,no,,0,manual-date-check,,,,Keyword score is prioritization only; it is not an eligibility or exclusion decision.
CG0148,doi:10.1142/s0129626407003125,A Lazy Concurrent List-Based Set Algorithm,2005,2005-12-12,10.1142/s0129626407003125,,Parallel Processing Letters,semanticscholar,813b7cdcf6d77ea34b4cf68378e2508db28fdf50,CS030,S44,CS030,,included,no,,0,title-screen,,,,Keyword score is prioritization only; it is not an eligibility or exclusion decision.
CG0153,doi:10.1145/1040305.1040336,The Java memory model,2005,2005-01-12,10.1145/1040305.1040336,,ACM-SIGACT Symposium on Principles of Programming Languages,opencitations;semanticscholar,0b4cd037925fe2185cbf38b4ccb76f32bbd87d53;10.1145/1040305.1040336,CS031,S45,CS031,,included,no,,0,title-screen,,,,Keyword score is prioritization only; it is not an eligibility or exclusion decision.
CG0154,doi:10.1145/1050849.1050865,A brief survey of program slicing,2005,2005-03-01,10.1145/1050849.1050865,,SOEN,semanticscholar,51211c46f6587f74ef805c4d8e5b908e2ccfa0a0,CS030,S44,CS030,,included,no,,0,title-screen,,,,Keyword score is prioritization only; it is not an eligibility or exclusion decision.
CG0156,doi:10.1145/1122971.1122992,Proving correctness of highly-concurrent linearisable objects,2006,2006-03-29,10.1145/1122971.1122992,,ACM SIGPLAN Symposium on Principles & Practice of Parallel Programming,semanticscholar,9dd2d27da13ac677a182647051797becd2912fc7,CS030,S44,CS030,,included,no,,0,title-screen,,,,Keyword score is prioritization only; it is not an eligibility or exclusion decision.
CG0159,doi:10.1145/1182613.1182618,Logical characterizations of heap abstractions,2003,2003-12-07,10.1145/1182613.1182618,cs/0312014,TOCL,semanticscholar,6566e6e2600e70068798cf8edea696b45518747d,CS030,S44,CS030,,included,no,,0,title-screen,,,,Keyword score is prioritization only; it is not an eligibility or exclusion decision.
CG0160,doi:10.1145/1233307.1233309,Concurrent programming without locks,2007,2007-05-01,10.1145/1233307.1233309,,TOCS,semanticscholar,6b6e4bc51aa3dccb46f0a4fe3b384774856aab36,CS030,S44,CS030,,included,no,,0,title-screen,,,,Keyword score is prioritization only; it is not an eligibility or exclusion decision.
CG0162,doi:10.1145/1287624.1287653,Finding bugs efficiently with a SAT solver,2007,2007-09-07,10.1145/1287624.1287653,,ESEC-FSE '07,semanticscholar,d30b27ea50a4e13246edca0256420adc3acb75bd,CS030,S44,CS030,,included,no,,0,title-screen,,,,Keyword score is prioritization only; it is not an eligibility or exclusion decision.
CG0164,doi:10.1145/136035.136043,Symbolic Boolean manipulation with ordered binary-decision diagrams,1992,1992-09-01,10.1145/136035.136043,,CSUR,semanticscholar,45c1c49b29c8a31ae9a196cf5070824c1bbe8930,CS030,S44,CS030,,included,no,,0,title-screen,,,,Keyword score is prioritization only; it is not an eligibility or exclusion decision.
CG0168,doi:10.1145/1504176.1504186,Idempotent work stealing,2009,2009-02-14,10.1145/1504176.1504186,,ACM SIGPLAN Symposium on Principles & Practice of Parallel Programming,opencitations;semanticscholar,10.1145/1504176.1504186;4e5add02a2d3d5b8e68b6a6165689e85984d5e7d,CS031,S45,CS031,,included,no,,0,title-screen,,,,Keyword score is prioritization only; it is not an eligibility or exclusion decision.
CG0170,doi:10.1145/161468.161469,A methodology for implementing highly concurrent data objects,1992,1992-04-01,10.1145/161468.161469,,OPSR,semanticscholar,c9ad3dada83553a5cc9b751544035a57727548b0,CS030,S44,CS030,,included,no,,0,title-screen,,,,Keyword score is prioritization only; it is not an eligibility or exclusion decision.
CG0171,doi:10.1145/1640089.1640106,The design of a task parallel library,2009,2009-10-25,10.1145/1640089.1640106,,"Conference on Object-Oriented Programming Systems, Languages, and Applications",opencitations;semanticscholar,10.1145/1640089.1640106;a43176525eff69d04e9df1036093b2e4d6dcc932,CS031,S45,CS031,,included,no,,0,title-screen,,,,Keyword score is prioritization only; it is not an eligibility or exclusion decision.
CG0174,doi:10.1145/1745312.1745315,Verifying safety properties of concurrent heap-manipulating programs,2010,2010-05-01,10.1145/1745312.1745315,,TOPL,semanticscholar,2c2a596d8517199573af9ae2f5d17e5488d24edb,CS030,S44,CS030,,included,no,,0,title-screen,,,,Keyword score is prioritization only; it is not an eligibility or exclusion decision.
CG0175,doi:10.1145/1749608.1749613,Finite differencing of logical formulas for static analysis,2003,2003-04-07,10.1145/1749608.1749613,,TOPL,semanticscholar,f2cbf3f3478c210c2099c799e64987c846e4727d,CS030,S44,CS030,,included,no,,0,title-screen,,,,Keyword score is prioritization only; it is not an eligibility or exclusion decision.
CG0177,doi:10.1145/1926385.1926394,Mathematizing C++ concurrency,2011,2011-01-26,10.1145/1926385.1926394,,ACM-SIGACT Symposium on Principles of Programming Languages,opencitations;semanticscholar,10.1145/1926385.1926394;e1aa60639ac1c05788d4eef6054d9a47d047de0e,CS031,S45,CS031,,included,no,,0,title-screen,,,,Keyword score is prioritization only; it is not an eligibility or exclusion decision.
CG0180,doi:10.1145/229000.226322,Elements of style: analyzing a software design feature with a counterexample detector,1996,1996-05-01,10.1145/229000.226322,,International Symposium on Software Testing and Analysis,semanticscholar,f2caa52b48c79fb10994e4e7c111d227098943df,CS030,S44,CS030,,included,no,,0,title-screen,,,,Keyword score is prioritization only; it is not an eligibility or exclusion decision.
CG0181,doi:10.1145/237721.237725,Solving shape-analysis problems in languages with destructive updating,1996,,10.1145/237721.237725,,ACM-SIGACT Symposium on Principles of Programming Languages,semanticscholar,8e5251b3a978ab2a7e99920eb91c8ebe8d71806a,CS030,S44,CS030,,included,no,,0,title-screen,,,,Keyword score is prioritization only; it is not an eligibility or exclusion decision.
CG0182,doi:10.1145/244795.244800,Abstract interpretation of reactive systems,1997,1997-03-03,10.1145/244795.244800,,ACM Transactions on Programming Languages and Systems,semanticscholar,c273bab3031d5d8509a1f7b7e5e9fdd145d2d457,CS030,S44,CS030,,included,no,,0,title-screen,,,,Keyword score is prioritization only; it is not an eligibility or exclusion decision.
CG0185,doi:10.1145/2796550,Verifying Linearisability,2015,2015-09-24,10.1145/2796550,,ACM Computing Surveys,semanticscholar,2bdceaa9ec71ee076563a766261d72fbdcc2bbca,CS030,S44,,CS030,included,no,,0,title-screen,,,,Keyword score is prioritization only; it is not an eligibility or exclusion decision.
CG0186,doi:10.1145/292540.292552,Parametric shape analysis via 3-valued logic,1999,,10.1145/292540.292552,,ACM-SIGACT Symposium on Principles of Programming Languages,semanticscholar,5e5b635d9d15d457dcb1f1ce51ac19c141167542,CS030,S44,CS030,,included,no,,0,title-screen,,,,Keyword score is prioritization only; it is not an eligibility or exclusion decision.
CG0188,doi:10.1145/318593.318622,Checking that finite state concurrent programs satisfy their linear specification,1985,1985-01-01,10.1145/318593.318622,,ACM-SIGACT Symposium on Principles of Programming Languages,semanticscholar,fef30f9dedc0be879beb7dffa2ca4247d436462a,CS030,S44,CS030,,included,no,,0,title-screen,,,,Keyword score is prioritization only; it is not an eligibility or exclusion decision.
CG0189,doi:10.1145/3335772.3335935,How to Make a Multiprocessor Computer That Correctly Executes Multiprocess Programs,2016,2016-12-19,10.1145/3335772.3335935,,IEEE transactions on computers,semanticscholar,bdacc240ee817e6565f27f40f8658c037a457a13,CS031,S45,CS031,,included,no,,0,title-screen,,,,Keyword score is prioritization only; it is not an eligibility or exclusion decision.
CG0193,doi:10.1145/350887.350891,SMC,2000,2000-04-01,10.1145/350887.350891,,ACM Transactions on Software Engineering and Methodology,semanticscholar,21d0744dd4c36f5034b507ea290438af72877ccf,CS030,S44,CS030,,included,no,,0,title-screen,,,,Keyword score is prioritization only; it is not an eligibility or exclusion decision.
CG0194,doi:10.1145/359863.359878,Concurrent reading and writing,1977,1977-11-01,10.1145/359863.359878,,Communications of the ACM,semanticscholar,dc2d3cf009d1ae40d00f3c3f141224371ad675aa,CS030,S44,CS030,,included,no,,0,title-screen,,,,Keyword score is prioritization only; it is not an eligibility or exclusion decision.
CG0195,doi:10.1145/360204.360206,Verifying safety properties of concurrent Java programs using 3-valued logic,2001,,10.1145/360204.360206,,ACM-SIGACT Symposium on Principles of Programming Languages,semanticscholar,b90ddfbb9574e534d9427516ed524da90142f2fb,CS030,S44,CS030,,included,no,,0,title-screen,,,,Keyword score is prioritization only; it is not an eligibility or exclusion decision.
CG0196,doi:10.1145/361082.361093,A new solution of Dijkstra's concurrent programming problem,1974,1974-08-01,10.1145/361082.361093,,Communications of the ACM,opencitations;semanticscholar,10.1145/361082.361093;b3fbde60725b61a179c591762b1d04c5f8510b8a,CS031,S45,CS031,,included,no,,0,title-screen,,,,Keyword score is prioritization only; it is not an eligibility or exclusion decision.
CG0200,doi:10.1145/41625.41627,Axioms for concurrent objects,1987,1987-10-01,10.1145/41625.41627,,ACM-SIGACT Symposium on Principles of Programming Languages,semanticscholar,b8f530312698a4d2053815b2d5a25d6cee5933c3,CS030,S44,CS030,,included,no,,0,title-screen,,,,Keyword score is prioritization only; it is not an eligibility or exclusion decision.
CG0202,doi:10.1145/4904.4999,“Sometimes” and “not never” revisited: on branching versus linear time temporal logic,1986,1986-01-02,10.1145/4904.4999,,JACM,semanticscholar,ffa3ba4cb713ab3b2c33c6071d2f74fb0a3a00b6,CS030,S44,CS030,,included,no,,0,title-screen,,,,Keyword score is prioritization only; it is not an eligibility or exclusion decision.
CG0203,doi:10.1145/512950.512973,Abstract interpretation: a unified lattice model for static analysis of programs by construction or approximation of fixpoints,1977,1977-01-01,10.1145/512950.512973,,ACM-SIGACT Symposium on Principles of Programming Languages,semanticscholar,5fbf739032dd548c1ff189e7333f05e215906a1b,CS030,S44,CS030,,included,no,,0,title-screen,,,,Keyword score is prioritization only; it is not an eligibility or exclusion decision.
CG0205,doi:10.1145/53990.53993,Detecting conflicts between structure accesses,1988,1988-06-01,10.1145/53990.53993,,ACM-SIGPLAN Symposium on Programming Language Design and Implementation,semanticscholar,3d65e1276236bcdc0d2a05310c6d6cc2f1f9e2a5,CS030,S44,CS030,,included,no,,0,title-screen,,,,Keyword score is prioritization only; it is not an eligibility or exclusion decision.
CG0206,doi:10.1145/567752.567778,Systematic design of program analysis frameworks,1979,1979-01-01,10.1145/567752.567778,,ACM-SIGACT Symposium on Principles of Programming Languages,semanticscholar,37179bfc4836890a32950ea2fb74795823284362,CS030,S44,CS030,,included,no,,0,title-screen,,,,Keyword score is prioritization only; it is not an eligibility or exclusion decision.
CG0209,doi:10.1145/582153.582161,A flexible approach to interprocedural data flow analysis and programs with recursive data structures,1982,1982-01-25,10.1145/582153.582161,,ACM-SIGACT Symposium on Principles of Programming Languages,semanticscholar,9ae699b2ba9834661901f1a255a161520a9b3d6e,CS030,S44,CS030,,included,no,,0,title-screen,,,,Keyword score is prioritization only; it is not an eligibility or exclusion decision.
CG0210,doi:10.1145/73141.74821,Dependence analysis for pointer variables,1989,1989-06-21,10.1145/73141.74821,,ACM-SIGPLAN Symposium on Programming Language Design and Implementation,semanticscholar,e4ca66fcd473def1deb8973d1af8d56d546d34dc,CS030,S44,CS030,,included,no,,0,title-screen,,,,Keyword score is prioritization only; it is not an eligibility or exclusion decision.
CG0211,doi:10.1145/78969.78972,Linearizability: a correctness condition for concurrent objects,1990,1990-07-01,10.1145/78969.78972,,ACM Transactions on Programming Languages and Systems,semanticscholar,8acb61984986540cda5d7da2a9cff819b245751f,CS030,S44,CS030,,included,no,,0,title-screen,,,,Keyword score is prioritization only; it is not an eligibility or exclusion decision.
CG0212,doi:10.1145/800070.802189,The complexity of propositional linear temporal logics,1982,1982-05-05,10.1145/800070.802189,,Symposium on the Theory of Computing,semanticscholar,dcd30f97874b2c820eb6bbf9cbc7c97ed83035d6,CS030,S44,CS030,,included,no,,0,title-screen,,,,Keyword score is prioritization only; it is not an eligibility or exclusion decision.
CG0213,doi:10.1145/872035.872048,Software transactional memory for dynamic-sized data structures,2003,2003-07-13,10.1145/872035.872048,,ACM SIGACT-SIGOPS Symposium on Principles of Distributed Computing,opencitations;semanticscholar,10.1145/872035.872048;15bd6b8fef588739a3ebd7bd62a07e48270422bb,CS031,S45,CS031,,included,no,,0,title-screen,,,,Keyword score is prioritization only; it is not an eligibility or exclusion decision.
CG0216,doi:10.1145/93542.93585,Analysis of pointers and structures,1990,,10.1145/93542.93585,,ACM-SIGPLAN Symposium on Programming Language Design and Implementation,semanticscholar,a31ae6e54fa4de427ff96af4e1e3f5b4c2381e9b,CS030,S44,CS030,,included,no,,0,title-screen,,,,Keyword score is prioritization only; it is not an eligibility or exclusion decision.
CG0217,doi:10.1201/9781420086836.ch15,"Past, present--and future?",2005,,10.1201/9781420086836.ch15,,"Medicine, Conflict and Survival",semanticscholar,62d67de6f8d7f48528e1d1801365c252996e2269,CS030,S44,CS030,,included,no,,0,title-screen,,,,Keyword score is prioritization only; it is not an eligibility or exclusion decision.
CG0218,doi:10.1201/b12403-15,Q Instruction Set Architecture,2008,,10.1201/b12403-15,,,semanticscholar,b12845fe6a0d03f1d25bacd3722746fc08f4d619,CS031,S45,CS031,,included,no,,0,title-screen,,,,Keyword score is prioritization only; it is not an eligibility or exclusion decision.
CG0224,doi:10.5860/choice.44-2746,"Software Abstractions - Logic, Language, and Analysis",2006,,10.5860/choice.44-2746,,,semanticscholar,1a52ce430a6146194861979828cd1961a416f3a7,CS030,S44,CS030,,included,no,,0,title-screen,,,,Keyword score is prioritization only; it is not an eligibility or exclusion decision.
CG0226,s2:194a08a57aecc953ae7519d3a3f1b42cb9e9b80d,Intel ® 64 and IA-32 Architectures Software Developer ’ s Manual,2006,,,,,semanticscholar,194a08a57aecc953ae7519d3a3f1b42cb9e9b80d,CS031,S45,CS031,,included,no,,0,title-screen,,,,Keyword score is prioritization only; it is not an eligibility or exclusion decision.
CG0228,s2:1c157b5422182c0ec38611fefba60008080c64a1,Communication and concurrency,1989,,,,PHI Series in computer science,semanticscholar,1c157b5422182c0ec38611fefba60008080c64a1,CS031,S45,CS031,,included,no,,0,title-screen,,,,Keyword score is prioritization only; it is not an eligibility or exclusion decision.
CG0229,s2:2515482c459187711c6aab5b336cfff62aab5d43,On Limits and Possibilities of Automated Protocol Analysis,1987,1987-05-05,,,"Protocol Specification, Testing and Verification",semanticscholar,2515482c459187711c6aab5b336cfff62aab5d43,CS030,S44,CS030,,included,no,,0,title-screen,,,,Keyword score is prioritization only; it is not an eligibility or exclusion decision.
CG0231,s2:2c20f8cf078fe1fd1543a58b3c34cc079f5252c7,On the Small-Scope Hypothesis for Testing Answer-Set Programs,2012,2012-06-10,,,International Conference on Principles of Knowledge Representation and Reasoning,semanticscholar,2c20f8cf078fe1fd1543a58b3c34cc079f5252c7,CS030,S44,CS030,,included,no,,0,title-screen,,,,Keyword score is prioritization only; it is not an eligibility or exclusion decision.
CG0233,s2:38efda194ce8ca7166119ae403e43aef57f62f7c,Graph-based Algorithm for Boolean Function Manipulation,1989,,,,,semanticscholar,38efda194ce8ca7166119ae403e43aef57f62f7c,CS030,S44,CS030,,included,no,,0,title-screen,,,,Keyword score is prioritization only; it is not an eligibility or exclusion decision.
CG0240,s2:75c2002f00a3dbd592a0fe0e77481a4788812113,The SAL Language Manual,2003,,,,,semanticscholar,75c2002f00a3dbd592a0fe0e77481a4788812113,CS030,S44,CS030,,included,no,,0,title-screen,,,,Keyword score is prioritization only; it is not an eligibility or exclusion decision.
CG0242,s2:82ce1bc0b85e89634f585c8e125f505772c6dc97,A survey of program slicing techniques,1994,1994-07-31,,,Journal of Programming Languages,semanticscholar,82ce1bc0b85e89634f585c8e125f505772c6dc97,CS030,S44,CS030,,included,no,,0,title-screen,,,,Keyword score is prioritization only; it is not an eligibility or exclusion decision.
CG0245,s2:91b4336b187c3cdaeea1a356a72e6c510132518a,Modal and temporal logics,1993,1993-03-18,,,Logic in Computer Science,semanticscholar,91b4336b187c3cdaeea1a356a72e6c510132518a,CS030,S44,CS030,,included,no,,0,title-screen,,,,Keyword score is prioritization only; it is not an eligibility or exclusion decision.
CG0249,s2:a64f1d7c1c480e394ba7f0a0284022603761aa48,Digital Commons,,,,,,semanticscholar,a64f1d7c1c480e394ba7f0a0284022603761aa48,CS030,S44,CS030,,unknown-date,no,,0,manual-date-check,,,,Keyword score is prioritization only; it is not an eligibility or exclusion decision.
CG0253,s2:b8c3496387c91290137e0a9a9703a27f3dce25a1,The Z notation - a reference manual,1992,1992-06-01,,,Prentice Hall International Series in Computer Science,semanticscholar,b8c3496387c91290137e0a9a9703a27f3dce25a1,CS030,S44,CS030,,included,no,,0,title-screen,,,,Keyword score is prioritization only; it is not an eligibility or exclusion decision.
CG0256,s2:f4b2b0de7cce93dee900b02a634e5c951666871f,An Evaluation of Exhaustive Testing for Data Structures,2003,,,,,semanticscholar,f4b2b0de7cce93dee900b02a634e5c951666871f,CS030,S44,CS030,,included,no,,0,title-screen,,,,Keyword score is prioritization only; it is not an eligibility or exclusion decision.
CG0257,s2:fb5c5c517e12c5d0183101013040e9f73f76a472,Analysis of recursive types in an imperative language,1994,,,,,semanticscholar,fb5c5c517e12c5d0183101013040e9f73f76a472,CS030,S44,CS030,,included,no,,0,title-screen,,,,Keyword score is prioritization only; it is not an eligibility or exclusion decision.
CG0259,unknown:semanticscholar:cs030:references:0:186,"Infinite Words: Automata, Semigroups",2004,,,,"Logic and Games. Elsevier,",semanticscholar,,CS030,S44,CS030,,included,no,,0,title-screen,,,,Keyword score is prioritization only; it is not an eligibility or exclusion decision.
CG0261,unknown:semanticscholar:cs030:references:0:207,Logics of Time and Computation. Number 7 in CSLI Lecture Notes,1992,,,,"CSLI Publications,",semanticscholar,,CS030,S44,CS030,,included,no,,0,title-screen,,,,Keyword score is prioritization only; it is not an eligibility or exclusion decision.
CG0263,unknown:semanticscholar:cs030:references:0:214,Systems programming: Coping with parallelism,1986,,,,"Technical Report RJ 5118,",semanticscholar,,CS030,S44,CS030,,included,no,,0,title-screen,,,,Keyword score is prioritization only; it is not an eligibility or exclusion decision.
CG0264,unknown:semanticscholar:cs030:references:0:215,"USA, pages 238–252",1977,,,,"ACM Press,",semanticscholar,,CS030,S44,CS030,,included,no,,0,title-screen,,,,Keyword score is prioritization only; it is not an eligibility or exclusion decision.
CG0266,unknown:semanticscholar:cs031:references:0:31,64 and IA-32,2021,,,,Intel,semanticscholar,,CS031,S45,CS031,,included,no,,0,title-screen,,,,Keyword score is prioritization only; it is not an eligibility or exclusion decision.
CG0267,unknown:semanticscholar:cs031:references:0:33,"Anton Podkopaev, and Viktor Vafeiadis",2020,,,,,semanticscholar,,CS031,S45,CS031,,included,no,,0,title-screen,,,,Keyword score is prioritization only; it is not an eligibility or exclusion decision.
CG0268,unknown:semanticscholar:cs031:references:0:39,"works in Lines 17–20 of 𝑀 1 and have completed Line 17 of 𝑀 1 , and the rule 𝑟 2 of Line 7 of 𝑀 1 is (𝑞 1 , _ , _ , 𝑞 2 )",,,,,then 𝑞 = 𝑞,semanticscholar,,CS031,S45,CS031,,unknown-date,no,,0,manual-date-check,,,,Keyword score is prioritization only; it is not an eligibility or exclusion decision.
CG0269,unknown:semanticscholar:cs031:references:0:40,March 2024; revised 1 July 2025; accepted 3 September 2025,,,,,,semanticscholar,,CS031,S45,CS031,,unknown-date,no,,0,manual-date-check,,,,Keyword score is prioritization only; it is not an eligibility or exclusion decision.
CG0222,doi:10.26686/wgtn.17004076,On the Use of Model Checking for the Bounded and Unbounded Verification of Nonblocking Concurrent Data Structures,2013,,10.26686/wgtn.17004076,,,seed-catalog;semanticscholar,39073bfbe27e5411ef5262f9c6d9e3225dacec26;DOI:10.26686/wgtn.17004076,CS030,S44,,,included,yes,progress;formal_verification,5,existing-seed,,,,Keyword score is prioritization only; it is not an eligibility or exclusion decision.
CG0197,doi:10.1145/3766061,Decidability of Liveness on the TSO Memory Model,2026,2026-02-13,10.1145/3766061,,,opencitations;seed-catalog,10.1145/3766061;DOI:10.1145/3766061,CS031,S45,,,included,yes,progress,3,existing-seed,,,,Keyword score is prioritization only; it is not an eligibility or exclusion decision.
