query_id,provider,query_text,purpose
Z01,zenodo,"""Treiber stack"" AND (formal verification OR mechanized OR proof)","Formal or mechanized Treiber artifacts"
Z02,zenodo,"""Treiber stack"" AND (liveness OR termination OR lock-freedom OR progress)","Treiber progress artifacts"
Z03,zenodo,"(""Treiber stack"" OR ""lock-free stack"") AND (formal verification OR mechanized OR Coq OR Rocq OR Lean OR Isabelle)","Proof-assistant and formal-tool Treiber artifacts"
Z04,zenodo,"(""Treiber stack"" OR Treiber) AND (C11 OR RC11 OR ""weak memory"" OR ""relaxed memory"")","Weak-memory Treiber artifacts"
Z05,zenodo,"(""weak CAS"" OR ""weak compare exchange"" OR compare_exchange_weak) AND (fairness OR justice OR liveness OR termination)","Weak-CAS fairness and liveness artifacts"
Z06,zenodo,"""spurious failure"" AND (""compare exchange"" OR ""compare and swap"" OR CAS) AND (formal OR proof OR verification)","Formal spurious-CAS artifacts"
Z07,zenodo,"""all-spurious"" OR ""weak-CAS justice"" OR WeakCASJustice","Exact target terminology"
Z08,zenodo,"""memory fairness"" AND (CAS OR RMW OR Treiber)","Memory-fairness artifacts involving RMWs"
Z09,zenodo,"""prefix-finite"" AND (""from-read"" OR RC11)","Declarative memory-fairness terminology"
Z10,zenodo,"Treiber AND (persistent OR persistency) AND (Coq OR mechanized OR verification)","Mechanized Treiber artifacts under persistent-memory models"
GH01,github-code,cas_weak_fun,"Exact FOS weak-CAS declaration"
GH02,github-code,WeakCASJustice,"Exact target declaration"
GH03,github-code,"""all-spurious""","Exact counterexecution terminology"
GH04,github-code,"compare_exchange_weak Treiber","Weak compare-exchange in Treiber code or proofs"
GH05,github-code,"""weak CAS"" Treiber","Weak-CAS Treiber terminology"
GH06,github-code,"""spurious failure"" Treiber","Spurious-failure Treiber terminology"
GH07,github-code,"""memory fairness"" CAS","Memory fairness with CAS"
GH08,github-code,"""prefix-finite"" ""from-read""","Declarative memory-fairness terminology"
GH09,github-code,"Treiber cas_weak","FOS-style primitive used with Treiber"
GH10,github-code,"Spirea Treiber","Spirea or similarly named durable-Treiber proof sources"
