provider,query_id,query_text,provider_query,requested_url,retrieved_at_utc,status,http_status,total_results,returned_public_results,result_cap,truncated,preserved_response,response_sha256,error
zenodo,Z01,"""Treiber stack"" AND (formal verification OR mechanized OR proof)","(""Treiber stack"" AND (formal verification OR mechanized OR proof)) AND publication_date:[* TO 2026-07-31]",https://zenodo.org/api/records?q=%28%22Treiber+stack%22+AND+%28formal+verification+OR+mechanized+OR+proof%29%29+AND+publication_date%3A%5B%2A+TO+2026-07-31%5D&size=25&sort=bestmatch&all_versions=false,2026-07-30T23:31:57+00:00,success,200,2,2,25,0,Z01.json,d7aaea0b9c53133560d03a3e1ff10bbd1bf9306bbf78264df0332f88f92db860,
zenodo,Z02,"""Treiber stack"" AND (liveness OR termination OR lock-freedom OR progress)","(""Treiber stack"" AND (liveness OR termination OR lock-freedom OR progress)) AND publication_date:[* TO 2026-07-31]",https://zenodo.org/api/records?q=%28%22Treiber+stack%22+AND+%28liveness+OR+termination+OR+lock-freedom+OR+progress%29%29+AND+publication_date%3A%5B%2A+TO+2026-07-31%5D&size=25&sort=bestmatch&all_versions=false,2026-07-30T23:32:00+00:00,success,200,1,1,25,0,Z02.json,1753ca2e097dc5082f724caf9e36e4169225ad549f43229910d3502bebf35583,
zenodo,Z03,"(""Treiber stack"" OR ""lock-free stack"") AND (formal verification OR mechanized OR Coq OR Rocq OR Lean OR Isabelle)","((""Treiber stack"" OR ""lock-free stack"") AND (formal verification OR mechanized OR Coq OR Rocq OR Lean OR Isabelle)) AND publication_date:[* TO 2026-07-31]",https://zenodo.org/api/records?q=%28%28%22Treiber+stack%22+OR+%22lock-free+stack%22%29+AND+%28formal+verification+OR+mechanized+OR+Coq+OR+Rocq+OR+Lean+OR+Isabelle%29%29+AND+publication_date%3A%5B%2A+TO+2026-07-31%5D&size=25&sort=bestmatch&all_versions=false,2026-07-30T23:32:03+00:00,success,200,1,1,25,0,Z03.json,9658fafa862dc7e92ef4f1280ecaaf9fcf2610877607f0aac6dc93c7e058cca3,
zenodo,Z04,"(""Treiber stack"" OR Treiber) AND (C11 OR RC11 OR ""weak memory"" OR ""relaxed memory"")","((""Treiber stack"" OR Treiber) AND (C11 OR RC11 OR ""weak memory"" OR ""relaxed memory"")) AND publication_date:[* TO 2026-07-31]",https://zenodo.org/api/records?q=%28%28%22Treiber+stack%22+OR+Treiber%29+AND+%28C11+OR+RC11+OR+%22weak+memory%22+OR+%22relaxed+memory%22%29%29+AND+publication_date%3A%5B%2A+TO+2026-07-31%5D&size=25&sort=bestmatch&all_versions=false,2026-07-30T23:32:05+00:00,success,200,0,0,25,0,Z04.json,f8995b4176604dab6ed764f64b9eea857f30c9b59b17cd33791e2b6c36219eb9,
zenodo,Z05,"(""weak CAS"" OR ""weak compare exchange"" OR compare_exchange_weak) AND (fairness OR justice OR liveness OR termination)","((""weak CAS"" OR ""weak compare exchange"" OR compare_exchange_weak) AND (fairness OR justice OR liveness OR termination)) AND publication_date:[* TO 2026-07-31]",https://zenodo.org/api/records?q=%28%28%22weak+CAS%22+OR+%22weak+compare+exchange%22+OR+compare_exchange_weak%29+AND+%28fairness+OR+justice+OR+liveness+OR+termination%29%29+AND+publication_date%3A%5B%2A+TO+2026-07-31%5D&size=25&sort=bestmatch&all_versions=false,2026-07-30T23:32:07+00:00,success,200,0,0,25,0,Z05.json,08d8a938edacd638fa7748e55e74426c109b746e1969781cba05490fd8d05197,
zenodo,Z06,"""spurious failure"" AND (""compare exchange"" OR ""compare and swap"" OR CAS) AND (formal OR proof OR verification)","(""spurious failure"" AND (""compare exchange"" OR ""compare and swap"" OR CAS) AND (formal OR proof OR verification)) AND publication_date:[* TO 2026-07-31]",https://zenodo.org/api/records?q=%28%22spurious+failure%22+AND+%28%22compare+exchange%22+OR+%22compare+and+swap%22+OR+CAS%29+AND+%28formal+OR+proof+OR+verification%29%29+AND+publication_date%3A%5B%2A+TO+2026-07-31%5D&size=25&sort=bestmatch&all_versions=false,2026-07-30T23:32:10+00:00,success,200,0,0,25,0,Z06.json,13399a0e8367286058434fe46e74a28407e1861a4b77bd5ead1f01d4f299839e,
zenodo,Z07,"""all-spurious"" OR ""weak-CAS justice"" OR WeakCASJustice","(""all-spurious"" OR ""weak-CAS justice"" OR WeakCASJustice) AND publication_date:[* TO 2026-07-31]",https://zenodo.org/api/records?q=%28%22all-spurious%22+OR+%22weak-CAS+justice%22+OR+WeakCASJustice%29+AND+publication_date%3A%5B%2A+TO+2026-07-31%5D&size=25&sort=bestmatch&all_versions=false,2026-07-30T23:32:12+00:00,success,200,0,0,25,0,Z07.json,4af3b9eed01227dff7c244dd7a20f149c5fe65bc9ee173f7bda2dfe3ac069926,
zenodo,Z08,"""memory fairness"" AND (CAS OR RMW OR Treiber)","(""memory fairness"" AND (CAS OR RMW OR Treiber)) AND publication_date:[* TO 2026-07-31]",https://zenodo.org/api/records?q=%28%22memory+fairness%22+AND+%28CAS+OR+RMW+OR+Treiber%29%29+AND+publication_date%3A%5B%2A+TO+2026-07-31%5D&size=25&sort=bestmatch&all_versions=false,2026-07-30T23:32:15+00:00,success,200,0,0,25,0,Z08.json,090d835b3b7a1db95418ae0fabdbb30451ed49cbf5b0c7aae21b27ab4ed2232b,
zenodo,Z09,"""prefix-finite"" AND (""from-read"" OR RC11)","(""prefix-finite"" AND (""from-read"" OR RC11)) AND publication_date:[* TO 2026-07-31]",https://zenodo.org/api/records?q=%28%22prefix-finite%22+AND+%28%22from-read%22+OR+RC11%29%29+AND+publication_date%3A%5B%2A+TO+2026-07-31%5D&size=25&sort=bestmatch&all_versions=false,2026-07-30T23:32:17+00:00,success,200,0,0,25,0,Z09.json,ca177b97aa8b93914f242bdb4f3c43d7c1a51e166d0bf14c78d20742bc6a1d8b,
zenodo,Z10,Treiber AND (persistent OR persistency) AND (Coq OR mechanized OR verification),(Treiber AND (persistent OR persistency) AND (Coq OR mechanized OR verification)) AND publication_date:[* TO 2026-07-31],https://zenodo.org/api/records?q=%28Treiber+AND+%28persistent+OR+persistency%29+AND+%28Coq+OR+mechanized+OR+verification%29%29+AND+publication_date%3A%5B%2A+TO+2026-07-31%5D&size=25&sort=bestmatch&all_versions=false,2026-07-30T23:32:19+00:00,success,200,0,0,25,0,Z10.json,6c2ff76c6be4abf242ea381494d77eaa9d6a8d7bccceba5ac0082b1a31750490,
github-code,GH01,cas_weak_fun,cas_weak_fun,gh search code (authenticated; public rows only),2026-07-30T23:32:25+00:00,success,,,2,100,0,GH01-public.json,2c4e0e171c47c623674d4afdcd9f50abfafcf42ed1470df596e7cd0e63ef181b,
github-code,GH02,WeakCASJustice,WeakCASJustice,gh search code (authenticated; public rows only),2026-07-30T23:32:26+00:00,success,,,0,100,0,GH02-public.json,4f53cda18c2baa0c0354bb5f9a3ecbe5ed12ab4d8e11ba873c2f11161202b945,
github-code,GH03,"""all-spurious""","""all-spurious""",gh search code (authenticated; public rows only),2026-07-30T23:32:26+00:00,success,,,0,100,0,GH03-public.json,4f53cda18c2baa0c0354bb5f9a3ecbe5ed12ab4d8e11ba873c2f11161202b945,
github-code,GH04,compare_exchange_weak Treiber,compare_exchange_weak Treiber,gh search code (authenticated; public rows only),2026-07-30T23:32:27+00:00,success,,,0,100,0,GH04-public.json,4f53cda18c2baa0c0354bb5f9a3ecbe5ed12ab4d8e11ba873c2f11161202b945,
github-code,GH05,"""weak CAS"" Treiber","""weak CAS"" Treiber",gh search code (authenticated; public rows only),2026-07-30T23:32:27+00:00,success,,,0,100,0,GH05-public.json,4f53cda18c2baa0c0354bb5f9a3ecbe5ed12ab4d8e11ba873c2f11161202b945,
github-code,GH06,"""spurious failure"" Treiber","""spurious failure"" Treiber",gh search code (authenticated; public rows only),2026-07-30T23:32:28+00:00,success,,,0,100,0,GH06-public.json,4f53cda18c2baa0c0354bb5f9a3ecbe5ed12ab4d8e11ba873c2f11161202b945,
github-code,GH07,"""memory fairness"" CAS","""memory fairness"" CAS",gh search code (authenticated; public rows only),2026-07-30T23:32:28+00:00,success,,,0,100,0,GH07-public.json,4f53cda18c2baa0c0354bb5f9a3ecbe5ed12ab4d8e11ba873c2f11161202b945,
github-code,GH08,"""prefix-finite"" ""from-read""","""prefix-finite"" ""from-read""",gh search code (authenticated; public rows only),2026-07-30T23:32:29+00:00,success,,,0,100,0,GH08-public.json,4f53cda18c2baa0c0354bb5f9a3ecbe5ed12ab4d8e11ba873c2f11161202b945,
github-code,GH09,Treiber cas_weak,Treiber cas_weak,gh search code (authenticated; public rows only),2026-07-30T23:32:29+00:00,success,,,0,100,0,GH09-public.json,4f53cda18c2baa0c0354bb5f9a3ecbe5ed12ab4d8e11ba873c2f11161202b945,
github-code,GH10,Spirea Treiber,Spirea Treiber,gh search code (authenticated; public rows only),2026-07-30T23:32:30+00:00,success,,,0,100,0,GH10-public.json,4f53cda18c2baa0c0354bb5f9a3ecbe5ed12ab4d8e11ba873c2f11161202b945,
