canonical_key,title,year,authors,doi,arxiv_id,venue,record_type,url,cited_by_count,providers,query_ids,provider_record_ids
doi:10.1145/3158108,Progress of concurrent objects with partial methods.,2017,Hongjin Liang 0001; Xinyu Feng 0001,10.1145/3158108,,Proc. ACM Program. Lang.,Journal Articles,https://doi.org/10.1145/3158108,18,crossref;dblp,C102;D120,crossref:10.1145/3158108;dblp:3942984
doi:10.1007/3-540-48320-9_29,A Partial Order Event Model for Concurrent Objects,1999,José Meseguer; Carolyn Talcott,10.1007/3-540-48320-9_29,,,book-chapter,https://doi.org/10.1007/3-540-48320-9_29,8,crossref,C102,crossref:10.1007/3-540-48320-9_29
doi:10.1090/dimacs/029/06,"Interleaved progress, concurrent progress, and local progress",1997,W Reisig,10.1090/dimacs/029/06,,,book-chapter,https://doi.org/10.1090/dimacs/029/06,6,crossref,C102,crossref:10.1090/dimacs/029/06
doi:10.1007/978-3-319-47846-3_17,Contextual Trace Refinement for Concurrent Objects: Safety and Progress,2016,Brijesh Dongol; Lindsay Groves,10.1007/978-3-319-47846-3_17,,,book-chapter,https://doi.org/10.1007/978-3-319-47846-3_17,3,crossref,C102,crossref:10.1007/978-3-319-47846-3_17
doi:10.1561/2500000041,Progress of Concurrent Objects,2020,Hongjin Liang; Xinyu Feng,10.1561/2500000041,,,journal-article,https://doi.org/10.1561/2500000041,2,crossref,C102,crossref:10.1561/2500000041
doi:10.1145/127056.127081,Progress in the garbage collection of active objects,1991,Dennis Kafura; Doug Washabaugh; Jeff Nelson,10.1145/127056.127081,,,proceedings-article,https://doi.org/10.1145/127056.127081,0,crossref,C102,crossref:10.1145/127056.127081
doi:10.1007/3-540-60761-7_29,Concurrent systems and semantics,1996,,10.1007/3-540-60761-7_29,,,book-chapter,https://doi.org/10.1007/3-540-60761-7_29,0,crossref,C102,crossref:10.1007/3-540-60761-7_29
doi:10.1007/3-540-60761-7_30,Using partial orders to tackle state explosion,1996,,10.1007/3-540-60761-7_30,,,book-chapter,https://doi.org/10.1007/3-540-60761-7_30,0,crossref,C102,crossref:10.1007/3-540-60761-7_30
doi:10.1007/978-0-387-35562-7_27,Calculi for Concurrent Objects,1999,Cosimo Laneve,10.1007/978-0-387-35562-7_27,,,book-chapter,https://doi.org/10.1007/978-0-387-35562-7_27,0,crossref,C102,crossref:10.1007/978-0-387-35562-7_27
doi:10.1561/9781680836738,Progress of Concurrent Objects,2020,Hongjin Liang; Xinyu Feng,10.1561/9781680836738,,,monograph,https://doi.org/10.1561/9781680836738,0,crossref,C102,crossref:10.1561/9781680836738
