candidate_id,work_key,retrieval_run_ids,title,year,publication_date,doi,arxiv_id,venue,providers,provider_work_ids,retrieval_seed_ids,retrieval_screening_record_ids,reference_seed_ids,citation_seed_ids,cutoff_status,is_existing_seed,matched_categories,priority_score,triage_state,screening_decision,reviewer,review_date,notes
CG0010,doi:10.1007/978-3-540-70545-1_12,20260731T035300Z-rsan-opencitations;20260731T035400Z-rsan-semanticscholar,Effective Program Verification for Relaxed Memory Models,2008,2008-07-07,10.1007/978-3-540-70545-1_12,,International Conference on Computer Aided Verification,opencitations;semanticscholar,10.1007/978-3-540-70545-1_12;b1d9a0cfb5b6f5ed8f16e6b9d7be4171c01d2332,CS038,S59,CS038,,included,no,weak_or_relaxed_memory;formal_verification,6,priority-title-screen,,,,Keyword score is prioritization only; it is not an eligibility or exclusion decision.
CG0014,doi:10.1007/978-3-642-22306-8_10,20260731T035300Z-rsan-opencitations;20260731T035400Z-rsan-semanticscholar,A Verification-Based Approach to Memory Fence Insertion in Relaxed Memory Systems,2011,2011-07-14,10.1007/978-3-642-22306-8_10,,SPIN,opencitations;semanticscholar,10.1007/978-3-642-22306-8_10;2d779eca50185d47e51daf2a67388ddfcbff6217,CS038,S59,CS038,,included,no,weak_or_relaxed_memory;formal_verification,6,priority-title-screen,,,,Keyword score is prioritization only; it is not an eligibility or exclusion decision.
CG0056,doi:10.1145/3445814.3446748,20260731T035300Z-rsan-opencitations;20260731T035400Z-rsan-semanticscholar,VSync: push-button verification and optimization for synchronization primitives on weak memory models,2021,2021-04-19,10.1145/3445814.3446748,,International Conference on Architectural Support for Programming Languages and Operating Systems,opencitations;semanticscholar,10.1145/3445814.3446748;ddf4db6d66a77237d0e6b4f6942d7be4a4b3bc09,CS038,S59,CS038,,included,no,weak_or_relaxed_memory;formal_verification,6,priority-title-screen,,,,Keyword score is prioritization only; it is not an eligibility or exclusion decision.
CG0060,doi:10.1145/3689802,20260731T035300Z-rsan-opencitations;20260731T035400Z-rsan-semanticscholar,Automated Robustness Verification of Concurrent Data Structure Libraries against Relaxed Memory Models,2024,2024-10-08,10.1145/3689802,,Proc. ACM Program. Lang.,opencitations;semanticscholar,10.1145/3689802;b11d375f98ea3af542e8d8f24171157d8ce9f02e,CS038,S59,CS038,,included,no,weak_or_relaxed_memory;formal_verification,6,priority-title-screen,,,,Keyword score is prioritization only; it is not an eligibility or exclusion decision.
CG0077,unknown:semanticscholar:cs038:references:0:67,20260731T035400Z-rsan-semanticscholar,2025a. Dynamic robustness verification against weak memory (extended version),,,,,arXiv,semanticscholar,,CS038,S59,CS038,,unknown-date,no,weak_or_relaxed_memory;formal_verification,6,manual-date-check,,,,Keyword score is prioritization only; it is not an eligibility or exclusion decision.
CG0011,doi:10.1007/978-3-642-19835-9_3,20260731T035300Z-rsan-opencitations;20260731T035400Z-rsan-semanticscholar,Sound and Complete Monitoring of Sequential Consistency for Relaxed Memory Models,2011,2011-03-26,10.1007/978-3-642-19835-9_3,,International Conference on Tools and Algorithms for Construction and Analysis of Systems,opencitations;semanticscholar,10.1007/978-3-642-19835-9_3;e140ecefed2c3d8cdb5d75a1770f5539d027040d,CS038,S59,CS038,,included,no,weak_or_relaxed_memory,4,title-screen,,,,Keyword score is prioritization only; it is not an eligibility or exclusion decision.
CG0013,doi:10.1007/978-3-642-22110-1_6,20260731T035300Z-rsan-opencitations;20260731T035400Z-rsan-semanticscholar,Stability in Weak Memory Models,2011,2011-07-14,10.1007/978-3-642-22110-1_6,,International Conference on Computer Aided Verification,opencitations;semanticscholar,10.1007/978-3-642-22110-1_6;5d87b9a20825c62d6dbe76f95a094ba953077588,CS038,S59,CS038,,included,no,weak_or_relaxed_memory,4,title-screen,,,,Keyword score is prioritization only; it is not an eligibility or exclusion decision.
CG0023,doi:10.1145/1250734.1250737,20260731T035300Z-rsan-opencitations;20260731T035400Z-rsan-semanticscholar,CheckFence: checking consistency of concurrent data types on relaxed memory models,2007,2007-06-15,10.1145/1250734.1250737,,ACM-SIGPLAN Symposium on Programming Language Design and Implementation,opencitations;semanticscholar,10.1145/1250734.1250737;21161c8efa04cd2ec2e4f121fc720d7e2ffc4e38,CS038,S59,CS038,,included,no,weak_or_relaxed_memory,4,title-screen,,,,Keyword score is prioritization only; it is not an eligibility or exclusion decision.
CG0034,doi:10.1145/2254064.2254115,20260731T035300Z-rsan-opencitations;20260731T035400Z-rsan-semanticscholar,Dynamic synthesis for relaxed memory models,2012,2012-06-11,10.1145/2254064.2254115,,ACM-SIGPLAN Symposium on Programming Language Design and Implementation,opencitations;semanticscholar,10.1145/2254064.2254115;c89fc907c0a51eb00628071a02298ebe3a47b5b2,CS038,S59,CS038,,included,no,weak_or_relaxed_memory,4,title-screen,,,,Keyword score is prioritization only; it is not an eligibility or exclusion decision.
CG0035,doi:10.1145/2442516.2442524,20260731T035300Z-rsan-opencitations;20260731T035400Z-rsan-semanticscholar,Correct and efficient work-stealing for weak memory models,2013,2013-02-23,10.1145/2442516.2442524,,ACM SIGPLAN Symposium on Principles & Practice of Parallel Programming,opencitations;semanticscholar,10.1145/2442516.2442524;c2c01c69d19bcc9350c174bbf91ae31d18149f97,CS038,S59,CS038,,included,no,weak_or_relaxed_memory,4,title-screen,,,,Keyword score is prioritization only; it is not an eligibility or exclusion decision.
CG0042,doi:10.1145/3009837.3009857,20260731T035300Z-rsan-opencitations;20260731T035400Z-rsan-semanticscholar,Dynamic race detection for C++11,2017,2017-01-01,10.1145/3009837.3009857,,ACM-SIGACT Symposium on Principles of Programming Languages,opencitations;semanticscholar,10.1145/3009837.3009857;bd8cf70a94a4f9b2bf0389fe07bde103e6690447,CS038,S59,CS038,,included,no,weak_or_relaxed_memory,4,title-screen,,,,Keyword score is prioritization only; it is not an eligibility or exclusion decision.
CG0044,doi:10.1145/3062341.3062352,20260731T035300Z-rsan-opencitations;20260731T035400Z-rsan-semanticscholar,Repairing sequential consistency in C/C++11,2017,2017-06-14,10.1145/3062341.3062352,,ACM-SIGPLAN Symposium on Programming Language Design and Implementation,opencitations;semanticscholar,10.1145/3062341.3062352;5f336a86f0b4c91c729d3adf471fe27eaf67f5e8,CS038,S59,CS038,,included,no,weak_or_relaxed_memory,4,title-screen,,,,Keyword score is prioritization only; it is not an eligibility or exclusion decision.
CG0054,doi:10.1145/3434285,20260731T035300Z-rsan-opencitations;20260731T035400Z-rsan-semanticscholar,Verifying observational robustness against a c11-style memory model,2021,2021-01-04,10.1145/3434285,,Proc. ACM Program. Lang.,opencitations;semanticscholar,10.1145/3434285;3790e22a2f2779326e18403777884ddb923afabc,CS038,S59,CS038,,included,no,weak_or_relaxed_memory,4,title-screen,,,,Keyword score is prioritization only; it is not an eligibility or exclusion decision.
CG0059,doi:10.1145/3575693.3575729,20260731T035300Z-rsan-opencitations;20260731T035400Z-rsan-semanticscholar,Probabilistic Concurrency Testing for Weak Memory Programs,2023,2023-01-27,10.1145/3575693.3575729,,International Conference on Architectural Support for Programming Languages and Operating Systems,opencitations;semanticscholar,10.1145/3575693.3575729;88b6531137d850a145bc66a6846e98dbd7b97284,CS038,S59,CS038,,included,no,weak_or_relaxed_memory,4,title-screen,,,,Keyword score is prioritization only; it is not an eligibility or exclusion decision.
CG0003,arxiv:2606.20134,20260731T035400Z-rsan-semanticscholar,An MSO Framework for Weak-Memory Verification and Robustness,2026,2026-06-18,,2606.20134,,semanticscholar,ed14ffcf313f769ae242be31f80f76703f144e10,CS038,S59,,CS038,included,no,formal_verification,2,title-screen,,,,Keyword score is prioritization only; it is not an eligibility or exclusion decision.
CG0015,doi:10.1007/978-3-642-36742-7_24,20260731T035300Z-rsan-opencitations;20260731T035400Z-rsan-semanticscholar,A Verification-Based Approach to Memory Fence Insertion in PSO Memory Systems,2013,2013-03-16,10.1007/978-3-642-36742-7_24,,International Conference on Tools and Algorithms for Construction and Analysis of Systems,opencitations;semanticscholar,10.1007/978-3-642-36742-7_24;e05d637737fbc5d3f4f4129821884bcdb9b5d248,CS038,S59,CS038,,included,no,formal_verification,2,title-screen,,,,Keyword score is prioritization only; it is not an eligibility or exclusion decision.
CG0020,doi:10.1109/32.588521,20260731T035300Z-rsan-opencitations;20260731T035400Z-rsan-semanticscholar,The Model Checker SPIN,1997,1997-05-01,10.1109/32.588521,,IEEE Trans. Software Eng.,opencitations;semanticscholar,10.1109/32.588521;8c106bdb98dc7c00f355f2e498347100a8e5c49d,CS038,S59,CS038,,included,no,formal_verification,2,title-screen,,,,Keyword score is prioritization only; it is not an eligibility or exclusion decision.
CG0047,doi:10.1145/3158105,20260731T035300Z-rsan-opencitations;20260731T035400Z-rsan-semanticscholar,Effective stateless model checking for C/C++ concurrency,2017,2017-12-27,10.1145/3158105,,Proc. ACM Program. Lang.,opencitations;semanticscholar,0f26a8a75800c42cc473f467e0590728be3e5d91;10.1145/3158105,CS038,S59,CS038,,included,no,formal_verification,2,title-screen,,,,Keyword score is prioritization only; it is not an eligibility or exclusion decision.
CG0049,doi:10.1145/3314221.3314609,20260731T035300Z-rsan-opencitations;20260731T035400Z-rsan-semanticscholar,Model checking for weakly consistent libraries,2019,2019-06-08,10.1145/3314221.3314609,,ACM-SIGPLAN Symposium on Programming Language Design and Implementation,opencitations;semanticscholar,10.1145/3314221.3314609;518652adbfab1c50284a5c3d6ac463ebfefbadb0,CS038,S59,CS038,,included,no,formal_verification,2,title-screen,,,,Keyword score is prioritization only; it is not an eligibility or exclusion decision.
CG0051,doi:10.1145/3360576,20260731T035300Z-rsan-opencitations;20260731T035400Z-rsan-semanticscholar,Optimal stateless model checking for reads-from equivalence under sequential consistency,2019,2019-10-10,10.1145/3360576,,Proc. ACM Program. Lang.,opencitations;semanticscholar,10.1145/3360576;a4aafb65ad4221f89ec65df1aefef681437e26e0,CS038,S59,CS038,,included,no,formal_verification,2,title-screen,,,,Keyword score is prioritization only; it is not an eligibility or exclusion decision.
CG0001,arxiv:2405.11128,20260731T035400Z-rsan-semanticscholar,Parsimonious Optimal Dynamic Partial Order Reduction,2024,2024-05-18,10.48550/arxiv.2405.11128,2405.11128,International Conference on Computer Aided Verification,semanticscholar,b4e260c7339fe87a342ba0409415d8e332377d82,CS038,S59,CS038,,included,no,,0,title-screen,,,,Keyword score is prioritization only; it is not an eligibility or exclusion decision.
CG0002,arxiv:2604.06533,20260731T035400Z-rsan-semanticscholar,Parametrizing Reads-From Equivalence for Predictive Monitoring,2026,2026-04-08,10.48550/arxiv.2604.06533,2604.06533,arXiv.org,semanticscholar,dbc46809b22e91e1b9ac3cfae38de4cc25c30186,CS038,S59,,CS038,included,no,,0,title-screen,,,,Keyword score is prioritization only; it is not an eligibility or exclusion decision.
CG0004,doi:10.1002/cpe.1064,20260731T035400Z-rsan-semanticscholar,MultiRace: efficient on‐the‐fly data race detection in multithreaded C++ programs,2007,2007-03-01,10.1002/cpe.1064,,Concurrency and Computation,semanticscholar,e7d4e17d851f1adfea7517650a5cf123283d2b2f,CS038,S59,CS038,,included,no,,0,title-screen,,,,Keyword score is prioritization only; it is not an eligibility or exclusion decision.
CG0005,doi:10.1007/978-3-030-25543-5_17,20260731T035300Z-rsan-opencitations;20260731T035400Z-rsan-semanticscholar,Checking Robustness Against Snapshot Isolation,2019,2019-05-21,10.1007/978-3-030-25543-5_17,1905.08406,International Conference on Computer Aided Verification,opencitations;semanticscholar,10.1007/978-3-030-25543-5_17;dcaaa4a12f8d276b4d09c769bcdb0027ee25a5af,CS038,S59,CS038,,included,no,,0,title-screen,,,,Keyword score is prioritization only; it is not an eligibility or exclusion decision.
CG0006,doi:10.1007/978-3-031-57249-4_4,20260731T035300Z-rsan-opencitations;20260731T035400Z-rsan-semanticscholar,Enhancing GenMC's Usability and Performance,2024,,10.1007/978-3-031-57249-4_4,,International Conference on Tools and Algorithms for Construction and Analysis of Systems,opencitations;semanticscholar,10.1007/978-3-031-57249-4_4;e12409909ebf81942b7202108b951569e1490f37,CS038,S59,CS038,,included,no,,0,title-screen,,,,Keyword score is prioritization only; it is not an eligibility or exclusion decision.
CG0007,doi:10.1007/978-3-031-65630-9_2,20260731T035300Z-rsan-opencitations,,,,10.1007/978-3-031-65630-9_2,,,opencitations,10.1007/978-3-031-65630-9_2,CS038,S59,CS038,,unknown-date,no,,0,manual-date-check,,,,Keyword score is prioritization only; it is not an eligibility or exclusion decision.
CG0008,doi:10.1007/978-3-319-26850-7_3,20260731T035300Z-rsan-opencitations;20260731T035400Z-rsan-semanticscholar,Precise and Sound Automatic Fence Insertion Procedure under PSO,2015,2015-05-13,10.1007/978-3-319-26850-7_3,,International Conference on Networked Systems,opencitations;semanticscholar,10.1007/978-3-319-26850-7_3;b2cae97898ae7c7cd984558df0456c37a7f53d87,CS038,S59,CS038,,included,no,,0,title-screen,,,,Keyword score is prioritization only; it is not an eligibility or exclusion decision.
CG0009,doi:10.1007/978-3-319-96142-2_21,20260731T035300Z-rsan-opencitations;20260731T035400Z-rsan-semanticscholar,Reasoning About TSO Programs Using Reduction and Abstraction,2018,2018-04-14,10.1007/978-3-319-96142-2_21,1804.05196,International Conference on Computer Aided Verification,opencitations;semanticscholar,10.1007/978-3-319-96142-2_21;107ae77e9b6b528dbf87035134626001ff0e0733,CS038,S59,CS038,,included,no,,0,title-screen,,,,Keyword score is prioritization only; it is not an eligibility or exclusion decision.
CG0012,doi:10.1007/978-3-642-22012-8_34,20260731T035300Z-rsan-opencitations;20260731T035400Z-rsan-semanticscholar,Deciding Robustness against Total Store Ordering,2011,2011-07-04,10.1007/978-3-642-22012-8_34,,"International Colloquium on Automata, Languages and Programming",opencitations;semanticscholar,10.1007/978-3-642-22012-8_34;dc993a5819e0c847f12c4fb1eb9f7ad5b82fc78a,CS038,S59,CS038,,included,no,,0,title-screen,,,,Keyword score is prioritization only; it is not an eligibility or exclusion decision.
CG0016,doi:10.1007/978-3-642-37036-6_29,20260731T035300Z-rsan-opencitations;20260731T035400Z-rsan-semanticscholar,Checking and Enforcing Robustness against TSO,2013,2013-03-16,10.1007/978-3-642-37036-6_29,,European Symposium on Programming,opencitations;semanticscholar,10.1007/978-3-642-37036-6_29;91ea231972fa6bea899f351c1270c625fc71a3a2,CS038,S59,CS038,,included,no,,0,title-screen,,,,Keyword score is prioritization only; it is not an eligibility or exclusion decision.
CG0017,doi:10.1007/978-3-662-43951-7_14,20260731T035300Z-rsan-opencitations;20260731T035400Z-rsan-semanticscholar,Robustness against Power is PSpace-complete,2014,2014-04-28,10.1007/978-3-662-43951-7_14,1404.7092,"International Colloquium on Automata, Languages and Programming",opencitations;semanticscholar,10.1007/978-3-662-43951-7_14;9a7c2b299d7a19c4f2aaf9f073f63f10e8c4f397,CS038,S59,CS038,,included,no,,0,title-screen,,,,Keyword score is prioritization only; it is not an eligibility or exclusion decision.
CG0018,doi:10.1007/978-3-662-46669-8_13,20260731T035300Z-rsan-opencitations;20260731T035400Z-rsan-semanticscholar,The Best of Both Worlds: Trading Efficiency and Optimality in Fence Insertion for TSO,2015,2015-04-11,10.1007/978-3-662-46669-8_13,,European Symposium on Programming,opencitations;semanticscholar,10.1007/978-3-662-46669-8_13;2cff4fdd87259aacc41a652d64a9bed8dda44cfa,CS038,S59,CS038,,included,no,,0,title-screen,,,,Keyword score is prioritization only; it is not an eligibility or exclusion decision.
CG0019,doi:10.1016/0020-0190(81)90106-x,20260731T035300Z-rsan-opencitations;20260731T035400Z-rsan-semanticscholar,Myths About the Mutual Exclusion Problem,1981,1981-06-01,10.1016/0020-0190(81)90106-x,,Information Processing Letters,opencitations;semanticscholar,10.1016/0020-0190(81)90106-x;5b563eb9bd547a03fc2db90482fdc895ead52ce7,CS038,S59,CS038,,included,no,,0,title-screen,,,,Keyword score is prioritization only; it is not an eligibility or exclusion decision.
CG0021,doi:10.1109/ipdps.2009.5160998,20260731T035300Z-rsan-opencitations;20260731T035400Z-rsan-semanticscholar,Helgrind+: An efficient dynamic race detector,2009,2009-05-23,10.1109/ipdps.2009.5160998,,2009 IEEE International Symposium on Parallel & Distributed Processing,opencitations;semanticscholar,10.1109/ipdps.2009.5160998;270fb03b9542cf020b36af6f094aaf75fa10bc68,CS038,S59,CS038,,included,no,,0,title-screen,,,,Keyword score is prioritization only; it is not an eligibility or exclusion decision.
CG0022,doi:10.1145/1073970.1073974,20260731T035300Z-rsan-opencitations;20260731T035400Z-rsan-semanticscholar,Dynamic circular work-stealing deque,2005,2005-07-18,10.1145/1073970.1073974,,ACM Symposium on Parallelism in Algorithms and Architectures,opencitations;semanticscholar,10.1145/1073970.1073974;f856a996e7aec0ea6db55e9247a00a01cb695090,CS038,S59,CS038,,included,no,,0,title-screen,,,,Keyword score is prioritization only; it is not an eligibility or exclusion decision.
CG0024,doi:10.1145/1375581.1375591,20260731T035300Z-rsan-opencitations;20260731T035400Z-rsan-semanticscholar,Foundations of the C++ concurrency memory model,2008,2008-06-07,10.1145/1375581.1375591,,ACM-SIGPLAN Symposium on Programming Language Design and Implementation,opencitations;semanticscholar,10.1145/1375581.1375591;29ead6d3bd248b6845a6d311a4d92f629c87fbd6,CS038,S59,CS038,,included,no,,0,title-screen,,,,Keyword score is prioritization only; it is not an eligibility or exclusion decision.
CG0025,doi:10.1145/1542476.1542490,20260731T035300Z-rsan-opencitations;20260731T035400Z-rsan-semanticscholar,FastTrack: efficient and precise dynamic race detection,2009,2009-06-15,10.1145/1542476.1542490,,ACM-SIGPLAN Symposium on Programming Language Design and Implementation,opencitations;semanticscholar,10.1145/1542476.1542490;da0b1be4f333e550c5e32681fca245ce0c755359,CS038,S59,CS038,,included,no,,0,title-screen,,,,Keyword score is prioritization only; it is not an eligibility or exclusion decision.
CG0026,doi:10.1145/1736020.1736040,20260731T035300Z-rsan-opencitations;20260731T035400Z-rsan-semanticscholar,A randomized scheduler with probabilistic guarantees of finding bugs,2010,2010-03-05,10.1145/1736020.1736040,,ASPLOS XV,opencitations;semanticscholar,10.1145/1736020.1736040;11e7ca2e6d35de140eb708d69a2675cbb1718544,CS038,S59,CS038,,included,no,,0,title-screen,,,,Keyword score is prioritization only; it is not an eligibility or exclusion decision.
CG0027,doi:10.1145/1791194.1791203,20260731T035300Z-rsan-opencitations;20260731T035400Z-rsan-semanticscholar,ThreadSanitizer: data race detection in practice,2009,2009-12-12,10.1145/1791194.1791203,,WBIA '09,opencitations;semanticscholar,10.1145/1791194.1791203;a7f052df033d3ebcbbbc99b401c6b8318836614c,CS038,S59,CS038,,included,no,,0,title-screen,,,,Keyword score is prioritization only; it is not an eligibility or exclusion decision.
CG0028,doi:10.1145/1806596.1806626,20260731T035300Z-rsan-opencitations;20260731T035400Z-rsan-semanticscholar,PACER: proportional detection of data races,2010,2010-06-05,10.1145/1806596.1806626,,ACM-SIGPLAN Symposium on Programming Language Design and Implementation,opencitations;semanticscholar,10.1145/1806596.1806626;829e30bf80abb6db5c40a68b21dfebf12c5a08ca,CS038,S59,CS038,,included,no,,0,title-screen,,,,Keyword score is prioritization only; it is not an eligibility or exclusion decision.
CG0029,doi:10.1145/1925844.1926394,20260731T035300Z-rsan-opencitations,,,,10.1145/1925844.1926394,,,opencitations,10.1145/1925844.1926394,CS038,S59,CS038,,unknown-date,no,,0,manual-date-check,,,,Keyword score is prioritization only; it is not an eligibility or exclusion decision.
CG0030,doi:10.1145/1926385.1926394,20260731T035400Z-rsan-semanticscholar,Mathematizing C++ concurrency,2011,2011-01-26,10.1145/1926385.1926394,,ACM-SIGACT Symposium on Principles of Programming Languages,semanticscholar,e1aa60639ac1c05788d4eef6054d9a47d047de0e,CS038,S59,CS038,,included,no,,0,title-screen,,,,Keyword score is prioritization only; it is not an eligibility or exclusion decision.
CG0031,doi:10.1145/1993316.1993522,20260731T035300Z-rsan-opencitations,,,,10.1145/1993316.1993522,,,opencitations,10.1145/1993316.1993522,CS038,S59,CS038,,unknown-date,no,,0,manual-date-check,,,,Keyword score is prioritization only; it is not an eligibility or exclusion decision.
CG0032,doi:10.1145/1993498.1993522,20260731T035400Z-rsan-semanticscholar,A case for an SC-preserving compiler,2011,2011-06-04,10.1145/1993498.1993522,,ACM-SIGPLAN Symposium on Programming Language Design and Implementation,semanticscholar,fdaec1914ab9506fffd9a9156324f098ec6a02da,CS038,S59,CS038,,included,no,,0,title-screen,,,,Keyword score is prioritization only; it is not an eligibility or exclusion decision.
CG0033,doi:10.1145/2247684.2247688,20260731T035300Z-rsan-opencitations;20260731T035400Z-rsan-semanticscholar,Can seqlocks get along with programming language memory models?,2012,2012-06-16,10.1145/2247684.2247688,,Workshop on Memory System Performance and Correctness,opencitations;semanticscholar,10.1145/2247684.2247688;b5e4892a429093fe96334ea7ff32cc9c6ad801b5,CS038,S59,CS038,,included,no,,0,title-screen,,,,Keyword score is prioritization only; it is not an eligibility or exclusion decision.
CG0036,doi:10.1145/2627752,20260731T035300Z-rsan-opencitations;20260731T035400Z-rsan-semanticscholar,Herding Cats,2013,2013-08-30,10.1145/2627752,1308.6810,ACM Transactions on Programming Languages and Systems,opencitations;semanticscholar,10.1145/2627752;eea2927258e13bc18f8f872e335bc4a3a7a206b6,CS038,S59,CS038,,included,no,,0,title-screen,,,,Keyword score is prioritization only; it is not an eligibility or exclusion decision.
CG0037,doi:10.1145/265924.265927,20260731T035300Z-rsan-opencitations,,,,10.1145/265924.265927,,,opencitations,10.1145/265924.265927,CS038,S59,CS038,,unknown-date,no,,0,manual-date-check,,,,Keyword score is prioritization only; it is not an eligibility or exclusion decision.
CG0038,doi:10.1145/268998.266641,20260731T035400Z-rsan-semanticscholar,Eraser: a dynamic data race detector for multi-threaded programs,1997,1997-10-01,10.1145/268998.266641,,TOCS,semanticscholar,29e1c71edbb56eed613d29edac1ad35b084e6a0f,CS038,S59,CS038,,included,no,,0,title-screen,,,,Keyword score is prioritization only; it is not an eligibility or exclusion decision.
CG0039,doi:10.1145/2837614.2837643,20260731T035300Z-rsan-opencitations;20260731T035400Z-rsan-semanticscholar,Taming release-acquire consistency,2016,2016-01-11,10.1145/2837614.2837643,,ACM-SIGACT Symposium on Principles of Programming Languages,opencitations;semanticscholar,10.1145/2837614.2837643;c36b2b15f76ce05d121f5621a5baa060fa6b0bd2,CS038,S59,CS038,,included,no,,0,title-screen,,,,Keyword score is prioritization only; it is not an eligibility or exclusion decision.
CG0040,doi:10.1145/2994593,20260731T035300Z-rsan-opencitations;20260731T035400Z-rsan-semanticscholar,Don’t Sit on the Fence,2013,2013-12-04,10.1145/2994593,1312.1411,ACM Transactions on Programming Languages and Systems,opencitations;semanticscholar,10.1145/2994593;178930913bb497d50bad2d6eea3b6ef89167aee8,CS038,S59,CS038,,included,no,,0,title-screen,,,,Keyword score is prioritization only; it is not an eligibility or exclusion decision.
CG0041,doi:10.1145/3009837.3009850,20260731T035300Z-rsan-opencitations;20260731T035400Z-rsan-semanticscholar,A promising semantics for relaxed-memory concurrency,2017,2017-01-01,10.1145/3009837.3009850,,ACM-SIGACT Symposium on Principles of Programming Languages,opencitations;semanticscholar,10.1145/3009837.3009850;f313e93201531bbf8990ee444a15c4e6c5b980b5,CS038,S59,CS038,,included,no,,0,title-screen,,,,Keyword score is prioritization only; it is not an eligibility or exclusion decision.
CG0043,doi:10.1145/3018610.3018611,20260731T035300Z-rsan-opencitations;20260731T035400Z-rsan-semanticscholar,Verifying dynamic race detection,2017,2017-01-16,10.1145/3018610.3018611,,Certified Programs and Proofs,opencitations;semanticscholar,10.1145/3018610.3018611;94b26373a17575ea6fe5807ce4c2ad43a0a9d82e,CS038,S59,CS038,,included,no,,0,title-screen,,,,Keyword score is prioritization only; it is not an eligibility or exclusion decision.
CG0045,doi:10.1145/3062341.3062374,20260731T035300Z-rsan-opencitations;20260731T035400Z-rsan-semanticscholar,Dynamic race prediction in linear time,2017,2017-04-08,10.1145/3062341.3062374,1704.02432,ACM-SIGPLAN Symposium on Programming Language Design and Implementation,opencitations;semanticscholar,10.1145/3062341.3062374;7d862b703ab2988ae21bc4d0a4be6d5ed0e21230,CS038,S59,CS038,,included,no,,0,title-screen,,,,Keyword score is prioritization only; it is not an eligibility or exclusion decision.
CG0046,doi:10.1145/3133873,20260731T035300Z-rsan-opencitations;20260731T035400Z-rsan-semanticscholar,A volatile-by-default JVM for server applications,2017,2017-10-12,10.1145/3133873,,Proc. ACM Program. Lang.,opencitations;semanticscholar,10.1145/3133873;37f7c08bfe171651375b3ee3a8c84b7cd4e703f1,CS038,S59,CS038,,included,no,,0,title-screen,,,,Keyword score is prioritization only; it is not an eligibility or exclusion decision.
CG0048,doi:10.1145/3314221.3314604,20260731T035300Z-rsan-opencitations;20260731T035400Z-rsan-semanticscholar,Robustness against release/acquire semantics,2019,2019-06-08,10.1145/3314221.3314604,,ACM-SIGPLAN Symposium on Programming Language Design and Implementation,opencitations;semanticscholar,10.1145/3314221.3314604;a19a6d9dafa70149b7832da93686d5897ce83c7e,CS038,S59,CS038,,included,no,,0,title-screen,,,,Keyword score is prioritization only; it is not an eligibility or exclusion decision.
CG0050,doi:10.1145/3314221.3314635,20260731T035300Z-rsan-opencitations;20260731T035400Z-rsan-semanticscholar,Sparse record and replay with controlled scheduling,2019,2019-06-08,10.1145/3314221.3314635,,ACM-SIGPLAN Symposium on Programming Language Design and Implementation,opencitations;semanticscholar,10.1145/3314221.3314635;8e5634557d1728e324cdd8b02db190cf8cc11c36,CS038,S59,CS038,,included,no,,0,title-screen,,,,Keyword score is prioritization only; it is not an eligibility or exclusion decision.
CG0052,doi:10.1145/3371085,20260731T035300Z-rsan-opencitations;20260731T035400Z-rsan-semanticscholar,"Fast, sound, and effectively complete dynamic race prediction",2019,2019-01-25,10.1145/3371085,1901.08857,Proc. ACM Program. Lang.,opencitations;semanticscholar,10.1145/3371085;cfce593fd46226d71e8a1df552dd8e1f22705595,CS038,S59,CS038,,included,no,,0,title-screen,,,,Keyword score is prioritization only; it is not an eligibility or exclusion decision.
CG0053,doi:10.1145/3373718.3394783,20260731T035300Z-rsan-opencitations;20260731T035400Z-rsan-semanticscholar,The Complexity of Dynamic Data Race Prediction,2020,2020-04-30,10.1145/3373718.3394783,2004.14931,Logic in Computer Science,opencitations;semanticscholar,10.1145/3373718.3394783;57ec58cef53cd6d05ac217dcf0a93af6e38808af,CS038,S59,CS038,,included,no,,0,title-screen,,,,Keyword score is prioritization only; it is not an eligibility or exclusion decision.
CG0055,doi:10.1145/3445814.3446711,20260731T035300Z-rsan-opencitations;20260731T035400Z-rsan-semanticscholar,C11Tester: a race detector for C/C++ atomics,2021,2021-02-16,10.1145/3445814.3446711,2102.07901,International Conference on Architectural Support for Programming Languages and Operating Systems,opencitations;semanticscholar,10.1145/3445814.3446711;34098c132acf4e1743fa7f0539a3f22b8a9ef0cd,CS038,S59,CS038,,included,no,,0,title-screen,,,,Keyword score is prioritization only; it is not an eligibility or exclusion decision.
CG0057,doi:10.1145/3462206,20260731T035300Z-rsan-opencitations;20260731T035400Z-rsan-semanticscholar,Safe-by-default Concurrency for Modern Programming Languages,2021,2021-09-30,10.1145/3462206,,ACM Transactions on Programming Languages and Systems,opencitations;semanticscholar,10.1145/3462206;a57a31ac15b9546c4994568a043e52877d4d02eb,CS038,S59,CS038,,included,no,,0,title-screen,,,,Keyword score is prioritization only; it is not an eligibility or exclusion decision.
CG0058,doi:10.1145/3540250.3569450,20260731T035300Z-rsan-opencitations;20260731T035400Z-rsan-semanticscholar,"Dynamic data race prediction: fundamentals, theory, and practice (tutorial)",2022,2022-11-07,10.1145/3540250.3569450,,ESEC/SIGSOFT FSE,opencitations;semanticscholar,10.1145/3540250.3569450;7500d0108c77a684ac3406e0a7fc49ead041a1a8,CS038,S59,CS038,,included,no,,0,title-screen,,,,Keyword score is prioritization only; it is not an eligibility or exclusion decision.
CG0062,doi:10.1145/7351.7352,20260731T035300Z-rsan-opencitations;20260731T035400Z-rsan-semanticscholar,A fast mutual exclusion algorithm,1987,1987-01-05,10.1145/7351.7352,,ACM Transactions on Computer Systems,opencitations;semanticscholar,10.1145/7351.7352;729e23d784a1e5e9b207c35a3b3aaa539621d52d,CS038,S59,CS038,,included,no,,0,title-screen,,,,Keyword score is prioritization only; it is not an eligibility or exclusion decision.
CG0063,doi:10.1161/strokeaha.119.024858,20260731T035400Z-rsan-semanticscholar,ERASER.,2019,2019-05-01,10.1161/strokeaha.119.024858,,Stroke,semanticscholar,e499a8a8daca9cf93720eb139a38ae612fed7ac6,CS038,S59,CS038,,included,no,,0,title-screen,,,,Keyword score is prioritization only; it is not an eligibility or exclusion decision.
CG0064,doi:10.1504/ijhpcn.2017.086532,20260731T035300Z-rsan-opencitations,,,,10.1504/ijhpcn.2017.086532,,,opencitations,10.1504/ijhpcn.2017.086532,CS038,S59,CS038,,unknown-date,no,,0,manual-date-check,,,,Keyword score is prioritization only; it is not an eligibility or exclusion decision.
CG0065,doi:10.1504/ijhpcn.2017.10007197,20260731T035400Z-rsan-semanticscholar,Evaluation and comparison of ten data race detection techniques,2017,2017-09-13,10.1504/ijhpcn.2017.10007197,,International Journal of High Performance Computing and Networking,semanticscholar,82765a3f90041eb651b256e938cacc23ff28e9e3,CS038,S59,CS038,,included,no,,0,title-screen,,,,Keyword score is prioritization only; it is not an eligibility or exclusion decision.
CG0066,doi:10.23638/lmcs-17(1:12)2021,20260731T035300Z-rsan-opencitations;20260731T035400Z-rsan-semanticscholar,Robustness Against Transactional Causal Consistency,2019,2019-06-28,10.23638/lmcs-17(1:12)2021,1906.12095,International Conference on Concurrency Theory,opencitations;semanticscholar,10.23638/lmcs-17(1:12)2021;5745a5a0c83af4733ff0a15d65dc68d937c4c968,CS038,S59,CS038,,included,no,,0,title-screen,,,,Keyword score is prioritization only; it is not an eligibility or exclusion decision.
CG0067,doi:10.5281/zenodo.15002568,20260731T035300Z-rsan-opencitations,,,,10.5281/zenodo.15002568,,,opencitations,10.5281/zenodo.15002568,CS038,S59,CS038,,unknown-date,no,,0,manual-date-check,,,,Keyword score is prioritization only; it is not an eligibility or exclusion decision.
CG0068,s2:48119f4626623df950cfe90de0ad2bdc3d1ee16b,20260731T035400Z-rsan-semanticscholar,"Cooperating Sequential Processes, Technical Report EWD-123",1965,,,,,semanticscholar,48119f4626623df950cfe90de0ad2bdc3d1ee16b,CS038,S59,CS038,,included,no,,0,title-screen,,,,Keyword score is prioritization only; it is not an eligibility or exclusion decision.
CG0069,s2:61afb757f26ceb4282daa12d9ae2264e5a61ac41,20260731T035400Z-rsan-semanticscholar,A Don ’ t Sit on the Fence : A Static Analysis Approach to Automatic Fence Insertion,2016,,,,,semanticscholar,61afb757f26ceb4282daa12d9ae2264e5a61ac41,CS038,S59,CS038,,included,no,,0,title-screen,,,,Keyword score is prioritization only; it is not an eligibility or exclusion decision.
CG0070,s2:e706b8ae2952740cb95c0182c4c44b0d11cc54c1,20260731T035400Z-rsan-semanticscholar,Timestamps in Message-Passing Systems That Preserve the Partial Ordering,1988,,,,,semanticscholar,e706b8ae2952740cb95c0182c4c44b0d11cc54c1,CS038,S59,CS038,,included,no,,0,title-screen,,,,Keyword score is prioritization only; it is not an eligibility or exclusion decision.
CG0071,s2:f6bba8a4370c9c64b6eda7ec79cdc853f16d516d,20260731T035400Z-rsan-semanticscholar,Virtual Time and Global States of Distributed Systems,2002,,,,,semanticscholar,f6bba8a4370c9c64b6eda7ec79cdc853f16d516d,CS038,S59,CS038,,included,no,,0,title-screen,,,,Keyword score is prioritization only; it is not an eligibility or exclusion decision.
CG0072,unknown:semanticscholar:cs038:references:0:57,20260731T035400Z-rsan-semanticscholar,Received 2024-11-15; accepted 2025-03-06,2025,,,,Proc. ACM Program. Lang.,semanticscholar,,CS038,S59,CS038,,included,no,,0,title-screen,,,,Keyword score is prioritization only; it is not an eligibility or exclusion decision.
CG0073,unknown:semanticscholar:cs038:references:0:60,20260731T035400Z-rsan-semanticscholar,ISO/IEC 14882:2011,2011,,,,Programming Language C++,semanticscholar,,CS038,S59,CS038,,included,no,,0,title-screen,,,,Keyword score is prioritization only; it is not an eligibility or exclusion decision.
CG0074,unknown:semanticscholar:cs038:references:0:64,20260731T035400Z-rsan-semanticscholar,next access of 𝜏 cannot have been executed before 𝐺,,,,,∈ 𝐺,semanticscholar,,CS038,S59,CS038,,unknown-date,no,,0,manual-date-check,,,,Keyword score is prioritization only; it is not an eligibility or exclusion decision.
CG0075,unknown:semanticscholar:cs038:references:0:65,20260731T035400Z-rsan-semanticscholar,The next access of 𝜏 races with 𝐺,,,,,E,semanticscholar,,CS038,S59,CS038,,unknown-date,no,,0,manual-date-check,,,,Keyword score is prioritization only; it is not an eligibility or exclusion decision.
CG0076,unknown:semanticscholar:cs038:references:0:66,20260731T035400Z-rsan-semanticscholar,"hold: Soundness: If 𝑒 does not participate in a race in 𝐺 , then 𝑡 1 ≤ 𝑡 2 . Completeness: If 𝑒 races with some 𝑟 𝜋 ∈ 𝐺. R 𝜋𝑛 in 𝐺 , then 𝑡 2 < 𝑡 1",,,,,,semanticscholar,,CS038,S59,CS038,,unknown-date,no,,0,manual-date-check,,,,Keyword score is prioritization only; it is not an eligibility or exclusion decision.
CG0078,unknown:semanticscholar:cs038:references:0:68,20260731T035400Z-rsan-semanticscholar,Dynamic Robustness,,,,,Verification against Weak Memory,semanticscholar,,CS038,S59,CS038,,unknown-date,no,,0,manual-date-check,,,,Keyword score is prioritization only; it is not an eligibility or exclusion decision.
CG0061,doi:10.1145/3729277,20260731T035300Z-rsan-opencitations;20260731T035400Z-rsan-semanticscholar,Dynamic Robustness Verification against Weak Memory,2025,2025-06-10,10.1145/3729277,2504.15036,,opencitations;seed-catalog,10.1145/3729277;DOI:10.1145/3729277,CS038,S59,,,included,yes,weak_or_relaxed_memory;formal_verification,6,existing-seed,,,,Keyword score is prioritization only; it is not an eligibility or exclusion decision.
