candidate_id,decision,canonical_record_id,matrix_record_id,screening_stage,full_text_checked,evidence_url,evidence_location,reason
CG0243,linked-existing,S37,,,,,,
CG0041,include-context,,,,,,,
CG0176,linked-existing,S102,,,,,,
CG0229,include-adjacent,,,,,,,
CG0237,linked-existing,S08,,,,,,
CG0239,linked-existing,S55,,,,,,
CG0275,include-adjacent,,,,,,,
CG0051,linked-existing,S54,,,,,,
CG0002,include-context,,,,,,,
CG0005,include-context,,,,,,,
CG0010,exclude-secondary,,,,,,,
CG0023,exclude-duplicate,,,,,,,
CG0073,include-adjacent,,,,,,,
CG0153,include-adjacent,,,,,,,
CG0171,include-adjacent,,,,,,,
CG0173,include-context,,,,,,,
CG0174,exclude-topic,,,,,,,
CG0181,exclude-topic,,,,,,,
CG0187,include-adjacent,,,,,,,
CG0189,include-context,,,,,,,
CG0192,include-adjacent,,,,,,,
CG0194,exclude-topic,,,,,,,
CG0201,include-context,,,,,,,
CG0204,include-adjacent,,,,,,,
CG0206,include-closest,,PA81,,,https://plv.mpi-sws.org/yacovet/paper.pdf,§§4–6; Theorem 1; Theorem 6; Coq artifact,Direct RC11 stack safety and composition with partial Coq mechanization; 'weak stack' is not genuine primitive weak CAS and no positive liveness theorem is established.
CG0208,include-adjacent,,,,,,,
CG0216,include-adjacent,,,,,,,
CG0217,exclude-topic,,,,,,,
CG0221,linked-existing,S110,,,,,,
CG0222,linked-existing,S09,,,,,,
CG0226,linked-existing,S07,,,,,,
CG0232,include-adjacent,,,,,,,
CG0234,include-adjacent,,,,,,,
CG0240,linked-existing,S33,,,,,,
CG0241,linked-existing,S114,,,,,,
CG0277,exclude-duplicate,,,,,,,
CG0288,exclude-duplicate,,,,,,,
CG0296,exclude-duplicate,,,,,,,
CG0301,include-context,,,,,,,
CG0303,exclude-secondary,,,,,,,
CG0011,include-context,,,,,,,
CG0032,include-adjacent,,,,,,,
CG0126,include-context,,,,,,,
CG0257,linked-existing,S40,,,,,,
CG0289,exclude-duplicate,,,,,,,
CG0308,include-context,,,,,,,
CG0007,include-adjacent,,,,,,,
CG0027,include-adjacent,,,,,,,
CG0028,linked-existing,S115,,,,,,
CG0031,include-adjacent,,,,,,,
CG0037,exclude-secondary,,,,,,,
CG0082,include-closest,,PA82,,,https://user.it.uu.se/~bengt/Papers/Full/sas16.pdf,§1; §8 and Figure 6,Automatic parameterized Treiber linearizability for arbitrary threads and unbounded heap/data under SC exact CAS; safety only.
CG0084,exclude-topic,,,,,,,
CG0087,include-context,,,,,,,
CG0088,linked-existing,S119,,,,,,
CG0092,include-context,,,,,,,
CG0094,exclude-secondary,,,,,,,
CG0095,include-closest,,PA83,,,https://link.springer.com/content/pdf/10.1007/s10009-022-00648-0.pdf,§9.6 TreiberStack and TreiberStack2; reported FDR checks,Parameterized exact-CAS Treiber safety and selected CSP deadlock-freedom checks; no RC11 or matching response theorem.
CG0099,linked-existing,S97,,,,,,
CG0105,exclude-topic,,,,,,,
CG0121,exclude-topic,,,,,,,
CG0155,exclude-topic,,,,,,,
CG0164,exclude-topic,,,,,,,
CG0178,include-adjacent,,,,,,,
CG0190,include-context,,,,,,,
CG0198,linked-existing,S120,,,,,,
CG0202,linked-existing,S98,,,,,,
CG0210,linked-existing,S99,,,,,,
CG0214,exclude-topic,,,,,,,
CG0215,exclude-topic,,,,,,,
CG0228,include-adjacent,,,,,,,
CG0236,include-adjacent,,,,,,,
CG0242,linked-existing,S124,,,,,,
CG0253,exclude-secondary,,,,,,,
CG0258,exclude-topic,,,,,,,
CG0260,exclude-secondary,,,,,,,
CG0268,include-context,,,,,,,
CG0276,exclude-duplicate,,,,,,,
CG0291,exclude-topic,,,,,,,
CG0299,exclude-secondary,,,,,,,
CG0001,exclude-duplicate,,,,,,,
CG0003,include-context,,,,,,,
CG0004,exclude-duplicate,,,,,,,
CG0006,include-context,,,,,,,
CG0008,include-adjacent,,,,,,,
CG0009,exclude-topic,,,,,,,
CG0012,exclude-topic,,,,,,,
CG0013,include-adjacent,,,,,,,
CG0014,include-context,,,,,,,
CG0015,include-adjacent,,,,,,,
CG0016,include-context,,,,,,,
CG0017,exclude-topic,,,,,,,
CG0018,linked-existing,S109,,,,,,
CG0019,exclude-topic,,,,,,,
CG0020,exclude-duplicate,,,,,,,
CG0021,exclude-secondary,,,,,,,
CG0022,exclude-topic,,,,,,,
CG0024,include-context,,,,,,,
CG0025,exclude-topic,,,,,,,
CG0026,exclude-topic,,,,,,,
CG0029,include-closest,,PA84,,,https://gpetri.github.io/publis/poling-cav15.pdf,§2; Theorem 1; Treiber and elimination-stack evaluations,"Poling automates SC exact-CAS Treiber linearizability for a most-general client, but proves no weak-memory or progress result."
CG0030,include-context,,,,,,,
CG0033,include-context,,,,,,,
CG0034,include-adjacent,,,,,,,
CG0035,exclude-secondary,,,,,,,
CG0036,include-adjacent,,,,,,,
CG0038,exclude-topic,,,,,,,
CG0039,include-closest,,PA85,,,https://fpl.cs.depaul.edu/jriely/papers/2018-vmcai.pdf,Theorem 14; Corollary 15; Theorem 16; §4.4,Direct acquire/release Treiber abstraction and composition with exact CAS; liveness requires a stronger criterion and is not proved.
CG0040,include-adjacent,,,,,,,
CG0042,exclude-topic,,,,,,,
CG0043,exclude-topic,,,,,,,
CG0044,exclude-duplicate,,,,,,,
CG0045,exclude-topic,,,,,,,
CG0046,exclude-topic,,,,,,,
CG0047,include-context,,,,,,,
CG0048,include-closest,,PA86,,,https://brijeshdongol.github.io/full-version/IFM-2018-full.pdf,"Theorems 7, 16, and 18; §6.2","Direct C11 release/acquire Treiber safety and causal composition; finite exact-CAS safety only, with no fairness or response theorem."
CG0049,exclude-topic,,,,,,,
CG0050,include-context,,,,,,,
CG0052,exclude-topic,,,,,,,
CG0053,linked-existing,S62,,,,,,
CG0054,include-adjacent,,,,,,,
CG0055,linked-existing,S156,,,,,,
CG0056,include-adjacent,,,,,,,
CG0057,include-adjacent,,,,,,,
CG0058,include-context,,,,,,,
CG0059,include-adjacent,,,,,,,
CG0060,linked-existing,S128,,,,,,
CG0061,include-context,,,,,,,
CG0062,include-adjacent,,,,,,,
CG0063,include-adjacent,,,,,,,
CG0064,include-adjacent,,,,,,,
CG0065,include-adjacent,,,,,,,
CG0066,include-adjacent,,,,,,,
CG0067,include-context,,,,,,,
CG0068,exclude-topic,,,,,,,
CG0069,include-adjacent,,,,,,,
CG0070,include-adjacent,,,,,,,
CG0071,exclude-topic,,,,,,,
CG0072,linked-existing,S170,,,,,,
CG0074,exclude-topic,,,,,,,
CG0075,exclude-secondary,,,,,,,
CG0076,include-adjacent,,,,,,,
CG0077,exclude-topic,,,,,,,
CG0078,linked-existing,S119,,,,,,
CG0079,include-adjacent,,,,,,,
CG0080,include-adjacent,,,,,,,
CG0081,include-adjacent,,,,,,,
CG0083,include-adjacent,,,,,,,
CG0085,exclude-topic,,,,,,,
CG0086,include-adjacent,,,,,,,
CG0089,include-adjacent,,,,,,,
CG0090,exclude-topic,,,,,,,
CG0091,exclude-topic,,,,,,,
CG0096,exclude-topic,,,,,,,
CG0097,exclude-topic,,,,,,,
CG0098,linked-existing,S40,,,,,,
CG0100,exclude-topic,,,,,,,
CG0101,exclude-topic,,,,,,,
CG0102,include-adjacent,,,,,,,
CG0103,exclude-topic,,,,,,,
CG0104,include-context,,,,,,,
CG0106,include-context,,,,,,,
CG0107,exclude-topic,,,,,,,
CG0108,include-context,,,,,,,
CG0109,include-adjacent,,,,,,,
CG0110,include-context,,,,,,,
CG0111,exclude-topic,,,,,,,
CG0112,include-context,,,,,,,
CG0113,include-context,,,,,,,
CG0114,include-context,,,,,,,
CG0115,exclude-topic,,,,,,,
CG0116,include-context,,,,,,,
CG0117,exclude-duplicate,,,,,,,
CG0118,linked-existing,S50,,,,,,
CG0119,include-adjacent,,,,,,,
CG0120,exclude-topic,,,,,,,
CG0122,linked-existing,S95,,,,,,
CG0123,exclude-duplicate,,,,,,,
CG0124,include-context,,,,,,,
CG0125,exclude-topic,,,,,,,
CG0127,exclude-topic,,,,,,,
CG0128,linked-existing,S90,,,,,,
CG0129,exclude-topic,,,,,,,
CG0130,exclude-topic,,,,,,,
CG0131,include-adjacent,,,,,,,
CG0132,include-adjacent,,,,,,,
CG0133,exclude-duplicate,,,,,,,
CG0134,include-adjacent,,,,,,,
CG0135,include-adjacent,,,,,,,
CG0136,exclude-topic,,,,,,,
CG0137,exclude-topic,,,,,,,
CG0138,include-context,,,,,,,
CG0139,exclude-duplicate,,,,,,,
CG0140,exclude-topic,,,,,,,
CG0141,linked-existing,S131,,,,,,
CG0142,include-context,,,,,,,
CG0143,include-context,,,,,,,
CG0144,include-adjacent,,,,,,,
CG0145,include-adjacent,,,,,,,
CG0146,include-adjacent,,,,,,,
CG0147,include-adjacent,,,,,,,
CG0149,linked-existing,S176,,,,,,
CG0150,include-context,,,,,,,
CG0151,linked-existing,S161,,,,,,
CG0152,linked-existing,S102,,,,,,
CG0154,exclude-topic,,,,,,,
CG0156,exclude-topic,,,,,,,
CG0157,exclude-duplicate,,,,,,,
CG0158,exclude-duplicate,,,,,,,
CG0159,exclude-duplicate,,,,,,,
CG0160,exclude-duplicate,,,,,,,
CG0161,linked-existing,S116,,,,,,
CG0162,exclude-topic,,,,,,,
CG0163,linked-existing,S116,,,,,,
CG0165,exclude-topic,,,,,,,
CG0166,exclude-topic,,,,,,,
CG0167,include-closest,,PA87,,,https://plv.mpi-sws.org/gps/paper.pdf,§3.7 Theorems 1–3; Appendix D.4; Coq development,"Coq-checked C11 program-logic soundness and Michael-Scott queue safety; no Treiber, fairness, genuine weak CAS, or liveness theorem."
CG0168,exclude-duplicate,,,,,,,
CG0169,exclude-duplicate,,,,,,,
CG0170,include-adjacent,,,,,,,
CG0172,include-closest,,PA88,,,https://www.cs.uni-salzburg.at/~ahaas/papers/POPL15-TSStack.pdf,Theorem 1 and Isabelle development; Theorems 5–6; §9,Mechanized generic stack safety plus handwritten exact-CAS lock-freedom for a time-stamped stack; not Treiber or weak memory.
CG0175,include-adjacent,,,,,,,
CG0179,linked-existing,S132,,,,,,
CG0180,include-context,,,,,,,
CG0182,include-context,,,,,,,
CG0183,exclude-topic,,,,,,,
CG0184,linked-existing,S169,,,,,,
CG0185,exclude-duplicate,,,,,,,
CG0186,exclude-duplicate,,,,,,,
CG0188,include-adjacent,,,,,,,
CG0191,exclude-topic,,,,,,,
CG0193,exclude-duplicate,,,,,,,
CG0195,exclude-topic,,,,,,,
CG0196,exclude-duplicate,,,,,,,
CG0197,exclude-duplicate,,,,,,,
CG0199,exclude-topic,,,,,,,
CG0200,exclude-topic,,,,,,,
CG0203,exclude-topic,,,,,,,
CG0205,exclude-topic,,,,,,,
CG0207,linked-existing,S134,,,,,,
CG0209,exclude-duplicate,,,,,,,
CG0211,exclude-duplicate,,,,,,,
CG0212,exclude-topic,,,,,,,
CG0213,include-context,,,,,,,
CG0218,exclude-topic,,,,,,,
CG0219,exclude-secondary,,,,,,,
CG0220,exclude-topic,,,,,,,
CG0223,include-adjacent,,,,,,,
CG0224,exclude-topic,,,,,,,
CG0225,linked-existing,S175,,,,,,
CG0227,exclude-topic,,,,,,,
CG0230,exclude-topic,,,,,,,
CG0231,exclude-topic,,,,,,,
CG0233,include-adjacent,,,,,,,
CG0235,include-context,,,,,,,
CG0244,exclude-topic,,,,,,,
CG0245,exclude-topic,,,,,,,
CG0246,exclude-topic,,,,,,,
CG0247,exclude-topic,,,,,,,
CG0248,linked-existing,S154,,,,,,
CG0249,exclude-topic,,,,,,,
CG0250,exclude-topic,,,,,,,
CG0251,exclude-topic,,,,,,,
CG0252,exclude-topic,,,,,,,
CG0254,exclude-topic,,,,,,,
CG0255,exclude-secondary,,,,,,,
CG0256,exclude-topic,,,,,,,
CG0259,exclude-secondary,,,,,,,
CG0261,linked-existing,S103,,,,,,
CG0262,exclude-topic,,,,,,,
CG0263,exclude-topic,,,,,,,
CG0264,exclude-topic,,,,,,,
CG0265,exclude-topic,,,,,,,
CG0266,exclude-topic,,,,,,,
CG0267,exclude-topic,,,,,,,
CG0269,include-adjacent,,,,,,,
CG0270,exclude-secondary,,,,,,,
CG0271,exclude-topic,,,,,,,
CG0272,linked-existing,S173,,,,,,
CG0273,exclude-secondary,,,,,,,
CG0278,exclude-secondary,,,,,,,
CG0279,exclude-duplicate,,,,,,,
CG0280,exclude-duplicate,,,,,,,
CG0281,exclude-secondary,,,,,,,
CG0282,exclude-duplicate,,,,,,,
CG0283,exclude-duplicate,,,,,,,
CG0284,exclude-secondary,,,,,,,
CG0285,exclude-secondary,,,,,,,
CG0286,exclude-duplicate,,,,,,,
CG0287,exclude-duplicate,,,,,,,
CG0290,exclude-duplicate,,,,,,,
CG0292,include-context,,,,,,,
CG0293,exclude-secondary,,,,,,,
CG0294,exclude-duplicate,,,,,,,
CG0295,exclude-duplicate,,,,,,,
CG0297,exclude-secondary,,,,,,,
CG0298,exclude-duplicate,,,,,,,
CG0300,exclude-duplicate,,,,,,,
CG0302,exclude-topic,,,,,,,
CG0304,exclude-secondary,,,,,,,
CG0305,exclude-secondary,,,,,,,
CG0306,exclude-topic,,,,,,,
CG0307,linked-existing,S109,,,,,,
CG0309,include-context,,,,,,,
CG0310,exclude-duplicate,,,,,,,
CG0311,exclude-duplicate,,,,,,,
CG0312,exclude-duplicate,,,,,,,
CG0313,exclude-duplicate,,,,,,,
CG0177,linked-existing,S169,,,,,,
CG0274,linked-existing,S171,,,,,,
CG0093,linked-existing,S170,,,,,,
CG0148,linked-existing,S172,,,,,,
CG0238,linked-existing,S173,,,,,,
