line,physical_line,candidate_id,work_key,title,decision,canonical,doi,open_pdf
1163,2,CG1163,unknown:semanticscholar:cs031:references:0:28,Overcoming Memory Weakness with Uniﬁed Fairness - Systematic Veriﬁcation of Liveness in Weak Memory Models,linked-existing,S03,,
1097,3,CG1097,unknown:semanticscholar:cs004:references:0:48,2025. Recurrence Sets for Proving Fair Non-termination under Axiomatic Memory Consistency Models (Artifact),exclude-duplicate,,,
14,4,CG0014,arxiv:2305.17605,Unified Fairness for Weak Memory Verification,linked-existing,S04,,
1077,5,CG1077,unknown:semanticscholar:cs001:references:0:49,"Anton Podkopaev, and Viktor Vafeiadis. 2021a. Making Weak Memory Models Fair",exclude-duplicate,,,
64,6,CG0064,doi:10.1007/3-540-10843-2_22,"Impartiality, Justice and Fairness: The Ethics of Concurrent Termination",linked-existing,S64,10.1007/3-540-10843-2_22,
263,7,CG0263,doi:10.1007/978-3-642-31424-7_19,Detecting Fair Non-termination in Multithreaded Programs,linked-existing,S52,10.1007/978-3-642-31424-7_19,
456,8,CG0456,doi:10.1109/sefm.2007.2,A Scalable Lock-Free Stack Algorithm and its Verification,linked-existing,A32,10.1109/sefm.2007.2,
496,9,CG0496,doi:10.1145/1190216.1190261,Modular verification of a non-blocking stack,linked-existing,S39,10.1145/1190216.1190261,
1028,10,CG1028,s2:97bcd54af61479b44fbb94661545ebf87ef283cb,Electronic Communications of the EASST Volume 66 ( 2013 ) Proceedings of the Automated Verification of Critical Systems ( AVoCS 2013 ) Compositional Verification of a Lock-Free Stack with RGITL,linked-existing,S20,,
1031,11,CG1031,s2:a35ac7d78910d40b8df2ebae8c2ac0bd3a131164,Justice and fairness: The ethics of concurrent termination,exclude-duplicate,,,
26,12,CG0026,arxiv:2602.19609,Towards Proving Liveness on Weak Memory (Extended Version),linked-existing,S06,10.48550/arxiv.2602.19609,
75,13,CG0075,doi:10.1007/3-540-44829-2_6,A Light-Weight Algorithm for Model Checking with Symmetry Reduction and Weak Fairness,linked-existing,S65,10.1007/3-540-44829-2_6,
228,14,CG0228,doi:10.1007/978-3-642-02658-4_59,PAT: Towards Flexible Verification under Fairness,linked-existing,S66,10.1007/978-3-642-02658-4_59,
773,15,CG0773,doi:10.1145/3591230,CQS: A Formally-Verified Framework for Fair and Abortable Synchronization,linked-existing,S67,10.1145/3591230,
826,16,CG0826,doi:10.1145/3729248,Verifying Lock-Free Traversals in Relaxed Memory Separation Logic,linked-existing,S37,10.1145/3729248,
1023,17,CG1023,s2:8eb71d6d82a3d334eb95bd04747d54d95d1fcfd6,A Formally-Verified Framework for Fair Synchronization in Kotlin Coroutines,exclude-duplicate,,,
57,18,CG0057,doi:10.1007/11817963_45,Bounded Model Checking of Concurrent Data Types on Relaxed Memory Models: A Case Study,linked-existing,S68,10.1007/11817963_45,
119,19,CG0119,doi:10.1007/978-3-030-45237-7_24,Dartagnan: Bounded Model Checking for Weak Memory Models (Competition Contribution),linked-existing,S69,10.1007/978-3-030-45237-7_24,
125,20,CG0125,doi:10.1007/978-3-030-81685-8_20,GenMC: A Model Checker for Weak Memory Models,linked-existing,S70,10.1007/978-3-030-81685-8_20,
208,21,CG0208,doi:10.1007/978-3-540-70545-1_12,Effective Program Verification for Relaxed Memory Models,linked-existing,S62,10.1007/978-3-540-70545-1_12,
473,22,CG0473,doi:10.1145/1007912.1007944,A scalable lock-free stack algorithm,linked-existing,S50,10.1145/1007912.1007944,
537,23,CG0537,doi:10.1145/1706299.1706303,On the verification problem for weak memory models,linked-existing,S71,10.1145/1706299.1706303,
687,24,CG0687,doi:10.1145/3297858.3304043,A Formal Analysis of the NVIDIA PTX Memory Consistency Model,linked-existing,S72,10.1145/3297858.3304043,
729,25,CG0729,doi:10.1145/3445814.3446748,VSync: push-button verification and optimization for synchronization primitives on weak memory models,linked-existing,S21,10.1145/3445814.3446748,
736,26,CG0736,doi:10.1145/3473571,Formal verification of a concurrent bounded queue in a weak memory model,linked-existing,S58,10.1145/3473571,
815,27,CG0815,doi:10.1145/3689802,Automated Robustness Verification of Concurrent Data Structure Libraries against Relaxed Memory Models,linked-existing,S55,10.1145/3689802,
21,28,CG0021,arxiv:2406.18939,Evaluating AI Group Fairness: a Fuzzy Logic Perspective,exclude-topic,,10.48550/arxiv.2406.18939,
28,29,CG0028,arxiv:2605.23633,Formally Verified Liveness with Multiparty Session Types in Rocq,linked-existing,S73,10.48550/arxiv.2605.23633,
62,30,CG0062,doi:10.1007/3-540-10007-5_47,On the Semantics of Fair Parallelism,linked-existing,S74,10.1007/3-540-10007-5_47,
104,31,CG0104,doi:10.1007/978-1-4612-4886-6,Fairness,linked-existing,A33,10.1007/978-1-4612-4886-6,
160,32,CG0160,doi:10.1007/978-3-319-10181-1_22,A Compositional Proof Method for Linearizability Applied to a Wait-Free Multiset,linked-existing,S75,10.1007/978-3-319-10181-1_22,
195,33,CG0195,doi:10.1007/978-3-540-27813-9_4,A Formal Reduction for Lock-Free Parallel Algorithms,linked-existing,S76,10.1007/978-3-540-27813-9_4,
199,34,CG0199,doi:10.1007/978-3-540-30232-2_7,Formal Verification of a Practical Lock-Free Queue Algorithm,linked-existing,S54,10.1007/978-3-540-30232-2_7,
238,35,CG0238,doi:10.1007/978-3-642-13321-3_21,Temporal Logic Verification of Lock-Freedom,linked-existing,S49,10.1007/978-3-642-13321-3_21,
291,36,CG0291,doi:10.1007/978-3-662-46681-0_30,Fairness for Infinite-State Systems,linked-existing,S77,10.1007/978-3-662-46681-0_30,
353,37,CG0353,doi:10.1007/s10703-023-00439-6,Thread-modular counter abstraction: automated safety and termination proofs of parameterized software by reduction to sequential program verification,linked-existing,S51,10.1007/s10703-023-00439-6,
427,38,CG0427,doi:10.1109/acsd.2009.10,Formal Verification of Lock-Free Algorithms,linked-existing,S41,10.1109/acsd.2009.10,
434,39,CG0434,doi:10.1109/iceccs.2005.49,Formal verification of an array-based nonblocking queue,linked-existing,A30,10.1109/iceccs.2005.49,
451,40,CG0451,doi:10.1109/mascots.2019.00019,Practical Progress Verification of Descriptor-Based Non-Blocking Data Structures,linked-existing,A31,10.1109/mascots.2019.00019,
593,41,CG0593,doi:10.1145/2603088.2603123,Compositional verification of termination-preserving refinement of concurrent programs,linked-existing,S53,10.1145/2603088.2603123,
672,42,CG0672,doi:10.1145/3210258,Modular Termination Verification of Single-Threaded and Multithreaded Programs,linked-existing,S78,10.1145/3210258,
715,43,CG0715,doi:10.1145/3427761.3428345,A separation logic to verify termination of busy-waiting for abrupt program exit,linked-existing,S79,10.1145/3427761.3428345,
812,44,CG0812,doi:10.1145/3689732,Verified Lock-Free Session Channels with Linking,linked-existing,S80,10.1145/3689732,
825,45,CG0825,doi:10.1145/3729246,Verifying General-Purpose RCU for Reclamation in Relaxed Memory Separation Logic,linked-existing,S56,10.1145/3729246,
828,46,CG0828,doi:10.1145/3747512,Almost Fair Simulations,linked-existing,S81,10.1145/3747512,
910,47,CG0910,doi:10.26686/wgtn.16969549.v1,The Design and Verification of Dynamic-sized Nonblocking Data Structures,linked-existing,S54,10.26686/wgtn.16969549.v1,
912,48,CG0912,doi:10.29007/n3nk,A simple proof system for lock-free concurrency,linked-existing,S47,10.29007/n3nk,
915,49,CG0915,doi:10.3217/jucs-011-05-0744,Formal Construction of a Non-blocking Concurrent Queue Algorithm (a Case Study in Atomicity),linked-existing,S82,10.3217/jucs-011-05-0744,
921,50,CG0921,doi:10.4135/9781473915077.n19,Fairness,exclude-topic,,10.4135/9781473915077.n19,
927,51,CG0927,doi:10.4230/lipics.concur.2018.23,GPU Schedulers: How Fair Is Fair Enough?,linked-existing,S83,10.4230/lipics.concur.2018.23,
958,52,CG0958,s2:0a4552dfaf8a5aec789d6f982c32ea3c0a25b221,Under consideration for publication in Formal Aspects of Computing Streamlining progress-based derivations of concurrent programs,linked-existing,S36,,
974,53,CG0974,s2:26bcc72aaa4b556da051c15e9d4f2936fcf3c224,Verification of Lock-free Scalable Synchronous Queue ( Technical Report ),linked-existing,S84,,
985,54,CG0985,s2:4511a87c0fdb840a40ee9dd241e366e822f69976,Progress-based verification and derivation of concurrent programs,linked-existing,S36,,
986,55,CG0986,s2:4922ddb355c190c7de1ae15383fa4455b8dae491,A proof system for lock-free concurrency,linked-existing,S48,,
1004,56,CG1004,s2:6ebbaf8efc7a52890ea144a9a744ee69492c7c1a,A Program Logic for Contextual Refinement of Concurrent Objects under Fair Scheduling,linked-existing,S19,,
1010,57,CG1010,s2:77bf635b620a5c914de22261a822cc65c1a87052,Correctness and Progress Verification of Non-Blocking Programs,linked-existing,S46,,
1051,58,CG1051,s2:d07e6fdd617e0ff8f130bf6749857d725f8b85eb,Formal Verification of Lock-Free Algorithms (Invited Paper),linked-existing,S41,,
1055,59,CG1055,s2:dae6eece9582c503b1646f839ae4c1327325b88b,Completing Almost Fair Simulations,include-adjacent,,,
1056,60,CG1056,s2:df52db4bcdb3a86f210a1a34500014736e27a563,Modular full functional specification and verification of lock-free data structures,linked-existing,S85,,
1058,61,CG1058,s2:e061d30508d2cfac3a75b520119bdebfb2304c09,Modular Termination Verification for Non-blocking Concurrency (Extended Version),linked-existing,S17,,
1081,62,CG1081,unknown:semanticscholar:cs002:references:0:33,2023. PLDI23 artifact for Fair Operational Semantics,exclude-duplicate,,,
5,63,CG0005,arxiv:1606.05416,Taming Weak Memory Models,include-context,,,
9,64,CG0009,arxiv:2004.02983,Integrating Owicki-Gries for C11-Style Memory Models into Isabelle/HOL,include-adjacent,,,
20,65,CG0020,arxiv:2405.16611,What Cannot Be Implemented on Weak Memory?,include-closest,,10.48550/arxiv.2405.16611,
33,66,CG0033,doi:10.1002/cpe.70484,Weak Memory Model Formalisms: Introduction and Survey,exclude-secondary,,10.1002/cpe.70484,
112,67,CG0112,doi:10.1007/978-3-030-25540-4_19,BMC for Weak Memory Models: Relation Analysis for Compact SMT Encodings,linked-existing,S109,10.1007/978-3-030-25540-4_19,
118,68,CG0118,doi:10.1007/978-3-030-44914-8_22,Modular Relaxed Dependencies in Weak Memory Concurrency,include-context,,10.1007/978-3-030-44914-8_22,
174,69,CG0174,doi:10.1007/978-3-319-66706-5_15,Portability Analysis for Weak Memory Models. PORTHOS: One Tool for all Models,include-context,,10.1007/978-3-319-66706-5_15,
276,70,CG0276,doi:10.1007/978-3-642-37036-6_27,Quarantining Weakness - Compositional Reasoning under Relaxed Memory Models (Extended Abstract),include-adjacent,,10.1007/978-3-642-37036-6_27,
292,71,CG0292,doi:10.1007/978-3-662-47666-6_25,Owicki-Gries Reasoning for Weak Memory Models,include-adjacent,,10.1007/978-3-662-47666-6_25,
295,72,CG0295,doi:10.1007/978-3-662-49122-5_20,A Program Logic for C11 Memory Fences,include-adjacent,,10.1007/978-3-662-49122-5_20,
326,73,CG0326,doi:10.1007/s00165-019-00499-8,Linearizability on hardware weak memory models,include-adjacent,,10.1007/s00165-019-00499-8,
424,74,CG0424,doi:10.1109/2.546611,Shared Memory Consistency Models: A Tutorial,exclude-secondary,,10.1109/2.546611,
465,75,CG0465,doi:10.1109/tpds.2004.8,Hazard pointers: safe memory reclamation for lock-free objects,linked-existing,S154,10.1109/tpds.2004.8,
477,76,CG0477,doi:10.1145/1017460.1017464,A unified theory of shared memory consistency,include-context,,10.1145/1017460.1017464,
498,77,CG0498,doi:10.1145/1250734.1250737,CheckFence: checking consistency of concurrent data types on relaxed memory models,linked-existing,S90,10.1145/1250734.1250737,
562,78,CG0562,doi:10.1145/2103656.2103717,Clarifying and compiling C/C++ concurrency: from C++11 to POWER,include-context,,10.1145/2103656.2103717,
575,79,CG0575,doi:10.1145/2442516.2442524,Correct and efficient work-stealing for weak memory models,linked-existing,S176,10.1145/2442516.2442524,
585,80,CG0585,doi:10.1145/2509136.2509532,Relaxed separation logic: a program logic for C11 concurrency,include-context,,10.1145/2509136.2509532,
611,81,CG0611,doi:10.1145/2737924.2737992,Verifying read-copy-update in a logic for weak memory,include-adjacent,,10.1145/2737924.2737992,
617,82,CG0617,doi:10.1145/2775051.2676995,Common Compiler Optimisations are Invalid in the C11 Memory Model and what we can do about it,exclude-topic,,10.1145/2775051.2676995,
623,83,CG0623,doi:10.1145/2837614.2837637,Overhauling SC atomics in C11 and OpenCL,exclude-topic,,10.1145/2837614.2837637,
645,84,CG0645,doi:10.1145/3018743.3018749,Checking Concurrent Data Structures Under the C/C++11 Memory Model,include-adjacent,,10.1145/3018743.3018749,
647,85,CG0647,doi:10.1145/3062341.3062352,Repairing sequential consistency in C/C++11,exclude-topic,,10.1145/3062341.3062352,
678,86,CG0678,doi:10.1145/3290371,Decoupling lock-free data structures from memory reclamation for static analysis,include-adjacent,,10.1145/3290371,
681,87,CG0681,doi:10.1145/3290381,On library correctness under weak memory consistency: specifying and verifying concurrent libraries under declarative consistency models,linked-existing,S177,10.1145/3290381,
682,88,CG0682,doi:10.1145/3290382,Bridging the gap between programming languages and hardware weak memory models,exclude-topic,,10.1145/3290382,
685,89,CG0685,doi:10.1145/3293883.3295702,Verifying C11 programs operationally,include-adjacent,,10.1145/3293883.3295702,
703,90,CG0703,doi:10.1145/3371102,RustBelt meets relaxed memory,linked-existing,S91,10.1145/3371102,
706,91,CG0706,doi:10.1145/3371136,Pointer life cycle types for lock-free data structures with memory reclamation,include-adjacent,,10.1145/3371136,
710,92,CG0710,doi:10.1145/3385412.3385973,Repairing and mechanising the JavaScript relaxed memory model,exclude-topic,,10.1145/3385412.3385973,
711,93,CG0711,doi:10.1145/3385412.3386010,Promising 2.0: global optimizations in relaxed memory concurrency,exclude-topic,,10.1145/3385412.3386010,
719,94,CG0719,doi:10.1145/3428262,Pomsets with preconditions: a simple model of relaxed memory,linked-existing,S110,10.1145/3428262,
721,95,CG0721,doi:10.1145/3428294,Foundations of empirical memory consistency testing,include-context,,10.1145/3428294,
722,96,CG0722,doi:10.1145/3434285,Verifying observational robustness against a c11-style memory model,include-adjacent,,10.1145/3434285,
754,97,CG0754,doi:10.1145/3519939.3523718,Sequential reasoning for optimizing compilers under weak memory concurrency,exclude-topic,,10.1145/3519939.3523718,
762,98,CG0762,doi:10.1145/3563352,Implementing and verifying release-acquire transactional memory in C11,include-adjacent,,10.1145/3563352,
767,99,CG0767,doi:10.1145/3571246,An Operational Approach to Library Abstraction under Relaxed Memory Concurrency,include-adjacent,,10.1145/3571246,
769,100,CG0769,doi:10.1145/3575693.3575750,MC Mutants: Evaluating and Improving Testing for Memory Consistency Specifications,exclude-topic,,10.1145/3575693.3575750,
778,101,CG0778,doi:10.1145/3591297,Putting Weak Memory in Order via a Promising Intermediate Representation,exclude-topic,,10.1145/3591297,
780,102,CG0780,doi:10.1145/3597926.3598095,GPUHarbor: Testing GPU Memory Consistency at Large (Experience Paper),exclude-topic,,10.1145/3597926.3598095,
805,103,CG0805,doi:10.1145/3641399.3641443,Parameterized Static Analysis for Weak Memory Models,include-adjacent,,10.1145/3641399.3641443,
819,104,CG0819,doi:10.1145/3704908,Relaxed Memory Concurrency Re-executed,linked-existing,S114,10.1145/3704908,
864,105,CG0864,doi:10.1145/571825.571829,Safe memory reclamation for dynamic lock-free objects using atomic reads and writes,include-adjacent,,10.1145/571825.571829,
923,106,CG0923,doi:10.4230/darts.3.2.15,Strong Logic for Weak Memory: Reasoning About Release-Acquire Consistency in Iris (Artifact),linked-existing,S92,10.4230/darts.3.2.15,
924,107,CG0924,doi:10.4230/darts.6.2.15,Owicki-Gries Reasoning for C11 RAR (Artifact),exclude-duplicate,,10.4230/darts.6.2.15,
937,108,CG0937,doi:10.4230/lipics.ecoop.2020.11,Owicki-Gries Reasoning for C11 RAR,include-adjacent,,10.4230/lipics.ecoop.2020.11,
1032,109,CG1032,s2:a4a26e1d3231ab823ff13eda49cc01cc4aedc16c,Ieee Transactions on Parallel and Distributed Systems 1 Efficient and Reliable Lock-free Memory Reclamation Based on Reference Counting,include-adjacent,,,
1100,110,CG1100,unknown:semanticscholar:cs006:references:0:71,Correct and efficient work-stealing for weak memory 807 Compass: Strong and Compositional Library Specifications in Relaxed Memory Separation Logic PLDI ’22,exclude-duplicate,,,
1102,111,CG1102,unknown:semanticscholar:cs006:references:0:74,Compass: Strong and Compositional Library Specifications in Relaxed Memory models,exclude-duplicate,,,
1111,112,CG1111,unknown:semanticscholar:cs008:references:0:40,"GPS: navigating weak memory with ghosts, protocols, and separation",linked-existing,S183,,
1113,113,CG1113,unknown:semanticscholar:cs008:references:0:43,"Isabelle files for ""Operationally Verifying C11-style Weak Memory Libraries",exclude-duplicate,,,
1130,114,CG1130,unknown:semanticscholar:cs022:references:0:50,RELINCHE: Automatically Checking Linearizability under Relaxed Memory Consistency (Replication Package),exclude-duplicate,,,
10,115,CG0010,arxiv:2010.11762,Ghost Signals: Verifying Termination of Busy-Waiting (Extended Version),linked-existing,S93,,
59,116,CG0059,doi:10.1007/11901433_16,Formalising Progress Properties of Non-blocking Programs,include-context,,10.1007/11901433_16,
70,117,CG0070,doi:10.1007/3-540-36108-1_23,"The Repeat Offender Problem: A Mechanism for Supporting Dynamic-Sized, Lock-Free Data Structures",linked-existing,S140,10.1007/3-540-36108-1_23,
79,118,CG0079,doi:10.1007/3-540-45414-4_21,A Pragmatic Implementation of Non-blocking Linked-Lists,include-adjacent,,10.1007/3-540-45414-4_21,
85,119,CG0085,doi:10.1007/3-540-48153-2_30,Circular Compositional Reasoning about Liveness,include-context,,10.1007/3-540-48153-2_30,
126,120,CG0126,doi:10.1007/978-3-030-81688-9_2,Ghost Signals: Verifying Termination of Busy Waiting - Verifying Termination of Busy Waiting,linked-existing,S93,10.1007/978-3-030-81688-9_2,
133,121,CG0133,doi:10.1007/978-3-031-21213-0_10,Decidability of Liveness for Concurrent Objects on the TSO Memory Model,linked-existing,A26,10.1007/978-3-031-21213-0_10,
136,122,CG0136,doi:10.1007/978-3-031-37706-8_6,Commutativity for Concurrent Program Termination Proofs,include-adjacent,,10.1007/978-3-031-37706-8_6,
142,123,CG0142,doi:10.1007/978-3-031-57256-2_27,PROTON: PRObes for Termination Or Not (Competition Contribution),exclude-topic,,10.1007/978-3-031-57256-2_27,
169,124,CG0169,doi:10.1007/978-3-319-47846-3_17,Contextual Trace Refinement for Concurrent Objects: Safety and Progress,include-closest,,10.1007/978-3-319-47846-3_17,
177,125,CG0177,doi:10.1007/978-3-319-71237-6_14,Safety and Liveness of MCS Lock - Layer by Layer,include-adjacent,,10.1007/978-3-319-71237-6_14,
211,126,CG0211,doi:10.1007/978-3-540-73368-3_1,Automatically Proving Program Termination,exclude-topic,,10.1007/978-3-540-73368-3_1,
231,127,CG0231,doi:10.1007/978-3-642-04355-0_28,Nonblocking Algorithms and Backward Simulation,include-adjacent,,10.1007/978-3-642-04355-0_28,
242,128,CG0242,doi:10.1007/978-3-642-15769-1_19,Alternation for Termination,exclude-topic,,10.1007/978-3-642-15769-1_19,
243,129,CG0243,doi:10.1007/978-3-642-15769-1_4,Size-Change Termination and Transition Invariants,exclude-topic,,10.1007/978-3-642-15769-1_4,
244,130,CG0244,doi:10.1007/978-3-642-15769-1_8,"Multi-dimensional Rankings, Program Termination, and Complexity Bounds of Flowchart Programs",exclude-topic,,10.1007/978-3-642-15769-1_8,
251,131,CG0251,doi:10.1007/978-3-642-22012-8_36,Liveness-Preserving Atomicity Abstraction,include-closest,,10.1007/978-3-642-22012-8_36,
255,132,CG0255,doi:10.1007/978-3-642-23397-5_15,Progress Guarantees When Composing Lock-Free Objects,include-adjacent,,10.1007/978-3-642-23397-5_15,
258,133,CG0258,doi:10.1007/978-3-642-25873-2_22,On the Nature of Progress,include-context,,10.1007/978-3-642-25873-2_22,
260,134,CG0260,doi:10.1007/978-3-642-28756-5_17,Compositional Termination Proofs for Multi-threaded Programs,include-adjacent,,10.1007/978-3-642-28756-5_17,
269,135,CG0269,doi:10.1007/978-3-642-32940-1_21,Intensional and Extensional Characterisation of Global Progress in the π-Calculus,exclude-topic,,10.1007/978-3-642-32940-1_21,
280,136,CG0280,doi:10.1007/978-3-642-40184-8_17,Characterizing Progress Properties of Concurrent Objects via Contextual Refinements,include-closest,,10.1007/978-3-642-40184-8_17,
302,137,CG0302,doi:10.1007/978-3-662-54434-1_34,A Higher-Order Logic for Concurrent Termination-Preserving Refinement,include-adjacent,,10.1007/978-3-662-54434-1_34,
334,138,CG0334,doi:10.1007/s00446-004-0115-2,Lock-free dynamic hash tables with open addressing,include-adjacent,,10.1007/s00446-004-0115-2,
335,139,CG0335,doi:10.1007/s00446-007-0050-0,An optimistic approach to lock-free FIFO queues,include-adjacent,,10.1007/s00446-007-0050-0,
357,140,CG0357,doi:10.1007/s10817-016-9389-x,Automatically Proving Termination and Memory Safety for Programs with Pointer Arithmetic,exclude-topic,,10.1007/s10817-016-9389-x,
358,141,CG0358,doi:10.1007/s10817-016-9400-6,Rely-Guarantee Termination and Cost Analyses of Loops with Concurrent Interleavings,include-adjacent,,10.1007/s10817-016-9400-6,
367,142,CG0367,doi:10.1016/0020-0190(85)90056-0,Defining Liveness,include-context,,10.1016/0020-0190(85)90056-0,
384,143,CG0384,doi:10.1016/j.entcs.2008.02.016,Trace-based Derivation of a Lock-Free Queue Algorithm,include-adjacent,,10.1016/j.entcs.2008.02.016,
387,144,CG0387,doi:10.1016/j.ic.2006.10.003,A general lock-free algorithm using compare-and-swap,linked-existing,S94,10.1016/j.ic.2006.10.003,
429,145,CG0429,doi:10.1109/aswec.2009.12,Enforcing Safety and Progress Properties: An Approach to Concurrent Program Derivation,include-adjacent,,10.1109/aswec.2009.12,
435,146,CG0435,doi:10.1109/icpads.2000.857731,A practical nonblocking queue algorithm using compare-and-swap,include-adjacent,,10.1109/icpads.2000.857731,
474,147,CG0474,doi:10.1145/1007912.1007945,DCAS is not a silver bullet for nonblocking algorithm design,include-adjacent,,10.1145/1007912.1007945,
476,148,CG0476,doi:10.1145/1011767.1011773,Bringing practical lock-free synchronization to 64-bit applications,include-adjacent,,10.1145/1011767.1011773,
485,149,CG0485,doi:10.1145/1062247.1062249,Nonblocking memory management support for dynamic-sized data structures,include-adjacent,,10.1145/1062247.1062249,
491,150,CG0491,doi:10.1145/113379.113400,Lock-free garbage collection for multiprocessors,include-adjacent,,10.1145/113379.113400,
492,151,CG0492,doi:10.1145/114005.102808,Wait-free synchronization,include-context,,10.1145/114005.102808,
500,152,CG0500,doi:10.1145/1250734.1250771,Proving thread termination,include-context,,10.1145/1250734.1250771,
504,153,CG0504,doi:10.1145/1328438.1328459,Proving non-termination,exclude-topic,,10.1145/1328438.1328459,
506,154,CG0506,doi:10.1145/135419.135446,Performance issues in non-blocking synchronization on shared-memory multiprocessors,include-context,,10.1145/135419.135446,
508,155,CG0508,doi:10.1145/137097.137873,Locking without blocking: making lock based concurrent data structure algorithms nonblocking,include-adjacent,,10.1145/137097.137873,
516,156,CG0516,doi:10.1145/142111.964561,A Lock-Free Multiprocessor OS Kernel,include-context,,10.1145/142111.964561,
535,157,CG0535,doi:10.1145/165231.165265,A method for implementing lock-free shared-data structures,linked-existing,S146,10.1145/165231.165265,
553,158,CG0553,doi:10.1145/1941487.1941509,Proving program termination,exclude-topic,,10.1145/1941487.1941509,
555,159,CG0555,doi:10.1145/197917.197975,A performance evaluation of lock-free synchronization protocols,exclude-topic,,10.1145/197917.197975,
566,160,CG0566,doi:10.1145/224964.224988,Lock-free linked lists using compare-and-swap,include-adjacent,,10.1145/224964.224988,
568,161,CG0568,doi:10.1145/2312005.2312016,A lock-free B+tree,include-adjacent,,10.1145/2312005.2312016,
579,162,CG0579,doi:10.1145/248052.248106,"Simple, fast, and practical non-blocking and blocking concurrent queue algorithms",linked-existing,S161,10.1145/248052.248106,
580,163,CG0580,doi:10.1145/2483852.2483868,Proving the correctness of nonblocking data structures,exclude-secondary,,10.1145/2483852.2483868,
590,164,CG0590,doi:10.1145/259380.259442,Practical implementations of non-blocking synchronization primitives,linked-existing,S148,10.1145/259380.259442,
631,165,CG0631,doi:10.1145/2928275.2928285,"Versioned Programming: A Simple Technique for Implementing Efficient, Lock-Free, and Composable Data Structures",include-adjacent,,10.1145/2928275.2928285,
644,166,CG0644,doi:10.1145/3018610.3018623,Automatic cyclic termination proofs for recursive procedures in separation logic,exclude-topic,,10.1145/3018610.3018623,
653,167,CG0653,doi:10.1145/3141879,Project snowflake: non-blocking safe manual memory management in .NET,include-adjacent,,10.1145/3141879,
656,168,CG0656,doi:10.1145/3158108,Progress of concurrent objects with partial methods,include-adjacent,,10.1145/3158108,
657,169,CG0657,doi:10.1145/3158114,Reducing liveness to safety in first-order logic,include-context,,10.1145/3158114,
663,170,CG0663,doi:10.1145/3178487.3178490,A persistent lock-free queue for non-volatile memory,include-adjacent,,10.1145/3178487.3178490,
666,171,CG0666,doi:10.1145/3192366.3192405,Advanced automata-based algorithms for program termination checking,exclude-topic,,10.1145/3192366.3192405,
718,172,CG0718,doi:10.1145/3428224,The anchor verifier for blocking and non-blocking concurrent software,include-adjacent,,10.1145/3428224,
723,173,CG0723,doi:10.1145/3434294,Transfinite step-indexing for termination,include-context,,10.1145/3434294,
739,174,CG0739,doi:10.1145/3477082,TaDA Live: Compositional Reasoning for Termination of Fine-grained Concurrent Programs,linked-existing,A24,10.1145/3477082,
741,175,CG0741,doi:10.1145/3485508,Specifying and testing GPU workgroup progress models,include-context,,10.1145/3485508,
755,176,CG0755,doi:10.1145/3533724,wfspan: Wait-free Dynamic Memory Management,include-adjacent,,10.1145/3533724,
768,177,CG0768,doi:10.1145/357172.357178,Proving Liveness Properties of Concurrent Programs,include-context,,10.1145/357172.357178,
779,178,CG0779,doi:10.1145/359138.359142,Proving termination with multiset orderings,exclude-topic,,10.1145/359138.359142,
791,179,CG0791,doi:10.1145/3622827,Modular Verification of Safe Memory Reclamation in Concurrent Separation Logic,linked-existing,S34,10.1145/3622827,
801,180,CG0801,doi:10.1145/3632889,Deadlock-Free Separation Logic: Linearity Yields Progress for Dependent Higher-Order Message Passing,exclude-topic,,10.1145/3632889,
811,181,CG0811,doi:10.1145/3689720,Non-termination Proving at Scale,exclude-topic,,10.1145/3689720,
827,182,CG0827,doi:10.1145/3729250,Nola: Later-Free Ghost State for Verifying Termination in Iris,linked-existing,S24,10.1145/3729250,
843,183,CG0843,doi:10.1145/378580.378611,"A simple, fast and scalable non-blocking concurrent FIFO queue for shared memory multiprocessor systems",include-adjacent,,10.1145/378580.378611,
850,184,CG0850,doi:10.1145/383962.384054,Correction: practical implementations of non-blocking synchronization primitives,exclude-duplicate,,10.1145/383962.384054,
862,185,CG0862,doi:10.1145/564870.564881,High performance dynamic lock-free hash tables and list-based sets,include-adjacent,,10.1145/564870.564881,
865,186,CG0865,doi:10.1145/571825.571847,Dynamic-sized lock-free data structures,include-adjacent,,10.1145/571825.571847,
897,187,CG0897,doi:10.2168/lmcs-2(1:6)2006,Extending the theory of Owicki and Gries with a logic of progress,include-context,,10.2168/lmcs-2(1:6)2006,
907,188,CG0907,doi:10.23919/fmcad.2018.8603020,Rely-Guarantee Reasoning for Automated Bound Analysis of Lock-Free Algorithms,linked-existing,S40,10.23919/fmcad.2018.8603020,
916,189,CG0916,doi:10.3217/jucs-015-01-0072,Reasoning about Nonblocking Concurrency,include-adjacent,,10.3217/jucs-015-01-0072,
931,190,CG0931,doi:10.4230/lipics.disc.2021.14,Fast Nonblocking Persistence for Concurrent Data Structures,include-adjacent,,10.4230/lipics.disc.2021.14,
934,191,CG0934,doi:10.4230/lipics.ecoop.2017.6,Relaxed Linear References for Lock-free Data Structures,include-adjacent,,10.4230/lipics.ecoop.2017.6,
957,192,CG0957,s2:091093f013e41ca47c276cae1c368f0519285948,Verifying Wait-Freedom for Concurrent 1 Higher-Order Programs 2,exclude-duplicate,,,
961,193,CG0961,s2:0fff604667f24050e85f13f97d93197f729dcccc,Verifying Wait-Freedom for Concurrent Higher-Order Programs,linked-existing,S23,,
973,194,CG0973,s2:25b6d1934482b62ba0dc795a31f96a6f09ef4107,14th International Workshop on Termination (WST 2014),exclude-secondary,,,
975,195,CG0975,s2:288f1ca075c70a3b8bfaffe58830797fbeb4523e,LOLCAT : Relaxed Linear References for Lock-free Programming,exclude-duplicate,,,
976,196,CG0976,s2:2a376862a924258aae2be84db30772e6e96baf12,"Preprint – March 28 , 2013 Quantitative Reasoning for Proving Lock-Freedom",exclude-duplicate,,,
982,197,CG0982,s2:3a4fbfa585c99a71a1412206a4a2be67a1f3af8a,Local rely-guarantee conditions for linearizability and lock-freedom,linked-existing,S20/PA16,,
989,198,CG0989,s2:4f704b7a56b4fe543c8a4ebf88422428361db736,Progress guarantee for parallel programs via bounded lock-freedom,linked-existing,S42,,
990,199,CG0990,s2:51307ff8ca592d2bfe54fa76e99b3858f599eb5a,Multiprocessor-safe wait-free queue in RTSJ,include-adjacent,,,
991,200,CG0991,s2:514dc31dcf0bfee7e737f14338af6b2938abaedf,Verifying Liveness Properties of Distributed Systems via Trace Refinement in Higher-Order Concurrent Separation Logic,include-context,,,
995,201,CG0995,s2:5b02e9f1e29c7e61645274421b140870d794be80,Modelling and Verifying Non-blocking Algorithms that Use Dynamically Allocated Memory,include-adjacent,,,
997,202,CG0997,s2:5f1a07a7df5b5051e442e6962e653cdb35b6b330,A Purely Logical Approach to Program Termination,exclude-topic,,,
998,203,CG0998,s2:646d374339d26ce7202c509e4351bf951bf80ae3,Verifying linearizability and lock-freedom with temporal logic,exclude-duplicate,,,
999,204,CG0999,s2:6503d01beaaac8044d377313a7b43126697d7922,"Th E pro Gr Am Te R M in Atio N Problem, Also Known Proving Program Termination Key Insights",exclude-secondary,,,
1003,205,CG1003,s2:6c9198c8341241e65cdc47203e9e287e0c2d6f4a,"Liveness with (0, 1, ∞)-counter abstraction",include-context,,,
1006,206,CG1006,s2:70e12a010c8b2d96079e3b55724958fa1fe75f9d,Anvil: Verifying Liveness of Cluster Management Controllers,exclude-topic,,,
1011,207,CG1011,s2:78e47b768c784fcb15004bab48e24f80fdad579e,A Lock-Free,exclude-topic,,,
1018,208,CG1018,s2:88085676d6f9c1903d25eac49d4eb2a9e324d71f,Practical lock-freedom,include-closest,,,
1021,209,CG1021,s2:8bb6cc5b39fce72a241465e03b9c90aad83d1087,Verifying Michael and Scott ’ s Lock-Free Queue Algorithm using Trace Reduction,include-adjacent,,,
1030,210,CG1030,s2:9d8caec3d6b4afc02588fcf5233d2d7615dbd072,Verifying Termination of Busy-Waiting,exclude-duplicate,,,
1033,211,CG1033,s2:a4a3acda86449bcaff66439a6ecd7e5e25852798,Non-Blocking Algorithms and Preemption-Safe Locking on Multiprogrammed Shared Memory Multiprocessors,include-adjacent,,,
1035,212,CG1035,s2:a9091ef790788c5d252cad94dd6862adf457e073,Implementing Lock-Free Queues,include-adjacent,,,
1036,213,CG1036,s2:a92a1f0bfbfa8adbddea36cfc51e172b444a5b04,Evaluation of Task Scheduling Algorithms and Wait-Free Data Structures for Embedded Multi-Core Systems,exclude-topic,,,
1043,214,CG1043,s2:b4745ad88028a7b904380704b17a13181c15af4a,A Lock-free B,exclude-topic,,,
1045,215,CG1045,s2:b787e4cf1da494969dd21a57e7b5e2c1132a4fff,Ghost Signals: Verifying Termination of Busy-Waiting,exclude-duplicate,,,
1063,216,CG1063,s2:ea7fc6f5b0d77f207285cda139fff36de4d06ab5,Ghost Signals: Verifying Termination of Busy Waiting (Technical Report),exclude-duplicate,,,
1069,217,CG1069,s2:fb197d49a0fa49b82b1f6947bc876ccdea68f76f,Commutativity For Concurrent Program Termination Proofs (Extended Version),exclude-duplicate,,,
1093,218,CG1093,unknown:semanticscholar:cs004:references:0:44,2022. New subcategory: Termination concurrent,exclude-secondary,,,
1114,219,CG1114,unknown:semanticscholar:cs010:references:0:38,"A Higher-Order, Relational Concurrent Separation Logic for Liveness 125:27 Languages (Philadelphia, PA, USA) (",exclude-duplicate,,,
1115,220,CG1115,unknown:semanticscholar:cs010:references:0:39,"Lilo facilitates inter-/intra-thread modular liveness reasoning through abstractions called progress credits , obligation list , and promises (addresses (P5)",exclude-duplicate,,,
1117,221,CG1117,unknown:semanticscholar:cs010:references:0:41,"Lilo extends beyond termination to prove general liveness properties, including those involving non-termination, through refinement proofs between concurrent programs (addresses (P2))",exclude-duplicate,,,
1120,222,CG1120,unknown:semanticscholar:cs011:references:0:36,"2026a. Artifact for the ""Lawyer: Modular Obligations-Based Liveness Reasoning in Higher-Order Impredicative Concurrent Separation Logic""",exclude-duplicate,,,
1154,223,CG1154,unknown:semanticscholar:cs028:references:0:48,"We reduce rely-guarantee bound analysis of concurrent pointer programs to bound analysis of sequential integer programs, and obtain an algorithm for bound analysis of lock-free algorithms",exclude-duplicate,,,
1158,224,CG1158,unknown:semanticscholar:cs030:references:0:187,Almost wait-free resizable hashtable,include-adjacent,,,
1160,225,CG1160,unknown:semanticscholar:cs030:references:0:208,A nonblocking Compare-and-Swap algorithm for a shared circular queue,include-adjacent,,,
8,226,CG0008,arxiv:2001.10022,Actor-Based Model Checking for SDN Networks,exclude-topic,,,
16,227,CG0016,arxiv:2309.03642,Formal Verification of Chase-Lev Deque in Concurrent Separation Logic,include-adjacent,,10.48550/arxiv.2309.03642,
22,228,CG0022,arxiv:2407.20559,Practical Rely/Guarantee Verification of an Efficient Lock for seL4 on Multicore Architectures,include-adjacent,,10.48550/arxiv.2407.20559,
27,229,CG0027,arxiv:2605.01124,Practical Formal Verification for MLIR Programs,exclude-topic,,10.48550/arxiv.2605.01124,
31,230,CG0031,arxiv:2607.18727,Formal Verification of an Out-of-Order Multiprocessor against an In-Order Weak-Memory ISA,include-context,,,
42,231,CG0042,doi:10.1007/10703.1572-8102,Formal methods in system design,exclude-secondary,,10.1007/10703.1572-8102,
43,232,CG0043,doi:10.1007/10722468_2,Using Garbage Collection in Model Checking,exclude-topic,,10.1007/10722468_2,
45,233,CG0045,doi:10.1007/11526841_32,Automatic Symmetry Detection for Model Checking Using Computational Group Theory,exclude-topic,,10.1007/11526841_32,
52,234,CG0052,doi:10.1007/11784180_29,A Computational Group Theoretic Symmetry Reduction Package for the Spin Model Checker,exclude-topic,,10.1007/11784180_29,
60,235,CG0060,doi:10.1007/11921240_13,Thread-Modular Verification Is Cartesian Abstract Interpretation,include-context,,10.1007/11921240_13,
65,236,CG0065,doi:10.1007/3-540-11494-7_22,Specification and verification of concurrent systems in CESAR,include-context,,10.1007/3-540-11494-7_22,
74,237,CG0074,doi:10.1007/3-540-44829-2_14,Thread-Modular Model Checking,include-context,,10.1007/3-540-44829-2_14,
80,238,CG0080,doi:10.1007/3-540-45620-1_35,Lazy Theorem Proving for Bounded Model Checking over Infinite Domains,exclude-topic,,10.1007/3-540-45620-1_35,
81,239,CG0081,doi:10.1007/3-540-45841-7_51,A Parametric Analysis of the State Explosion Problem in Model Checking,exclude-topic,,10.1007/3-540-45841-7_51,
82,240,CG0082,doi:10.1007/3-540-45927-8_19,Thread-Modular Verification for Shared-Memory Programs,include-context,,10.1007/3-540-45927-8_19,
84,241,CG0084,doi:10.1007/3-540-46017-9_5,Symmetry Reduction Criteria for Software Model Checking,exclude-topic,,10.1007/3-540-46017-9_5,
88,242,CG0088,doi:10.1007/3-540-49059-0_14,Symbolic Model Checking without BDDs,exclude-topic,,10.1007/3-540-49059-0_14,
92,243,CG0092,doi:10.1007/3-540-58201-0_78,Undecidable Verification Problems for Programs with Unreliable Channels,exclude-topic,,10.1007/3-540-58201-0_78,
93,244,CG0093,doi:10.1007/3-540-60761-7,Partial-Order Methods for the Verification of Concurrent Systems,include-context,,10.1007/3-540-60761-7,
97,245,CG0097,doi:10.1007/978-0-387-34878-0_13,An improvement in formal verification,exclude-topic,,10.1007/978-0-387-34878-0_13,
98,246,CG0098,doi:10.1007/978-0-387-34892-6_1,Simple on-the-fly automatic verification of linear temporal logic,exclude-topic,,10.1007/978-0-387-34892-6_1,
106,247,CG0106,doi:10.1007/978-1-4615-3190-6,Symbolic model checking,exclude-secondary,,10.1007/978-1-4615-3190-6,
130,248,CG0130,doi:10.1007/978-3-030-99336-8_8,The Trusted Computing Base of the CompCert Verified Compiler,exclude-topic,,10.1007/978-3-030-99336-8_8,
132,249,CG0132,doi:10.1007/978-3-031-08166-8_20,Software & System Verification with KIV,exclude-secondary,,10.1007/978-3-031-08166-8_20,
150,250,CG0150,doi:10.1007/978-3-031-90660-2_9,Improvements in Software Verification and Witness Validation: SV-COMP 2025,exclude-secondary,,10.1007/978-3-031-90660-2_9,
161,251,CG0161,doi:10.1007/978-3-319-10575-8,Handbook of Model Checking,exclude-secondary,,10.1007/978-3-319-10575-8,
163,252,CG0163,doi:10.1007/978-3-319-13338-6_1,Using Coarse-Grained Abstractions to Verify Linearizability on TSO Architectures,include-adjacent,,10.1007/978-3-319-13338-6_1,
165,253,CG0165,doi:10.1007/978-3-319-22102-1_9,Machine-Checked Verification of the Correctness and Amortized Complexity of an Efficient Union-Find Implementation,exclude-topic,,10.1007/978-3-319-22102-1_9,
167,254,CG0167,doi:10.1007/978-3-319-33693-0_13,Towards a Thread-Local Proof Technique for Starvation Freedom,include-adjacent,,10.1007/978-3-319-33693-0_13,
173,255,CG0173,doi:10.1007/978-3-319-63390-9_4,Automated Resource Analysis with Coq Proof Objects,exclude-topic,,10.1007/978-3-319-63390-9_4,
182,256,CG0182,doi:10.1007/978-3-319-89884-1_19,A Fistful of Dollars: Formalizing Asymptotic Complexity Claims via Deductive Program Verification,exclude-topic,,10.1007/978-3-319-89884-1_19,
188,257,CG0188,doi:10.1007/978-3-319-95582-7_33,SDN-Actors: Modeling and Verification of SDN Programs,exclude-topic,,10.1007/978-3-319-95582-7_33,
202,258,CG0202,doi:10.1007/978-3-540-39724-3_20,On Combining Symmetry Reduction and Symbolic Representation for Efficient Model Checking,exclude-topic,,10.1007/978-3-540-39724-3_20,
221,259,CG0221,doi:10.1007/978-3-540-85114-1_11,Tackling Large Verification Problems with the Swarm Tool,exclude-topic,,10.1007/978-3-540-85114-1_11,
227,260,CG0227,doi:10.1007/978-3-642-02652-2_21,Experience with Model Checking Linearizability,include-adjacent,,10.1007/978-3-642-02652-2_21,
233,261,CG0233,doi:10.1007/978-3-642-05089-3_21,Model Checking Linearizability via Refinement,include-closest,,10.1007/978-3-642-05089-3_21,
257,262,CG0257,doi:10.1007/978-3-642-25379-9_19,Verification of Scalable Synchronous Queue,linked-existing,S84,10.1007/978-3-642-25379-9_19,
262,263,CG0262,doi:10.1007/978-3-642-28891-3_2,Verified Software Toolchain,include-context,,10.1007/978-3-642-28891-3_2,
267,264,CG0267,doi:10.1007/978-3-642-31762-0,Formal Verification of Object-Oriented Software,exclude-secondary,,10.1007/978-3-642-31762-0,
293,265,CG0293,doi:10.1007/978-3-662-48653-5_25,Modular Verification of Concurrency-Aware Linearizability,include-adjacent,,10.1007/978-3-662-48653-5_25,
304,266,CG0304,doi:10.1007/978-94-010-0413-8_9,Abstractions and Reductions in Model Checking,exclude-secondary,,10.1007/978-94-010-0413-8_9,
308,267,CG0308,doi:10.1007/bf00268134,An axiomatic proof technique for parallel programs I,include-context,,10.1007/bf00268134,
310,268,CG0310,doi:10.1007/bf00625968,Better verification through symmetry,exclude-topic,,10.1007/bf00625968,
311,269,CG0311,doi:10.1007/bf00625969,Exploiting symmetry in temporal logic model checking,exclude-topic,,10.1007/bf00625969,
312,270,CG0312,doi:10.1007/bf00625970,Symmetry and model checking,exclude-topic,,10.1007/bf00625970,
315,271,CG0315,doi:10.1007/bf01384313,Property preserving abstractions for the verification of concurrent systems,include-context,,10.1007/bf01384313,
320,272,CG0320,doi:10.1007/bfb0055036,Algorithmic Verification of Linear Temporal Logic Specifications,exclude-topic,,10.1007/bfb0055036,
322,273,CG0322,doi:10.1007/s00165-006-0002-7,Verifying data refinements using a model checker,include-context,,10.1007/s00165-006-0002-7,
325,274,CG0325,doi:10.1007/s00165-014-0310-2,Balancing expressiveness in formal approaches to concurrency,include-context,,10.1007/s00165-014-0310-2,
331,275,CG0331,doi:10.1007/s00236-016-0275-0,Stateless model checking for TSO and PSO,linked-existing,S119,10.1007/s00236-016-0275-0,
337,276,CG0337,doi:10.1007/s10009-004-0154-9,Symmetry reductions for model checking of concurrent dynamic software,exclude-topic,,10.1007/s10009-004-0154-9,
339,277,CG0339,doi:10.1007/s10009-011-0211-0,Deductive software verification,exclude-secondary,,10.1007/s10009-011-0211-0,
341,278,CG0341,doi:10.1007/s10009-016-0415-4,An integrated specification and verification technique for highly concurrent data structures,linked-existing,S170,10.1007/s10009-016-0415-4,
342,279,CG0342,doi:10.1007/s10009-020-00559-y,Automating deductive verification for weak-memory programs (extended version),include-adjacent,,10.1007/s10009-020-00559-y,
343,280,CG0343,doi:10.1007/s100090050041,"Issues in slicing PROMELA and its applications to model checking, protocol understanding, and simulation",exclude-topic,,10.1007/s100090050041,
346,281,CG0346,doi:10.1007/s10472-016-9531-9,Parametrized verification diagrams: temporal verification of symmetric parametrized concurrent systems,include-context,,10.1007/s10472-016-9531-9,
347,282,CG0347,doi:10.1007/s10703-005-2246-x,Combining Symmetry Reduction and Under-Approximation for Symbolic Model Checking,exclude-topic,,10.1007/s10703-005-2246-x,
352,283,CG0352,doi:10.1007/s10703-023-00427-w,Concise outlines for a complex logic: a proof outline checker for TaDA,include-adjacent,,10.1007/s10703-023-00427-w,
354,284,CG0354,doi:10.1007/s10703-024-00462-1,A verified durable transactional mutex lock for persistent x86-TSO,include-adjacent,,10.1007/s10703-024-00462-1,
361,285,CG0361,doi:10.1007/s10817-018-9496-y,CompCertS: A Memory-Aware Verified C Compiler Using a Pointer as Integer Semantics,exclude-topic,,10.1007/s10817-018-9496-y,
364,286,CG0364,doi:10.1007/s12652-021-03454-9,Formal design and verification of system task in intelligent transportation systems based on micro-kernel architecture,exclude-topic,,10.1007/s12652-021-03454-9,
368,287,CG0368,doi:10.1016/0020-0190(86)90071-2,Limits for Automatic Verification of Finite-State Concurrent Systems,include-context,,10.1016/0020-0190(86)90071-2,
369,288,CG0369,doi:10.1016/0167-6423(87)90029-3,A Hoare-Like Proof System for Analysing the Computation Time of Programs,exclude-topic,,10.1016/0167-6423(87)90029-3,
370,289,CG0370,doi:10.1016/0167-6423(87)90036-0,Modalities for Model Checking: Branching Time Logic Strikes Back,exclude-topic,,10.1016/0167-6423(87)90036-0,
379,290,CG0379,doi:10.1016/j.cl.2004.02.002,Employing symmetry reductions in model checking,exclude-topic,,10.1016/j.cl.2004.02.002,
390,291,CG0390,doi:10.1016/j.jlamp.2020.100617,Actor-based model checking for Software-Defined Networks,exclude-topic,,10.1016/j.jlamp.2020.100617,
396,292,CG0396,doi:10.1016/j.scico.2024.103227,"Verification of forward simulations with thread-local, step-local proof obligations",include-adjacent,,10.1016/j.scico.2024.103227,
397,293,CG0397,doi:10.1016/j.sysarc.2023.103046,"<mml:math xmlns:mml=""http://www.w3.org/1998/Math/MathML"" display=""inline"" id=""d1e861"" altimg=""si142.svg""><mml:mi mathvariant=""sans-serif"">ThreadAbs</mml:mi></mml:math>: A template to build verified thread-local interfaces with software scheduler abstractions",include-context,,10.1016/j.sysarc.2023.103046,
398,294,CG0398,doi:10.1016/j.sysarc.2023.103049,SimplMM: A simplified and abstract multicore hardware model for large scale system software formal verification,include-context,,10.1016/j.sysarc.2023.103049,
409,295,CG0409,doi:10.1016/s1571-0661(05)80387-1,Different directions in parallel and distributed model checking (invited talk),exclude-secondary,,10.1016/s1571-0661(05)80387-1,
425,296,CG0425,doi:10.1109/32.588521,The Model Checker SPIN,include-context,,10.1109/32.588521,
428,297,CG0428,doi:10.1109/ase.2001.989811,Exploiting heap symmetries in explicit-state model checking of software,exclude-topic,,10.1109/ase.2001.989811,
430,298,CG0430,doi:10.1109/dsn.2018.00037,Branching Bisimulation and Concurrent Object Verification,include-closest,,10.1109/dsn.2018.00037,
450,299,CG0450,doi:10.1109/mahc.1984.10017,An Early Program Proof by Alan Turing,exclude-secondary,,10.1109/mahc.1984.10017,
459,300,CG0459,doi:10.1109/ssiri.2010.37,Model Checking a Lazy Concurrent List-Based Set Algorithm,include-adjacent,,10.1109/ssiri.2010.37,
464,301,CG0464,doi:10.1109/tits.2022.3224385,A Formal Approach to Design and Security Verification of Operating Systems for Intelligent Transportation Systems Based on Object Model,exclude-topic,,10.1109/tits.2022.3224385,
468,302,CG0468,doi:10.1109/tse.2007.70724,The Design of a Multicore Extension of the SPIN Model Checker,exclude-topic,,10.1109/tse.2007.70724,
475,303,CG0475,doi:10.1145/1011508.1011511,Symmetry and reduced symmetry in model checking,exclude-topic,,10.1145/1011508.1011511,
488,304,CG0488,doi:10.1145/1111037.1111042,Formal certification of a compiler back-end or: programming a compiler with a proof assistant,exclude-topic,,10.1145/1111037.1111042,
514,305,CG0514,doi:10.1145/1411203.1411226,Parametric higher-order abstract syntax for mechanized semantics,exclude-topic,,10.1145/1411203.1411226,
517,306,CG0517,doi:10.1145/143165.143235,Model checking and abstraction,include-context,,10.1145/143165.143235,
547,307,CG0547,doi:10.1145/1889997.1890001,Mechanically verified proof obligations for linearizability,include-closest,,10.1145/1889997.1890001,
582,308,CG0582,doi:10.1145/2491956.2462189,Modular verification of linearizability with non-fixed linearization points,include-adjacent,,10.1145/2491956.2462189,
586,309,CG0586,doi:10.1145/2535838.2535848,"Replicated data types: specification, verification, optimality",exclude-topic,,10.1145/2535838.2535848,
591,310,CG0591,doi:10.1145/2594291.2594301,End-to-end verification of stack-space bounds for C programs,exclude-topic,,10.1145/2594291.2594301,
596,311,CG0596,doi:10.1145/2629496,A Sound and Complete Proof Technique for Linearizability of Concurrent Data Structures,include-adjacent,,10.1145/2629496,
610,312,CG0610,doi:10.1145/2737924.2737964,Mechanized verification of fine-grained concurrent programs,include-closest,,10.1145/2737924.2737964,
619,313,CG0619,doi:10.1145/2814270.2814297,SATCheck: SAT-directed stateless model checking for SC and TSO,include-adjacent,,10.1145/2814270.2814297,
643,314,CG0643,doi:10.1145/3009837.3009883,Ogre and Pythia: an invariance proof method for weak consistency models,include-context,,10.1145/3009837.3009883,
651,315,CG0651,doi:10.1145/309847.309942,Symbolic model checking using SAT procedures instead of BDDs,exclude-topic,,10.1145/309847.309942,
654,316,CG0654,doi:10.1145/3158105,Effective stateless model checking for C/C++ concurrency,linked-existing,S120,10.1145/3158105,
689,317,CG0689,doi:10.1145/3314221.3314609,Model checking for weakly consistent libraries,linked-existing,S99,10.1145/3314221.3314609,
691,318,CG0691,doi:10.1145/3314221.3314649,Verification of programs under the release-acquire semantics,include-context,,10.1145/3314221.3314649,
694,319,CG0694,doi:10.1145/333979.333987,An automata-theoretic approach to branching-time model checking,exclude-topic,,10.1145/333979.333987,
720,320,CG0720,doi:10.1145/3428272,Do you have space for dessert? a verified space cost semantics for CakeML programs,exclude-topic,,10.1145/3428272,
727,321,CG0727,doi:10.1145/3437992.3439930,Contextual refinement of the Michael-Scott queue (proof pearl),linked-existing,S100,10.1145/3437992.3439930,
735,322,CG0735,doi:10.1145/347324.348031,Putting static analysis to work for verification: A case study,exclude-topic,,10.1145/347324.348031,
744,323,CG0744,doi:10.1145/3497775.3503677,Specification and verification of a transient stack,exclude-topic,,10.1145/3497775.3503677,
752,324,CG0752,doi:10.1145/3519939.3523432,Diaframe: automated verification of fine-grained concurrent programs in Iris,include-closest,,10.1145/3519939.3523432,
757,325,CG0757,doi:10.1145/3547628,Verified symbolic execution with Kripke specification monads (and no meta-programming),exclude-topic,,10.1145/3547628,
771,326,CG0771,doi:10.1145/3586043,Proof Automation for Linearizability in Separation Logic,include-closest,,10.1145/3586043,
804,327,CG0804,doi:10.1145/3636501.3636940,Compositional Verification of Concurrent C Programs with Search Structure Templates,include-adjacent,,10.1145/3636501.3636940,
813,328,CG0813,doi:10.1145/3689739,Fully Verified Instruction Scheduling,exclude-topic,,10.1145/3689739,
831,329,CG0831,doi:10.1145/3763091,Structural Temporal Logic for Mechanized Program Verification,include-adjacent,,10.1145/3763091,
835,330,CG0835,doi:10.1145/3764860.3768337,Modal Verification Patterns for Systems Software,exclude-secondary,,10.1145/3764860.3768337,
838,331,CG0838,doi:10.1145/3776680,Parametrised Verification of Intel-x86 Programs,include-adjacent,,10.1145/3776680,
840,332,CG0840,doi:10.1145/3776713,A Verified High-Performance Composable Object Library for Remote Direct Memory Access,linked-existing,S138,10.1145/3776713,
842,333,CG0842,doi:10.1145/3783996,A Brief History of Formal Methods in China,exclude-secondary,,10.1145/3783996,
848,334,CG0848,doi:10.1145/3808337,A Verified Parallel Scheduler for OCaml 5,include-adjacent,,10.1145/3808337,
853,335,CG0853,doi:10.1145/41840.41865,Avoiding the state explosion problem in temporal logic model checking,exclude-topic,,10.1145/41840.41865,
856,336,CG0856,doi:10.1145/504709.504712,An indexed model of recursive types for foundational proof-carrying code,exclude-topic,,10.1145/504709.504712,
859,337,CG0859,doi:10.1145/5397.5399,Automatic verification of finite-state concurrent systems using temporal logic specifications,exclude-topic,,10.1145/5397.5399,
877,338,CG0877,doi:10.1145/876638.876643,Counterexample-guided abstraction refinement for symbolic model checking,exclude-topic,,10.1145/876638.876643,
887,339,CG0887,doi:10.14279/tuj.eceasst.53.795,Proving Linearizability of Multiset with Local Proof Obligations,include-adjacent,,10.14279/tuj.eceasst.53.795,
891,340,CG0891,doi:10.17863/cam.11791,Concurrent verification for sequential programs,exclude-topic,,10.17863/cam.11791,
892,341,CG0892,doi:10.18154/rwth-2017-08297,Industrial Applications of Probabilistic Model Checking- A Model-based Approach for Embedded Networked Systems and Concurrent Data Structures -,exclude-topic,,10.18154/rwth-2017-08297,
894,342,CG0894,doi:10.20868/upm.thesis.37874,Formal Verification of Temporal Properties for Parametrized Concurrent Programs and Concurrent Data Structures,include-closest,,10.20868/upm.thesis.37874,
899,343,CG0899,doi:10.2168/lmcs-5(2:12)2009,Simulating Reachability Using First-Order Logic with Applications to Verification of Linked Data Structures,include-context,,10.2168/lmcs-5(2:12)2009,
914,344,CG0914,doi:10.31274/etd-180810-4603,Formal foundations for hybrid effect analysis,exclude-topic,,10.31274/etd-180810-4603,
932,345,CG0932,doi:10.4230/lipics.ecoop.2015.639,Modular Verification of Finite Blocking in Non-terminating Programs,include-adjacent,,10.4230/lipics.ecoop.2015.639,
939,346,CG0939,doi:10.4230/lipics.ecoop.2023.19,Exact Separation Logic: Towards Bridging the Gap Between Verification and Bug-Finding,exclude-topic,,10.4230/lipics.ecoop.2023.19,
940,347,CG0940,doi:10.4230/lipics.ecoop.2023.22,Modular Verification of State-Based CRDTs in Separation Logic,exclude-topic,,10.4230/lipics.ecoop.2023.22,
951,348,CG0951,doi:10.5381/jot.2026.25.1.a4,VeriFast's separation logic: a logic without laters for modular verification of fine-grained concurrent programs,include-adjacent,,10.5381/jot.2026.25.1.a4,
962,349,CG0962,s2:14277adc06727b66b59f208c2f481b5fb62caf39,Armed Cats: formal concurrency modelling at Arm,include-context,,,
965,350,CG0965,s2:1b6de0dbdbcc79501da0a0c16dd2005a04861368,Software Tools for Technology Transfer manuscript No. (will be inserted by the editor) Parallel and Distributed Model Checking in Eddy ⋆,exclude-topic,,,
970,351,CG0970,s2:1fa4f25ac3bfbe672ae9310c02ed0deaf93a6ed6,Decision procedures for the temporal verification of concurrent data structures,include-context,,,
972,352,CG0972,s2:25830ed2e57ad2e5e41aa0aa440d4bebd7aec79c,Modular fine-grained concurrency verification,include-closest,,,
978,353,CG0978,s2:2d464a9ba66e16392da8922328a511f3b129558a,Symbolic model checking: 1020 states and beyond,exclude-topic,,,
979,354,CG0979,s2:2fff5a0da495638b70dbecfb13f10030b6a57f48,Data Refinement: Model-oriented Proof Theories and their Comparison,exclude-secondary,,,
981,355,CG0981,s2:38f75aafbcd2aa854b1c3df3007fa89ea1090854,"Systems and Software Verification, Model-Checking Techniques and Tools",exclude-secondary,,,
984,356,CG0984,s2:3df0ab740c674dfd92e57376e9c0c5ab58f84e0e,The SPIN Model Checker : Primer and Reference Manual,exclude-secondary,,,
993,357,CG0993,s2:5808d216164a216bb1c94f184920ace13017abc6,Viper A Verification Infrastructure for Permission-Based Reasoning,include-context,,,
1002,358,CG1002,s2:6a93fb1bc6b192555da3768f1a98aeab83f2ac9b,5th International Verification Workshop - VERIFY'08,exclude-secondary,,,
1007,359,CG1007,s2:74c216da772e8c43d23db7891d96460125605a39,Property-guided verification of concurrent heap-manipulating programs,include-context,,,
1013,360,CG1013,s2:7abdd30f3bf47606d64352121b0fcd2686054ca3,LTL Model Checking for Systems with Unbounded Number of Dynamically Created Threads and Objects,include-context,,,
1022,361,CG1022,s2:8de3adb2d4548b3bf59808c18c2da8884cffdb6d,Mechanized Verification of the Correctness and Asymptotic Complexity of Programs. (Vérification mécanisée de la correction et complexité asymptotique de programmes),exclude-topic,,,
1025,362,CG1025,s2:926c7e86ff6995c0697b51f172bc37f6bb3c3b46,An Automata-Theoretic Approach to Automatic Program Verification (Preliminary Report),include-context,,,
1027,363,CG1027,s2:95a7ba7e7d8c50b466b22116a544b8bf632ffcfb,Model Checking for Stability Analysis in Rely-Guarantee Proofs,include-context,,,
1029,364,CG1029,s2:9b406452109d22e745b0958b11e5ef228561d4f3,"GoJournal: a verified, concurrent, crash-safe journaling system",exclude-topic,,,
1041,365,CG1041,s2:b0b5236f0b62c368bcde6cb588a02567afeebbf7,Shape Predicates Allow Unbounded Verification of Linearizability Using Canonical Abstraction,linked-existing,S44/PA36,,
1042,366,CG1042,s2:b0bddb28b66026be533ddb63b3e1574c97378355,Foundational and Compositional Verification of Layered Concurrent Objects,include-adjacent,,,
1046,367,CG1046,s2:b824c38819f67f9a9d2e2e77e2767be340221173,The Complexity of Temporal Logic Model Checking,exclude-topic,,,
1053,368,CG1053,s2:d2ac69c4626d5081ca399770b4eaa7759dcf5416,Formal Verification of Scalable NonZero Indicators,exclude-topic,,,
1059,369,CG1059,s2:e18daa1c33702ab0f59da63729c0067992474319,Refinement Verification of Concurrent Programs and Its Applications,include-context,,,
1062,370,CG1062,s2:e9fe69ab0651b66673bbd8c844b4b886b9a10c6e,Under Consideration for Publication in Formal Aspects of Computing Proving Linearizability with Temporal Logic,include-closest,,,
1066,371,CG1066,s2:f1269591359fddc20f95da10c7bd4c054080b447,Principles of model checking,exclude-secondary,,,
1075,372,CG1075,unknown:semanticscholar:cs001:references:0:47,Coq proof scripts and supplementary material for this paper (enclosed with submission),exclude-duplicate,,,
1128,373,CG1128,unknown:semanticscholar:cs012:references:0:43,Vardi . “ Program verification : vision and reality ”,exclude-secondary,,,
1141,374,CG1141,unknown:semanticscholar:cs023:references:0:57,2025. Formally Verified Cost of the Parallel Prefix Sum Algorithm,exclude-topic,,,
1142,375,CG1142,unknown:semanticscholar:cs026:references:0:24,2023b. Spirea: A Mechanized Concurrent Separation Logic for Weak Persistent Memory (Extended With Appendix),exclude-duplicate,,,
1155,376,CG1155,unknown:semanticscholar:cs028:references:0:49,We instantiate our proof rules to derive a novel proof rule for parameterized systems,exclude-secondary,,,
1156,377,CG1156,unknown:semanticscholar:cs030:references:0:176,"Years of Model Checking: History, Achievements, Perspectives, volume 5000 of Lecture",exclude-secondary,,,
17,378,CG0017,arxiv:2311.15250,"Rely/Guarantee, Refinement and the ABA Problem: Part 1",include-adjacent,,10.48550/arxiv.2311.15250,
275,379,CG0275,doi:10.1007/978-3-642-37036-6_15,Verifying Concurrent Memory Reclamation Algorithms with Grace,include-adjacent,,10.1007/978-3-642-37036-6_15,
876,380,CG0876,doi:10.1145/872035.872078,Efficient and practical constructions of LL/SC variables,include-adjacent,,10.1145/872035.872078,
1,381,CG0001,arxiv:1212.5116,Proving linearisability via coarse-grained abstraction,include-closest,,,
2,382,CG0002,arxiv:1410.6268,Verifying linearizability: A comparative survey,exclude-secondary,,,
3,383,CG0003,arxiv:1512.09186,Collapsing Threads Safely with Soft Invariants,include-closest,,,
4,384,CG0004,arxiv:1606.01400,Operational Aspects of C/C++ Concurrency,include-adjacent,,,
6,385,CG0006,arxiv:1609.07546,Proving Linearizability via Branching Bisimulation,exclude-duplicate,,,
7,386,CG0007,arxiv:1701.06104,Verifying Concurrent Stacks by Divergence-Sensitive Bisimulation,include-closest,,,
11,387,CG0011,arxiv:2206.01784,Onesweep: A Faster Least Significant Digit Radix Sort for GPUs,exclude-topic,,10.48550/arxiv.2206.01784,
12,388,CG0012,arxiv:2208.00315,Implementing and Verifying Release-Acquire Transactional Memory (Extended Version),exclude-duplicate,,10.48550/arxiv.2208.00315,
15,389,CG0015,arxiv:2306.01614,Specifying and Verifying Persistent Libraries,include-adjacent,,10.48550/arxiv.2306.01614,
18,390,CG0018,arxiv:2311.17037,Concurrent Stochastic Lossy Channel Games,exclude-topic,,10.48550/arxiv.2311.17037,
