query_id,family_id,provider,query_text,purpose
OA01,Q01,openalex,"(""Treiber stack"" OR ""Treiber's stack"") AND (fairness OR liveness OR progress OR termination OR ""lock freedom"")","Treiber progress and termination results"
OA02,Q02,openalex,"(""Treiber stack"" OR ""lock free stack"") AND (C11 OR RC11 OR iRC11 OR ""weak memory"" OR ""relaxed memory"")","Treiber under weak or relaxed memory"
OA03,Q03,openalex,"Treiber AND (RC11 OR iRC11) AND (liveness OR progress OR fairness OR termination)","Direct RC11-family Treiber liveness"
OA04,Q04,openalex,"(""weak CAS"" OR ""weak compare and exchange"" OR ""weak compare exchange"" OR compare_exchange_weak) AND (fairness OR justice OR progress OR termination)","Weak-CAS primitive fairness"
OA05,Q05,openalex,"(compare_exchange_weak OR ""spurious failure"") AND (liveness OR progress OR termination OR ""lock freedom"")","Spurious failure in progress proofs"
OA06A,Q06,openalex,"""spurious failure"" AND (""compare exchange"" OR ""compare and swap"" OR ""weak CAS"")","Broad spurious-CAS terminology"
OA06B,Q06,openalex,"spuriously AND (""compare exchange"" OR ""compare and swap"")","Alternate spurious-CAS terminology"
OA07,Q07,openalex,"(""memory fairness"" OR ""memory fair"") AND (CAS OR RMW OR ""read modify write"")","Memory fairness with atomic RMWs"
OA08,Q08,openalex,"""thread fairness"" AND ""memory fairness"" AND (CAS OR Treiber)","Separated scheduler and memory fairness"
OA09,Q09,openalex,"(""prefix finite"" OR ""prefix-finite"") AND (""from read"" OR ""from-read"" OR RC11 OR ""memory fairness"")","Declarative memory-fairness terminology"
OA10,Q10,openalex,"(mechanized OR formalized OR verified) AND (""Treiber stack"" OR ""Treiber's stack"") AND (liveness OR ""lock freedom"" OR progress OR termination) AND (C11 OR RC11 OR ""weak memory"" OR ""relaxed memory"")","Mechanized relaxed-memory Treiber progress"
OA11,Q11,openalex,"(Lean OR Coq OR Rocq OR Isabelle OR Iris) AND (""Treiber stack"" OR ""Treiber's stack"") AND (liveness OR progress OR termination OR ""weak memory"")","Proof-assistant Treiber liveness"
OA12,Q12,openalex,"(""weak CAS fairness"" OR ""CAS justice"" OR ""weak compare exchange fairness"")","Exact primitive-justice wording"
OA13,Q13,openalex,"Treiber AND linearizability AND (RC11 OR C11 OR ""weak memory"" OR ""relaxed memory"")","Relaxed-memory Treiber safety composition"
OA14,Q14,openalex,"(""fair recurrence"" OR ""fair operational semantics"" OR ""weak memory liveness"") AND (CAS OR RMW OR Treiber)","Generic fairness frameworks that may subsume the result"
OA15,Q15,openalex,"(""concurrent stack"" OR Treiber) AND (termination OR ""total correctness"") AND (CAS OR ""compare and swap"" OR ""compare and set"")","Strong-CAS stack termination prior art"
OA16,Q16,openalex,"(""all spurious"" OR ""all-spurious"") AND (CAS OR ""compare exchange"")","Explicit all-spurious counterexecutions"
OA17,SEED,openalex,"""Making Weak Memory Models Fair""","Exact-title seed"
OA18,SEED,openalex,"""Fair Operational Semantics""","Exact-title seed"
OA19,SEED,openalex,"""Overcoming Memory Weakness with Unified Fairness""","Exact-title seed"
OA20,SEED,openalex,"""Unified Fairness for Weak Memory Verification""","Exact-title seed"
OA21,SEED,openalex,"""Recurrence Sets for Proving Fair Non-termination under Axiomatic Memory Consistency Models""","Exact-title seed"
OA22,SEED,openalex,"""Towards Proving Liveness on Weak Memory""","Exact-title seed"
OA23,SEED,openalex,"""The Compass: Verifying Concurrent Programs under Relaxed Memory""","Exact-title seed"
OA24,SEED,openalex,"""A Proof Recipe for Linearizability in Relaxed Memory Separation Logic""","Exact-title seed"
OA25,SEED,openalex,"""Lilo: A Higher-Order, Relational Concurrent Separation Logic for Liveness""","Exact-title seed"
OA26,SEED,openalex,"""Lawyer: Modular Obligations-Based Liveness Reasoning in Higher-Order Impredicative Concurrent Separation Logic""","Exact-title seed"
OA27,SEED,openalex,"""Modular Termination Verification for Non-blocking Concurrency""","Exact-title seed"
OA28,SEED,openalex,"""Modular Termination Verification with a Higher-Order Concurrent Separation Logic""","Exact-title seed"
S201,Q01,semanticscholar,"(""Treiber stack""|""Treiber's stack"")+(fairness|liveness|progress|termination|""lock freedom"")","Treiber progress and termination results"
S202,Q02,semanticscholar,"(""Treiber stack""|""lock free stack"")+(C11|RC11|iRC11|""weak memory""|""relaxed memory"")","Treiber under weak or relaxed memory"
S203,Q03,semanticscholar,"Treiber+(RC11|iRC11)+(liveness|progress|fairness|termination)","Direct RC11-family Treiber liveness"
S204,Q04,semanticscholar,"(""weak CAS""|""weak compare and exchange""|""weak compare exchange""|compare_exchange_weak)+(fairness|justice|progress|termination)","Weak-CAS primitive fairness"
S205,Q05,semanticscholar,"(compare_exchange_weak|""spurious failure"")+(liveness|progress|termination|""lock freedom"")","Spurious failure in progress proofs"
S206,Q06,semanticscholar,"""spurious failure""+(""compare exchange""|""compare and swap""|""weak CAS"")","Broad spurious-CAS terminology"
S207,Q07,semanticscholar,"(""memory fairness""|""memory fair"")+(CAS|RMW|""read modify write"")","Memory fairness with atomic RMWs"
S208,Q08,semanticscholar,"""thread fairness""+""memory fairness""+(CAS|Treiber)","Separated scheduler and memory fairness"
S209,Q09,semanticscholar,"(""prefix finite""|""prefix-finite"")+(""from read""|""from-read""|RC11|""memory fairness"")","Declarative memory-fairness terminology"
S210,Q10,semanticscholar,"(mechanized|formalized|verified)+(""Treiber stack""|""Treiber's stack"")+(liveness|""lock freedom""|progress|termination)+(C11|RC11|""weak memory""|""relaxed memory"")","Mechanized relaxed-memory Treiber progress"
S211,Q11,semanticscholar,"(Lean|Coq|Rocq|Isabelle|Iris)+(""Treiber stack""|""Treiber's stack"")+(liveness|progress|termination|""weak memory"")","Proof-assistant Treiber liveness"
S212,Q12,semanticscholar,"""weak CAS fairness""|""CAS justice""|""weak compare exchange fairness""","Exact primitive-justice wording"
S213,Q13,semanticscholar,"Treiber+linearizability+(RC11|C11|""weak memory""|""relaxed memory"")","Relaxed-memory Treiber safety composition"
S214,Q14,semanticscholar,"(""fair recurrence""|""fair operational semantics""|""weak memory liveness"")+(CAS|RMW|Treiber)","Generic fairness frameworks that may subsume the result"
S215,Q15,semanticscholar,"(""concurrent stack""|Treiber)+(termination|""total correctness"")+(CAS|""compare and swap""|""compare and set"")","Strong-CAS stack termination prior art"
S216,Q16,semanticscholar,"(""all spurious""|""all-spurious"")+(CAS|""compare exchange"")","Explicit all-spurious counterexecutions"
D01,Q01,dblp,"treiber$ stack$","Broad Treiber bibliography"
D02,Q01,dblp,"treiber$ liveness$","Treiber liveness"
D03,Q01,dblp,"treiber$ progress$","Treiber progress"
D04,Q01,dblp,"treiber$ fairness$","Treiber fairness"
D05,Q01,dblp,"treiber$ termination$","Treiber termination"
D06,Q15,dblp,"treiber$ total$ correctness$","Treiber total correctness"
D07,Q01,dblp,"lock-free$ stack$ liveness$","Lock-free stack liveness"
D08,Q15,dblp,"lock-free$ stack$ termination$","Lock-free stack termination"
D09,Q03,dblp,"rc11$ liveness$","RC11 liveness"
D10,Q04,dblp,"weak$ cas$","Weak CAS"
D11,Q04,dblp,"compare-and-exchange$ weak$","Weak compare-and-exchange"
D12,Q06,dblp,"spurious$ failure$","Spurious failure"
D13,Q07,dblp,"memory$ fairness$","Memory fairness"
D14,Q08,dblp,"thread$ fairness$ memory$ fairness$","Separated scheduler and memory fairness"
D15,Q09,dblp,"prefix-finite$ fairness$","Prefix-finite fairness"
D16,Q14,dblp,"fair$ operational$ semantics$","Fair operational semantics"
D17,Q15,dblp,"concurrent$ stack$ termination$","Concurrent-stack termination"
D18,Q15,dblp,"compare-and-set$ termination$","Compare-and-set termination"
D19,SEED,dblp,"making$ weak$ memory$ models$ fair$","Exact-word seed"
D20,SEED,dblp,"recurrence$ sets$ fair$ non-termination$ axiomatic$ memory$","Exact-word seed"
D21,SEED,dblp,"lilo$ higher-order$ relational$ concurrent$ separation$ logic$ liveness$","Exact-word seed"
D22,SEED,dblp,"modular$ termination$ verification$ non-blocking$ concurrency$","Exact-word seed"
A01,Q14,arxiv,"(ti:""weak memory"" OR abs:""weak memory"") AND (ti:fairness OR abs:fairness OR ti:liveness OR abs:liveness OR ti:termination OR abs:termination)","Weak-memory fairness and liveness"
A02,Q01,arxiv,"ti:Treiber OR abs:Treiber","Broad Treiber bibliography without author-name collisions"
A03,Q01,arxiv,"(ti:Treiber OR abs:Treiber) AND (ti:liveness OR abs:liveness OR ti:progress OR abs:progress OR ti:termination OR abs:termination OR ti:""lock freedom"" OR abs:""lock freedom"")","Treiber progress and termination"
A04,Q04,arxiv,"ti:""weak CAS"" OR abs:""weak CAS"" OR ti:""weak compare exchange"" OR abs:""weak compare exchange"" OR ti:compare_exchange_weak OR abs:compare_exchange_weak","Weak-CAS terminology"
A05,Q07,arxiv,"ti:""memory fairness"" OR abs:""memory fairness""","Memory fairness"
A06,Q08,arxiv,"(ti:""thread fairness"" OR abs:""thread fairness"") AND (ti:""memory fairness"" OR abs:""memory fairness"")","Separated scheduler and memory fairness"
A07,Q03,arxiv,"(ti:RC11 OR abs:RC11) AND (ti:liveness OR abs:liveness OR ti:progress OR abs:progress OR ti:termination OR abs:termination)","RC11 liveness"
A08,Q06,arxiv,"(ti:""spurious failure"" OR abs:""spurious failure"") AND (ti:""compare exchange"" OR abs:""compare exchange"" OR ti:""compare and swap"" OR abs:""compare and swap"")","Spurious-CAS terminology"
A09,Q15,arxiv,"(ti:Treiber OR abs:Treiber OR ti:""concurrent stack"" OR abs:""concurrent stack"") AND (ti:termination OR abs:termination OR ti:""total correctness"" OR abs:""total correctness"")","Stack termination"
C01,SEED,crossref,"Making Weak Memory Models Fair","Resolve exact seed DOI"
C02,SEED,crossref,"Fair Operational Semantics","Resolve exact seed DOI"
C03,SEED,crossref,"Overcoming Memory Weakness with Unified Fairness","Resolve exact seed DOI"
C04,SEED,crossref,"Recurrence Sets for Proving Fair Non-termination under Axiomatic Memory Consistency Models","Resolve exact seed DOI"
C05,SEED,crossref,"Towards Proving Liveness on Weak Memory","Resolve exact seed DOI"
C06,SEED,crossref,"The Compass Verifying Concurrent Programs under Relaxed Memory","Resolve exact seed DOI"
C07,SEED,crossref,"A Proof Recipe for Linearizability in Relaxed Memory Separation Logic","Resolve exact seed DOI"
C08,SEED,crossref,"Lilo A Higher-Order Relational Concurrent Separation Logic for Liveness","Resolve exact seed DOI"
C09,SEED,crossref,"Lawyer Modular Obligations-Based Liveness Reasoning in Higher-Order Impredicative Concurrent Separation Logic","Resolve exact seed DOI"
C10,SEED,crossref,"Modular Termination Verification for Non-blocking Concurrency","Resolve exact seed DOI"
