provider,seed_id,screening_record_id,direction,operation_status,identity_status,page_index,cursor_in,cursor_out,requested_url,final_url,retrieved_at_utc,http_status,response_date,response_etag,rate_limit_remaining,attempt_count,retry_delays_seconds,content_type,total_results,returned_results,retained_results,cumulative_results,normalization_error_count,raw_file,raw_sha256,raw_gzip_sha256,truncated,pagination_complete,coverage_note,error
semanticscholar,CS030,S44,metadata,success,verified-primary,0,,,https://api.semanticscholar.org/graph/v1/paper/DOI%3A10.26686%2Fwgtn.17004076?fields=paperId%2CcorpusId%2CexternalIds%2Curl%2Ctitle%2Cvenue%2Cyear%2CreferenceCount%2CcitationCount%2CpublicationDate%2CpublicationTypes%2Cauthors,https://api.semanticscholar.org/graph/v1/paper/DOI%3A10.26686%2Fwgtn.17004076?fields=paperId%2CcorpusId%2CexternalIds%2Curl%2Ctitle%2Cvenue%2Cyear%2CreferenceCount%2CcitationCount%2CpublicationDate%2CpublicationTypes%2Cauthors,2026-07-31T02:03:07+00:00,200,"Fri, 31 Jul 2026 02:03:06 GMT",,,1,,application/json,1,1,1,1,0,raw/cs030-metadata-p0001-semanticscholar.json.gz,2d867e21580dfdeccc26abaa53406646c4dc2bc6e7b8544b3ceb459a2726c281,55a176355a1b6d41b19519a989f64e00b0eb9d152bc9036229a9e93b807f97cf,no,yes,,
semanticscholar,CS030,S44,references,success,not-checked,0,0,,https://api.semanticscholar.org/graph/v1/paper/DOI%3A10.26686%2Fwgtn.17004076/references?fields=paperId%2CcorpusId%2CexternalIds%2Curl%2Ctitle%2Cvenue%2Cyear%2CreferenceCount%2CcitationCount%2CpublicationDate%2CpublicationTypes%2Cauthors&offset=0&limit=1000,https://api.semanticscholar.org/graph/v1/paper/DOI%3A10.26686%2Fwgtn.17004076/references?fields=paperId%2CcorpusId%2CexternalIds%2Curl%2Ctitle%2Cvenue%2Cyear%2CreferenceCount%2CcitationCount%2CpublicationDate%2CpublicationTypes%2Cauthors&offset=0&limit=1000,2026-07-31T02:03:09+00:00,200,"Fri, 31 Jul 2026 02:03:08 GMT",,,1,,application/json,,221,221,221,0,raw/cs030-references-p0001-semanticscholar.json.gz,01965c82092436a6f98130946732b82e2b0fc8a66ba57e415f68670107968127,390d60a33966a0b8d101e14a7be34743d903ecb8a995589e258161ebf7ef1ea3,no,yes,,
semanticscholar,CS030,S44,citations,success,not-checked,0,0,,https://api.semanticscholar.org/graph/v1/paper/DOI%3A10.26686%2Fwgtn.17004076/citations?fields=paperId%2CcorpusId%2CexternalIds%2Curl%2Ctitle%2Cvenue%2Cyear%2CreferenceCount%2CcitationCount%2CpublicationDate%2CpublicationTypes%2Cauthors&offset=0&limit=1000,https://api.semanticscholar.org/graph/v1/paper/DOI%3A10.26686%2Fwgtn.17004076/citations?fields=paperId%2CcorpusId%2CexternalIds%2Curl%2Ctitle%2Cvenue%2Cyear%2CreferenceCount%2CcitationCount%2CpublicationDate%2CpublicationTypes%2Cauthors&offset=0&limit=1000,2026-07-31T02:03:10+00:00,200,"Fri, 31 Jul 2026 02:03:10 GMT",,,1,,application/json,,4,4,4,0,raw/cs030-citations-p0001-semanticscholar.json.gz,0b04255306446d37ca333d59cc405f3d849b10350838f4ad5998316f995134e5,33a25a297c27c75715a0e2430aae843ce45031fda87a9f8946296e2f0cc3470f,no,yes,,
opencitations,CS030,S44,references-count,success,verified-primary,0,,,https://api.opencitations.net/index/v1/reference-count/10.26686%2Fwgtn.17004076,https://api.opencitations.net/index/v1/reference-count/10.26686%2Fwgtn.17004076,2026-07-31T02:03:12+00:00,200,"Fri, 31 Jul 2026 02:03:12 GMT",,,1,,application/json,0,1,1,1,0,raw/cs030-references-count-opencitations.json.gz,6486e57e78a021661017453e99de98c8be810c07f89e6e985ed0dfccf9cb1fe3,2f5c99c678271b5f2f5db318d41ad7286cf42d8a4aac4bd4100a66ee0a6690ff,no,yes,,
opencitations,CS030,S44,references,success,verified-primary,0,,,https://api.opencitations.net/index/v1/references/10.26686%2Fwgtn.17004076,https://api.opencitations.net/index/v1/references/10.26686%2Fwgtn.17004076,2026-07-31T02:03:13+00:00,200,"Fri, 31 Jul 2026 02:03:13 GMT",,,1,,application/json,0,0,0,0,0,raw/cs030-references-p0001-opencitations.json.gz,4f53cda18c2baa0c0354bb5f9a3ecbe5ed12ab4d8e11ba873c2f11161202b945,d15254cd9d142b950433cb8d1c0efb328352fa04db90c0f4d6eb2a68dead445f,no,yes,,
opencitations,CS030,S44,citations-count,success,verified-primary,0,,,https://api.opencitations.net/index/v1/citation-count/10.26686%2Fwgtn.17004076,https://api.opencitations.net/index/v1/citation-count/10.26686%2Fwgtn.17004076,2026-07-31T02:03:13+00:00,200,"Fri, 31 Jul 2026 02:03:13 GMT",,,1,,application/json,0,1,1,1,0,raw/cs030-citations-count-opencitations.json.gz,6486e57e78a021661017453e99de98c8be810c07f89e6e985ed0dfccf9cb1fe3,2f5c99c678271b5f2f5db318d41ad7286cf42d8a4aac4bd4100a66ee0a6690ff,no,yes,,
opencitations,CS030,S44,citations,success,verified-primary,0,,,https://api.opencitations.net/index/v1/citations/10.26686%2Fwgtn.17004076,https://api.opencitations.net/index/v1/citations/10.26686%2Fwgtn.17004076,2026-07-31T02:03:14+00:00,200,"Fri, 31 Jul 2026 02:03:14 GMT",,,1,,application/json,0,0,0,0,0,raw/cs030-citations-p0001-opencitations.json.gz,4f53cda18c2baa0c0354bb5f9a3ecbe5ed12ab4d8e11ba873c2f11161202b945,d15254cd9d142b950433cb8d1c0efb328352fa04db90c0f4d6eb2a68dead445f,no,yes,,
semanticscholar,CS031,S45,metadata,failed,not-checked,0,,,https://api.semanticscholar.org/graph/v1/paper/DOI%3A10.1145%2F3766061?fields=paperId%2CcorpusId%2CexternalIds%2Curl%2Ctitle%2Cvenue%2Cyear%2CreferenceCount%2CcitationCount%2CpublicationDate%2CpublicationTypes%2Cauthors,https://api.semanticscholar.org/graph/v1/paper/DOI%3A10.1145%2F3766061?fields=paperId%2CcorpusId%2CexternalIds%2Curl%2Ctitle%2Cvenue%2Cyear%2CreferenceCount%2CcitationCount%2CpublicationDate%2CpublicationTypes%2Cauthors,2026-07-31T02:03:25+00:00,429,"Fri, 31 Jul 2026 02:03:25 GMT",,,4,1.143;2.178;4.090,application/json,,0,0,0,0,raw/cs031-metadata-p0001-semanticscholar.json.gz,65ab993d12c5c2cc9b68e6da2bb79b326930283e520363ffcdc145f88cd5a148,a37ee953037a673450b9887efa8dc62cc1ab6cfc466a9417bb25e634a377cf41,unknown,no,,HTTPError: 429 
semanticscholar,CS031,S45,references,success,not-checked,0,0,,https://api.semanticscholar.org/graph/v1/paper/DOI%3A10.1145%2F3766061/references?fields=paperId%2CcorpusId%2CexternalIds%2Curl%2Ctitle%2Cvenue%2Cyear%2CreferenceCount%2CcitationCount%2CpublicationDate%2CpublicationTypes%2Cauthors&offset=0&limit=1000,https://api.semanticscholar.org/graph/v1/paper/DOI%3A10.1145%2F3766061/references?fields=paperId%2CcorpusId%2CexternalIds%2Curl%2Ctitle%2Cvenue%2Cyear%2CreferenceCount%2CcitationCount%2CpublicationDate%2CpublicationTypes%2Cauthors&offset=0&limit=1000,2026-07-31T02:03:27+00:00,200,"Fri, 31 Jul 2026 02:03:26 GMT",,,1,,application/json,,41,41,41,0,raw/cs031-references-p0001-semanticscholar.json.gz,d3877434d6439cd0328a7c578efb69c3952e408641a0dc235c31666106f0f1cd,ad95709de102fab65356e43102eb5ec25e9e7c866b2c61385d64d4225466c234,no,yes,,
semanticscholar,CS031,S45,citations,success,not-checked,0,0,,https://api.semanticscholar.org/graph/v1/paper/DOI%3A10.1145%2F3766061/citations?fields=paperId%2CcorpusId%2CexternalIds%2Curl%2Ctitle%2Cvenue%2Cyear%2CreferenceCount%2CcitationCount%2CpublicationDate%2CpublicationTypes%2Cauthors&offset=0&limit=1000,https://api.semanticscholar.org/graph/v1/paper/DOI%3A10.1145%2F3766061/citations?fields=paperId%2CcorpusId%2CexternalIds%2Curl%2Ctitle%2Cvenue%2Cyear%2CreferenceCount%2CcitationCount%2CpublicationDate%2CpublicationTypes%2Cauthors&offset=0&limit=1000,2026-07-31T02:03:28+00:00,200,"Fri, 31 Jul 2026 02:03:28 GMT",,,1,,application/json,,1,1,1,0,raw/cs031-citations-p0001-semanticscholar.json.gz,dc13f3931a6a61befed3d85a629c121a1db5b57559a7062d90d59b3850ad6253,289c8c26d0ad12e612e04adcbad8eb31ac0f64a42915f58d1591b6d09ca52614,no,yes,,
opencitations,CS031,S45,references-count,success,verified-primary,0,,,https://api.opencitations.net/index/v1/reference-count/10.1145%2F3766061,https://api.opencitations.net/index/v1/reference-count/10.1145%2F3766061,2026-07-31T02:03:30+00:00,200,"Fri, 31 Jul 2026 02:03:30 GMT",,,1,,application/json,29,1,1,1,0,raw/cs031-references-count-opencitations.json.gz,b1ede36ddad5daef7be7d17bc002fca8fdd508bb0796b609cdac57035b0fc152,054a3cbad8daaa26a602f4f7e2396a0a9124fd164b78f58aa39f26a018876a0c,no,yes,,
opencitations,CS031,S45,references,success,verified-primary,0,,,https://api.opencitations.net/index/v1/references/10.1145%2F3766061,https://api.opencitations.net/index/v1/references/10.1145%2F3766061,2026-07-31T02:03:31+00:00,200,"Fri, 31 Jul 2026 02:03:31 GMT",,,1,,application/json,29,29,29,29,0,raw/cs031-references-p0001-opencitations.json.gz,0957cf19eb1af1b14000d796caa78febf60dc8d2ce64ce1926194a46c5c1e78b,f8d5262e6a794ffa42327b3d6d96665f969a9c1e5f1690cde128a5fdefb82c4b,no,yes,,
opencitations,CS031,S45,citations-count,success,verified-primary,0,,,https://api.opencitations.net/index/v1/citation-count/10.1145%2F3766061,https://api.opencitations.net/index/v1/citation-count/10.1145%2F3766061,2026-07-31T02:03:32+00:00,200,"Fri, 31 Jul 2026 02:03:31 GMT",,,1,,application/json,0,1,1,1,0,raw/cs031-citations-count-opencitations.json.gz,6486e57e78a021661017453e99de98c8be810c07f89e6e985ed0dfccf9cb1fe3,2f5c99c678271b5f2f5db318d41ad7286cf42d8a4aac4bd4100a66ee0a6690ff,no,yes,,
opencitations,CS031,S45,citations,success,verified-primary,0,,,https://api.opencitations.net/index/v1/citations/10.1145%2F3766061,https://api.opencitations.net/index/v1/citations/10.1145%2F3766061,2026-07-31T02:03:32+00:00,200,"Fri, 31 Jul 2026 02:03:32 GMT",,,1,,application/json,0,0,0,0,0,raw/cs031-citations-p0001-opencitations.json.gz,4f53cda18c2baa0c0354bb5f9a3ecbe5ed12ab4d8e11ba873c2f11161202b945,d15254cd9d142b950433cb8d1c0efb328352fa04db90c0f4d6eb2a68dead445f,no,yes,,
