artifact_id,related_record,title,version,archive_url,local_filename,expected_checksum,notes
A01,PA02,"Fair Operational Semantics Coq source","Zenodo record 7711063",https://zenodo.org/api/records/7711063/files/fairness-source.zip/content,fairness-source.zip,md5:f82b7e3f4d98a26bd74a8e3d98f7b607,"Contains the unused address-indexed fair cas_weak definition"
A02,PA11,"Lilo Coq source","Zenodo record 14927742 v3",https://zenodo.org/api/records/14927742/files/coq-lilo.zip/content,coq-lilo-v3.zip,md5:b80351a929c2552ae3bb388205438cae,"Contains strong-CAS Treiber proofs and the inherited unused fair cas_weak definition"
A03,PA13,"Lawyer Rocq supplementary source","Zenodo record 18457698",https://zenodo.org/api/records/18457698/files/lawyer_suppl.zip/content,lawyer-supplementary.zip,md5:587f4070067a1a32a60b2231a4d596fd,"Contains the checked strong-CAS counter and fair-termination development"
A04,PA22,"Spirea Coq source","Zenodo record 8314888",https://zenodo.org/api/records/8314888/files/spirea-oopsla23-artifact.zip/content,spirea-oopsla23-artifact.zip,md5:739ecfe96352b3b48c95e3cad2aa8e5e,"Contains the mechanized durable Treiber thread- and crash-safety case study under weak persistent memory"
A05,PA30,"Colvin-Dongol PVS sources","Author-hosted SCP 2009 bundle",https://brijeshdongol.github.io/mechanisation/SCP-2009-PVS.zip,colvin-dongol-2009-pvs.zip,md5:d94e3786323df65a194f5279dbcd9cc3,"Completed proof families cover the Michael-Scott and bounded array queues; legacy treiber.pvs has no proof file and retains two explicitly unproved obligations"
A06,PA45,"RoboCop artifact","Zenodo record 13626195",https://zenodo.org/api/records/13626195/files/oopsla24aec-paper108-direct_upload%282%29.gz/content,robocop-oopsla24-artifact.tar.gz,md5:e44465a21f5b47ca0fb0daa36a8cd873,"Executable robustness-verification artifact; audit the Treiber benchmark and exact CAS/BCAS preprocessing boundary, not liveness"
A07,PA46,"General-Purpose RCU Rocq source","Zenodo record 15167032 source archive",https://zenodo.org/api/records/15167032/files/pldi25-3-artifact.zip/content,jung-2025-rcu-artifact.zip,md5:37f22d07e70d9af4cfe40711da39397e,"Archived iRC11/Rocq source identifies RCU, mutex, queue, and list developments but no Treiber/stack proof file"
A08,PA48,CQS Coq/Iris source,GitHub cqs-proofs branch head 970ef8c280dd8b934b3e89f78266e9b68b1a1290,https://github.com/Kotlin/kotlinx.coroutines/archive/970ef8c280dd8b934b3e89f78266e9b68b1a1290.tar.gz,cqs-proofs-970ef8c.tar.gz,md5:6d8524aab1c4c92479dc3183f823a736,"Pinned live branch contains 33 Coq files and exact HeapLang CAS safety proofs, but no liveness/fairness definitions and none of the blocking-pool or stack files referenced by the paper appendix"
A09,PA49,GenMC v0.6 source,GitHub commit 364e02afa1dec0e5c9fbedca6a2306d0ed5f1abf,https://github.com/MPI-SWS/genmc/archive/364e02afa1dec0e5c9fbedca6a2306d0ed5f1abf.tar.gz,genmc-v0.6-364e02a.tar.gz,md5:ccd2414bb497f65f0060383b78327711,"Pinned source exposes atomic_compare_exchange_weak but visitAtomicCmpXchgInst ignores the LLVM weak flag, and the bundled Treiber stack calls strong compare-exchange; the archive has one unsafe absolute symlink, so the generic extractor rejects it and the regular files were audited directly from the tar stream"
A10,S88,Burrow Agda source,GitHub commit 739a32764b6ebf74d0dec9d604e76919a85706f7,https://github.com/sourcedennis/agda-burrow/archive/739a32764b6ebf74d0dec9d604e76919a85706f7.tar.gz,agda-burrow-739a327.tar.gz,md5:9d3f363779fdd2a2137a26a3fef6ac09,"Pinned public Agda framework for axiomatic weak-memory mapping proofs; source inventory has no Treiber, weak-CAS, fairness, liveness, termination, or response-progress development"
A11,PA118,Promising-ARM/RISC-V Coq supplementary source,PLDI 2019 project supplement,https://sf.snu.ac.kr/publications/promising-arm-riscv-supp.zip,promising-arm-riscv-supp.zip,sha256:6ffeac6735494a9c7ee749b0a5731e8f2f1b5063a58876b972cd2a4b7ca105ca,"Coq 8.8 model-metatheory sources plus bounded C++ and Rust Treiber examples; the executable rmem/Sail integration is not Coq-extracted and the archive contains no unbounded Treiber liveness or primitive-justice proof"
