"source_queue_run_id","source_queue_checksums_sha256","candidate_id","work_key","title","screening_stage","decision","canonical_record_id","canonical_decision","matrix_record_id","full_text_checked","evidence_url","evidence_location","reviewer","review_date","human_confirmation","reason"
"20260731T033000Z-new-seeds","113f9916181baf7e5e66d702df03e7ce65e51cd029385465b921a6262e4db4bc","CG0202","doi:10.1145/3776687","Recurrence Sets for Proving Fair Non-termination under Axiomatic Memory Consistency Models","metadata","linked-existing","S05","include-closest","PA04","yes","https://doi.org/10.1145/3776687","Exact DOI identity","Codex-assisted triage; human confirmation pending","2026-07-31","pending","Exact current record and citation seed; no new theorem or version."
"20260731T033000Z-new-seeds","113f9916181baf7e5e66d702df03e7ce65e51cd029385465b921a6262e4db4bc","CG0037","doi:10.1007/978-3-642-23283-1_16","Formal Verification of a Lock-Free Stack with Hazard Pointers","metadata","linked-existing","S28","include-closest","PA23","yes","https://doi.org/10.1007/978-3-642-23283-1_16","Exact DOI identity","Codex-assisted triage; human confirmation pending","2026-07-31","pending","Exact current record and citation seed."
"20260731T033000Z-new-seeds","113f9916181baf7e5e66d702df03e7ce65e51cd029385465b921a6262e4db4bc","CG0105","doi:10.1145/1190216.1190261","Modular verification of a non-blocking stack","metadata","linked-existing","S39","include-adjacent","PA33","yes","https://doi.org/10.1145/1190216.1190261","Exact DOI identity","Codex-assisted triage; human confirmation pending","2026-07-31","pending","Exact current adjacent record; the SC strong-CAS safety proof adds no target dimension."
"20260731T033000Z-new-seeds","113f9916181baf7e5e66d702df03e7ce65e51cd029385465b921a6262e4db4bc","CG0145","doi:10.1145/2951913.2951919","Automatically disproving fair termination of higher-order functional programs","full-text","exclude-topic","","","","yes","https://www-kb.is.s.u-tokyo.ac.jp/~watanabe/papers/icfp2016.pdf","Definitions 2.1–2.3 and Theorem 1","Codex-assisted triage; human confirmation pending","2026-07-31","pending","Streett-fair nontermination discovery for a higher-order functional language; no shared-memory algorithm, CAS, weak memory, Treiber, primitive justice, or proof-assistant certificate."
"20260731T033000Z-new-seeds","113f9916181baf7e5e66d702df03e7ce65e51cd029385465b921a6262e4db4bc","CG0200","doi:10.1145/3729248","Verifying Lock-Free Traversals in Relaxed Memory Separation Logic","metadata","linked-existing","S37","include-adjacent","PA31","yes","https://doi.org/10.1145/3729248","Exact DOI identity","Codex-assisted triage; human confirmation pending","2026-07-31","pending","Exact current adjacent record."
"20260731T033000Z-new-seeds","113f9916181baf7e5e66d702df03e7ce65e51cd029385465b921a6262e4db4bc","CG0021","doi:10.1007/978-3-319-63387-9_2","Program Verification Under Weak Memory Consistency Using Separation Logic","full-text","linked-existing","S57","include-context","","yes","https://people.mpi-sws.org/~viktor/papers/cav2017-invited.pdf","§1 pp. 1–2; §7 pp. 8–10; exact-CAS rule and Coq-soundness footnote","Codex-assisted triage; human confirmation pending","2026-07-31","pending","Promoted as S57 context: weak-memory program-logic overview with exact CAS, but no Treiber, fairness, genuine weak CAS, or liveness."
"20260731T033000Z-new-seeds","113f9916181baf7e5e66d702df03e7ce65e51cd029385465b921a6262e4db4bc","CG0067","doi:10.1007/s00165-008-0092-5","Trace-based derivation of a scalable lock-free stack algorithm","source-audit","linked-existing","A32","include-closest","PA43","partial","https://doi.org/10.1016/j.entcs.2006.08.044","Exact journal metadata and open predecessor §§2–5; canonical revised journal PDF remains access-limited","Codex-assisted triage; human confirmation pending","2026-07-31","pending","Linked to A32/PA43 as the open derivation lineage. The predecessor gives manual SC exact-CAS trace refinement and argues lock-freedom from interference; mechanization of the derivation is future work and must not be conflated with the separate PVS safety simulation."
"20260731T033000Z-new-seeds","113f9916181baf7e5e66d702df03e7ce65e51cd029385465b921a6262e4db4bc","CG0183","doi:10.1145/3473571","Formal verification of a concurrent bounded queue in a weak memory model","full-text","linked-existing","S58","include-adjacent","","yes","https://iris-project.org/pdfs/2021-icfp-cosmo-queue-final.pdf","§2.1 p. 3; Figure 7; §3.5 p. 13; Theorems 4.1 and 5.1","Codex-assisted triage; human confirmation pending","2026-07-31","pending","Promoted as S58: machine-checked weak-memory queue safety with exact CAS and an explicit absence of a nonblocking property."
"20260731T033000Z-new-seeds","113f9916181baf7e5e66d702df03e7ce65e51cd029385465b921a6262e4db4bc","CG0196","doi:10.1145/3656384","A Proof Recipe for Linearizability in Relaxed Memory Separation Logic","metadata","linked-existing","S08","include-closest","PA07","yes","https://doi.org/10.1145/3656384","Exact DOI identity","Codex-assisted triage; human confirmation pending","2026-07-31","pending","Exact current closest record and citation seed."
"20260731T033000Z-new-seeds","113f9916181baf7e5e66d702df03e7ce65e51cd029385465b921a6262e4db4bc","CG0201","doi:10.1145/3729277","Dynamic Robustness Verification against Weak Memory","full-text","linked-existing","S59","include-closest","PA47","yes","https://people.inf.ethz.ch/mkokologiann/papers/pldi2025-rsan.pdf","Theorem 3.1 p. 10; §4.1 footnote 3 pp. 12–13; §§4.2–4.3 pp. 13–15","Codex-assisted triage; human confirmation pending","2026-07-31","pending","Promoted as S59/PA47 because RSan explicitly supports genuine weak CAS under RC20. It is a robustness tool, not a Treiber liveness or fairness theorem."
"20260731T033000Z-new-seeds","113f9916181baf7e5e66d702df03e7ce65e51cd029385465b921a6262e4db4bc","CG0231","s2:0eb9eb272ad103ae3a8ca36c50d7afcd68308147","Scaling up relaxed memory verification with separation logics","full-text","linked-existing","S60","include-version-audit","","yes","https://publikationen.sulb.uni-saarland.de/bitstream/20.500.11880/38842/1/thesis.pdf","Chapter 4 Figure 4.4; Chapter 12.4 pp. 156–160; Chapters 23–24","Codex-assisted triage; human confirmation pending","2026-07-31","pending","Promoted as an expanded version of the S07/PA06 Compass/iRC11 lineage; it adds mechanized relaxed-memory stack safety but no liveness, genuine weak CAS, or fairness."
"20260731T033000Z-new-seeds","113f9916181baf7e5e66d702df03e7ce65e51cd029385465b921a6262e4db4bc","CG0062","doi:10.1007/978-3-662-49498-1_8","Modular Termination Verification for Non-blocking Concurrency","metadata","linked-existing","S17","include-closest","PA10","yes","https://doi.org/10.1007/978-3-662-49498-1_8","Exact DOI identity","Codex-assisted triage; human confirmation pending","2026-07-31","pending","Exact current closest record."
"20260731T033000Z-new-seeds","113f9916181baf7e5e66d702df03e7ce65e51cd029385465b921a6262e4db4bc","CG0092","doi:10.1109/mascots.2019.00019","Practical Progress Verification of Descriptor-Based Non-Blocking Data Structures","metadata","linked-existing","A31","include-adjacent","PA38","yes","https://doi.org/10.1109/MASCOTS.2019.00019","Exact DOI identity","Codex-assisted triage; human confirmation pending","2026-07-31","pending","Exact current adjacent record; S46 contains the expanded dissertation lineage."
"20260731T033000Z-new-seeds","113f9916181baf7e5e66d702df03e7ce65e51cd029385465b921a6262e4db4bc","CG0142","doi:10.1145/2837614.2837635","A program logic for concurrent objects under fair scheduling","metadata","linked-existing","S19","include-closest","PA15","yes","https://doi.org/10.1145/2837614.2837635","Exact DOI identity","Codex-assisted triage; human confirmation pending","2026-07-31","pending","Exact current closest record and citation seed."
"20260731T033000Z-new-seeds","113f9916181baf7e5e66d702df03e7ce65e51cd029385465b921a6262e4db4bc","CG0149","doi:10.1145/3009837.3009860","A short counterexample property for safety and liveness verification of fault-tolerant distributed algorithms","full-text","exclude-topic","","","","yes","https://arxiv.org/pdf/1608.05327","Definition 3.4; Proposition 4.2; Theorems 6.3–6.4","Codex-assisted triage; human confirmation pending","2026-07-31","pending","Threshold-automaton counterexamples for fault-tolerant distributed algorithms; no shared-memory CAS, Treiber, weak memory, primitive justice, or proof-assistant theorem."
"20260731T033000Z-new-seeds","113f9916181baf7e5e66d702df03e7ce65e51cd029385465b921a6262e4db4bc","CG0181","doi:10.1145/3434325","Context-bounded verification of liveness properties for multithreaded shared-memory programs","full-text","linked-existing","S61","include-adjacent","","yes","https://pure.mpg.de/rest/items/item_3337486/component/file_3337487/content","§2 and Theorems 2.2–2.4","Codex-assisted triage; human confirmation pending","2026-07-31","pending","Promoted as S61 scheduler-fairness theory; its context-bounded SC shared-memory decision results contain no CAS, Treiber, weak memory, or target progress theorem."
"20260731T033000Z-new-seeds","113f9916181baf7e5e66d702df03e7ce65e51cd029385465b921a6262e4db4bc","CG0195","doi:10.1145/3632877","Mostly Automated Verification of Liveness Properties for Distributed Protocols with Ranking Functions","full-text","exclude-topic","","","","yes","https://www.cs.columbia.edu/~rgu/publications/popl24-yao.pdf","Theorems 1 and 3; ticket-lock example; §7 fairness limitation","Codex-assisted triage; human confirmation pending","2026-07-31","pending","Ranking-function liveness verification for distributed-protocol state machines; no Treiber, RC11, CAS semantics, primitive justice, or proof-assistant certificate."
"20260731T033000Z-new-seeds","113f9916181baf7e5e66d702df03e7ce65e51cd029385465b921a6262e4db4bc","CG0217","doi:10.26686/wgtn.17004076","On the Use of Model Checking for the Bounded and Unbounded Verification of Nonblocking Concurrent Data Structures","metadata","linked-existing","S44","include-closest","PA36","yes","https://doi.org/10.26686/wgtn.17004076","Exact DOI identity","Codex-assisted triage; human confirmation pending","2026-07-31","pending","Exact current closest record and citation seed."
"20260731T033000Z-new-seeds","113f9916181baf7e5e66d702df03e7ce65e51cd029385465b921a6262e4db4bc","CG0234","s2:26bcc72aaa4b556da051c15e9d4f2936fcf3c224","Verification of Lock-free Scalable Synchronous Queue ( Technical Report )","full-text","linked-existing","S84","include-adjacent","","yes","https://math.pku.edu.cn/teachers/qiuzy/tr/report_SSQ.pdf","Canonical S84 local copy; technical report pp. 2, 7–8, and 18–19; published DOI 10.1007/978-3-642-25379-9_19","Codex-assisted triage; human confirmation pending","2026-07-31","pending","Exact duplicate of the CG0974 technical-report lineage now retained as S84. The proof establishes safety; per-call fairness fails and a strict temporal liveness proof and proof-assistant implementation are future work."
"20260731T033000Z-new-seeds","113f9916181baf7e5e66d702df03e7ce65e51cd029385465b921a6262e4db4bc","CG0240","s2:6ebbaf8efc7a52890ea144a9a744ee69492c7c1a","A Program Logic for Contextual Refinement of Concurrent Objects under Fair Scheduling","source-audit","linked-existing","S19","include-closest","PA15","yes","https://doi.org/10.1145/2837614.2837635","Prepublication title in the same Liang/Feng project and published canonical identity","Codex-assisted triage; human confirmation pending","2026-07-31","pending","Prepublication title/version of the S19/PA15 fair-scheduling logic, not an independent theorem."
"20260731T033000Z-new-seeds","113f9916181baf7e5e66d702df03e7ce65e51cd029385465b921a6262e4db4bc","CG0243","s2:77bf635b620a5c914de22261a822cc65c1a87052","Correctness and Progress Verification of Non-Blocking Programs","metadata","linked-existing","S46","include-version-audit","PA38","yes","https://stars.library.ucf.edu/etd/6557/","Exact title/year and institutional dissertation identity","Codex-assisted triage; human confirmation pending","2026-07-31","pending","Exact current expanded dissertation record for the A31/PA38 descriptor-progress lineage."
"20260731T033000Z-new-seeds","113f9916181baf7e5e66d702df03e7ce65e51cd029385465b921a6262e4db4bc","CG0250","s2:e061d30508d2cfac3a75b520119bdebfb2304c09","Modular Termination Verification for Non-blocking Concurrency (Extended Version)","source-audit","linked-existing","S17","include-closest","PA10","yes","https://arxiv.org/abs/1501.02642","Extended-version identity already represented by S17/PA10","Codex-assisted triage; human confirmation pending","2026-07-31","pending","Extended version of the current S17/PA10 record, not an independent result."
