source_id,category,title,version,doi,primary_url,local_filename,notes
S01,weak-memory-fairness,"Making Weak Memory Models Fair","OOPSLA 2021 author/arXiv version",10.1145/3485475,https://arxiv.org/pdf/2012.01067,lahav-2021-making-weak-memory-models-fair.pdf,"Primary provenance for prefix-finite mo/fr and the weak-RMW future-work statement"
S02,generic-fairness,"Fair Operational Semantics","PLDI 2023 author version",10.1145/3591253,https://sf.snu.ac.kr/publications/fairness.pdf,lee-2023-fair-operational-semantics.pdf,"Mechanized generic framework capable of custom fairness dimensions"
S03,weak-memory-fairness,"Overcoming Memory Weakness with Unified Fairness","CAV 2023 arXiv v1",10.1007/978-3-031-37706-8_10,https://arxiv.org/pdf/2305.17605v1,abdulla-2023-unified-fairness-v1.pdf,"Pin v1 when describing the CAV theorem"
S04,weak-memory-fairness,"Unified Fairness for Weak Memory Verification","latest arXiv version",,https://arxiv.org/pdf/2305.17605,abdulla-unified-fairness-latest.pdf,"Track theorem and title drift after the CAV version"
S05,fair-nontermination,"Recurrence Sets for Proving Fair Non-termination under Axiomatic Memory Consistency Models","POPL 2026 author version; linked paper artifact Zenodo 17770530; cutoff-pinned Dat3M commit a7e3e484",10.1145/3776687,https://hernanponcedeleon.github.io/pdfs/popl2026.pdf,haas-2026-fair-recurrence-sets.pdf,"Closest explicit discussion of spurious weak-CAS fairness; linked implementation has a suffix-level spurious-RMW fairness constraint, while its Treiber benchmark remains strong-CAS and UNKNOWN under C11/RC11"
S06,weak-memory-liveness,"Towards Proving Liveness on Weak Memory","FM 2026 extended version",10.1007/978-3-032-26204-2_6,https://arxiv.org/pdf/2602.19609,bargmann-wehrheim-2026-liveness-weak-memory.pdf,"Generic weak-memory liveness calculus without weak CAS"
S07,relaxed-memory-safety,"The Compass: Verifying Concurrent Programs under Relaxed Memory","PLDI 2022 author version",10.1145/3519939.3523451,https://plv.mpi-sws.org/compass/paper.pdf,kaiser-2022-compass.pdf,"Mechanized RC11-family Treiber safety and specifications"
S08,relaxed-memory-safety,"A Proof Recipe for Linearizability in Relaxed Memory Separation Logic","PLDI 2024 author version",10.1145/3656384,https://iris-project.org/pdfs/2024-pldi-proof-recipe.pdf,park-2024-proof-recipe.pdf,"Mechanized relaxed-memory Treiber linearizability"
S09,relaxed-memory-safety,"Verifying C11-Style Weak Memory Libraries via Refinement","arXiv version",10.1145/3437801.3441619,https://arxiv.org/pdf/2108.06944,dalvandi-dongol-2021-rc11-refinement.pdf,"Isabelle/HOL Treiber refinement under RC11-RAR"
S10,classical-progress,"Proving That Non-Blocking Algorithms Don't Block","POPL 2009 author version",10.1145/1480881.1480886,https://people.mpi-sws.org/~viktor/papers/popl2009-nonblocking.pdf,gotsman-2009-nonblocking.pdf,"Classical Treiber lock-freedom prior art"
S11,standard,"ISO/IEC 9899:201x Committee Draft N1570","C11 committee draft",,https://www.open-std.org/jtc1/sc22/wg14/www/docs/n1570.pdf,wg14-n1570-c11-draft.pdf,"Normative-language baseline for C11 weak compare-exchange"
S12,standard,"ISO/IEC 9899:2023 Committee Draft N3096","C23 committee draft",,https://www.open-std.org/jtc1/sc22/wg14/www/docs/n3096.pdf,wg14-n3096-c23-draft.pdf,"C23 comparison point"
S13,standard,"ISO/IEC 9899 Committee Draft N3854","C2Y working draft",,https://www.open-std.org/jtc1/sc22/wg14/www/docs/n3854.pdf,wg14-n3854-c2y-draft.pdf,"Submission-time standards comparison point"
S14,concurrent-liveness,"Lilo: A Higher-Order, Relational Concurrent Separation Logic for Liveness","OOPSLA 2025 author version",10.1145/3720525,https://iris-project.org/pdfs/2025-oopsla-lilo.pdf,lee-2025-lilo.pdf,"Mechanized scheduler-fair termination specifications for strong-CAS Treiber and elimination stacks"
S15,concurrent-liveness,"Lawyer: Modular Obligations-Based Liveness Reasoning in Higher-Order Impredicative Concurrent Separation Logic","OOPSLA 2026 author version",10.1145/3798240,https://iris-project.org/pdfs/2026-oopsla-lawyer.pdf,namakonov-2026-lawyer.pdf,"Mechanized fair termination logic with a strong-CAS retry-loop example"
S16,concurrent-liveness,"Modular Termination Verification with a Higher-Order Concurrent Separation Logic","2022 arXiv intermediate report",,https://arxiv.org/pdf/2212.14126,fasse-jacobs-2022-modular-termination.pdf,"Iris-based termination verification of a strong-CAS concurrent stack with helping"
S17,concurrent-liveness,"Modular Termination Verification for Non-blocking Concurrency","2016 extended author version",10.1007/978-3-662-49498-1_8,https://vtss.doc.ic.ac.uk/publications/daRochaPinto2016Modular.techreport.pdf,rocha-pinto-2016-total-tada.pdf,"Total-TaDA proof of functional correctness and termination for strong-CAS Treiber"
S18,standard,"Working Draft, Standard for Programming Language C++","N4861 C++20 working draft",,https://www.open-std.org/jtc1/sc22/wg21/docs/papers/2020/n4861.pdf,wg21-n4861-cpp20-draft.pdf,"Language-level recommendation against persistent spurious weak-CAS failure"
S19,concurrent-liveness,"A Program Logic for Concurrent Objects under Fair Scheduling","POPL 2016 author version",10.1145/2837614.2837635,https://cs.nju.edu.cn/xyfeng/research/publications/POPL2016.pdf,liang-feng-2016-lili.pdf,"Linearizability and progress logic under fair scheduling; includes strong-CAS retry-loop reasoning"
S20,classical-progress,"Compositional Verification of a Lock-Free Stack with RGITL","AVoCS 2013/ECEASST volume 66 version",10.14279/tuj.eceasst.66.885,https://eceasst.org/index.php/eceasst/article/download/2091/2244/2255,tofan-2013-rgitl-stack.pdf,"KIV-mechanized concrete data/free-stack proof of memory safety, ABA prevention, linearizability, and lock-freedom using exact-match strong CAS; paper Theorems 1–2 are generic decomposition theorems"
S21,weak-memory-liveness,"VSync: Push-Button Verification and Optimization for Synchronization Primitives on Weak Memory Models","ASPLOS 2021 technical report",10.1145/3445814.3446748,https://arxiv.org/pdf/2102.06590,oberhauser-2021-vsync.pdf,"AMC decides safety and await termination for Bounded-Length/Bounded-Effect programs under fair scheduling and an await/read-progress condition; VSync instantiates IMM. The generic proof explicitly omits the memory-model-consistency argument"
S22,concurrent-liveness,"Trillium: Higher-Order Concurrent and Distributed Separation Logic for Intensional Refinement","POPL 2024 author version",10.1145/3632851,https://iris-project.org/pdfs/2024-popl-trillium.pdf,timany-2024-trillium.pdf,"Coq-mechanized Trillium/Fairis refinement; fair-termination and always-eventually results for HeapLang under fair thread scheduling, with no weak-memory semantics"
S23,concurrent-liveness,"Verifying Wait-Freedom for Concurrent Higher-Order Programs","ECOOP 2026 publisher version",10.4230/LIPIcs.ECOOP.2026.20,https://drops.dagstuhl.de/storage/00lipics/lipics-vol372-ecoop2026/LIPIcs.ECOOP.2026.20/LIPIcs.ECOOP.2026.20.pdf,namakonov-2026-wait-freedom.pdf,"Rocq-mechanized higher-order wait-freedom adequacy for initialized clients without hard-coded locations or pointer arithmetic, conditional on continued scheduling of the caller; examples exclude Treiber and weak CAS"
S24,concurrent-liveness,"Nola: Later-Free Ghost State for Verifying Termination in Iris","PLDI 2025 author version",10.1145/3729250,https://shiatsumat.github.io/papers/pldi2025-nola.pdf,matsushita-2025-nola.pdf,"Rocq-mechanized Nola termination framework and prototype RustHalt total-correctness foundation; current concurrent logic proves simple independent-thread termination and contains no weak-CAS Treiber theorem"
S25,concurrent-safety,"Shape Abstraction of Thread Interferences","SAS 2026 artifact README",10.5281/zenodo.21258346,https://zenodo.org/records/21258346/files/README.pdf?download=1,barbazo-2026-shape-interference-artifact-readme.pdf,"Sound abstract shape analysis evaluated on Treiber-stack clients; checks data-race freedom and shape invariants rather than liveness"
S26,persistent-memory,"Memento: A Framework for Detectable Recoverability in Persistent Memory","PLDI 2023 author version",10.1145/3591232,https://www.soundandcomplete.org/papers/PLDI2023/memento.pdf,cho-2023-memento.pdf,"Formal detectable-recoverability framework and implemented persistent Treiber stack using detectable exact-match CAS; no weak-CAS fairness or response-progress theorem"
S27,persistent-memory,"Spirea: A Mechanized Concurrent Separation Logic for Weak Persistent Memory","OOPSLA 2023 author version",10.1145/3622820,https://cs.au.dk/~birke/papers/spirea-2023.pdf,vindum-2023-spirea.pdf,"Coq-mechanized thread- and crash-safety for a durable Treiber stack under weak persistent memory; the specification explicitly does not imply linearizability or liveness"
S28,classical-progress,"Formal Verification of a Lock-Free Stack with Hazard Pointers","ICTAC 2011 institutional postprint mirrored by the German National Library",10.1007/978-3-642-23283-1_16,https://d-nb.info/1383093202/34,tofan-2011-hazard-pointer-stack.pdf,"KIV-mechanized memory safety, ABA prevention, linearizability, and lock-freedom for a Treiber stack with hazard pointers under interleaving strong-CAS semantics; canonical institutional record is OPUS 55403"
S29,resource-liveness,"Will It Fit? Verifying Heap Space Bounds of Concurrent Programs under Garbage Collection","TOPLAS 2025 author version",10.1145/3716312,https://iris-project.org/pdfs/2025-toplas-willitfit.pdf,moine-2025-will-it-fit.pdf,"Coq/Iris mechanization combining a strong-CAS Treiber functional/heap-space proof with bounded-time allocation-request liveness; no Treiber operation-progress theorem or weak memory"
S30,weak-memory-tools,"Marrying Miri and GenMC: Improving Miri's Ability to Detect Concurrency Bugs","ETH Zürich MSc thesis, 2025-09-10",,https://ethz.ch/content/dam/ethz/special-interest/infk/inst-pls/plf-dam/documents/StudentProjects/MasterTheses/2025-Patrick-Thesis.pdf,muntwiler-2025-miri-genmc.pdf,"RC11 Treiber safety/performance benchmark uses strong Rust compare_exchange; the integration explicitly omits compare_exchange_weak spurious failures and warns that bugs may be missed"
S31,persistent-memory,"Mirror is Not Strong: Discovery of a Persistent Memory Bug using Refinement in KIV","2025 accepted manuscript",10.1007/978-3-031-92196-4_16,https://openresearch.surrey.ac.uk/view/pdfCoverPage?instCode=44SUR_INST&filePid=13220942020002346&download=true,schellhorn-2025-mirror-not-strong.pdf,"KIV identifies that Mirror implements durable compare_exchange_weak rather than strong CAS; only the lower refinement is fully mechanized, while the upper refinement is explicitly unfinished"
S32,concurrent-safety,"Zoo: A Framework for the Verification of Concurrent OCaml 5 Programs using Separation Logic","POPL 2026 author version",10.1145/3776701,https://clef-men.github.io/publications/allain-scherer-26-zoo.pdf,allain-scherer-2026-zoo.pdf,"Rocq/Iris verification of three Treiber variants under a sequentially consistent semantics; relaxed memory is explicit future work and no progress theorem is claimed"
S33,weak-memory-tools,"Relinche: Automatically Checking Linearizability under Relaxed Memory Consistency","POPL 2025 author version",10.1145/3704906,https://people.mpi-sws.org/~viktor/papers/popl2025-relinche.pdf,jia-2025-relinche.pdf,"GenMC-based bounded refinement checking for C/C++ data structures under RC11, evaluated on Treiber variants; finite safety/refinement only, with no liveness or weak-CAS fairness theorem"
S34,concurrent-safety,"Modular Verification of Safe Memory Reclamation in Concurrent Separation Logic","OOPSLA 2023 author version",10.1145/3622827,https://iris-project.org/pdfs/2023-oopsla-reclamation.pdf,choi-2023-modular-reclamation.pdf,"Coq/Iris logically atomic Treiber specifications with GC, hazard pointers, and RCU under sequential consistency; no stack progress theorem"
S35,resource-liveness,"A Separation Logic for Parallel Time Complexity with Work and Span Credits","arXiv v1, 2026-07-13; forthcoming ICFP 2026",10.1145/3828679,https://arxiv.org/pdf/2607.11582,moine-2026-parallel-time.pdf,"Rocq/Iris finite-workload Treiber work/span bounds under SC-style strong-CAS semantics; the paper explicitly says this is not a formal lock-freedom proof"
S36,classical-progress,"Progress-Based Verification and Derivation of Concurrent Programs","University of Queensland PhD thesis, March 2009",,https://brijeshdongol.github.io/thesis.pdf,dongol-2009-progress-thesis.pdf,"Primary-author corroboration for the Colvin-Dongol 2007/2009 lock-freedom lineage, including the global existential progress quantifier and the statement that the 2009 method supersedes the 2007 ideas"
S37,relaxed-memory-safety,"Verifying Lock-Free Traversals in Relaxed Memory Separation Logic","PLDI 2025 author version",10.1145/3729248,https://iris-project.org/pdfs/2025-pldi-weak-reachability.pdf,park-2025-lock-free-traversals.pdf,"Rocq/Iris mechanization of per-key linearizable safety specifications for lock-free lists, skiplists, and a priority queue under iRC11; strong CAS only, with no Treiber or liveness theorem"
S38,classical-safety,"Mechanizing a Correctness Proof for a Lock-Free Concurrent Stack","FMOODS 2008 IFIP open-access version",10.1007/978-3-540-68863-1_6,https://dl.ifip.org/db/conf/fmoods/fmoods2008/DerrickSW08.pdf,derrick-2008-lock-free-stack.pdf,"KIV-mechanized linearizability of a simplified core Treiber stack for arbitrarily many processes under interleaving strong-CAS semantics; no progress theorem"
S39,classical-safety,"Modular Verification of a Non-Blocking Stack","POPL 2007 author-hosted copy",10.1145/1190216.1190261,https://flint.cs.yale.edu/cs428/doc/non-blocking-stack.pdf,parkinson-2007-non-blocking-stack.pdf,"Manual concurrent-separation-logic safety proof for Michael's hazard-pointer stack and freelist with a fixed thread count under SC strong-CAS semantics; linearizability and liveness are outside scope"
S40,resource-liveness,"Rely-Guarantee Bound Analysis of Parameterized Concurrent Shared-Memory Programs","Formal Methods in System Design 2021 open-access version",10.1007/s10703-021-00370-8,https://d-nb.info/1234298783/34,pani-2021-rely-guarantee-bounds.pdf,"Automated Coachman bounds for a symbolic finite-N batch of one-shot Treiber push/pop operations with garbage collection under atomic SC strong-CAS semantics; no recurring-demand or weak-memory fairness theorem"
S41,classical-safety,"Formal Verification of Lock-Free Algorithms","ACSD 2009 archived author version",10.1109/ACSD.2009.10,https://scholar.archive.org/work/4pfn4w4inrcefh6ttsan4qe2sm/access/wayback/http://es.cs.uni-kl.de/publications/data/ScBa09.pdf,schellhorn-baeumler-2009-lock-free-algorithms.pdf,"Version-lineage overview of KIV linearizability verification for the core Treiber stack; stack lock-freedom is discussed informally rather than proved, under interleaving strong-CAS semantics"
S42,classical-progress,"Progress Guarantee for Parallel Programs via Bounded Lock-Freedom","PLDI 2009 author version",10.1145/1542476.1542493,https://csaws.cs.technion.ac.il/~erez/Papers/bounded-lf-pldi.pdf,petrank-2009-bounded-lock-freedom.pdf,"Defines bounded lock-freedom and CHESS-checks 2–6-thread one-shot harnesses for the Herlihy–Shavit LockFreeStack, a standard Treiber-style strong-CAS stack under explicit SC; separately observes that unbounded spurious LL/SC failure can destroy lock-freedom even when threads receive CPU steps"
S43,memory-reclamation,"Effective Memory Reclamation for Lock-Free Data Structures in C++","TU Wien diploma thesis (Diplomarbeit), 2018-01-22",10.34726/hss.2018.51367,https://repositum.tuwien.at/retrieve/8679,poeter-2018-memory-reclamation.pdf,"C++ memory-reclamation diploma thesis defining weak-CAS spurious failure and informally arguing that such failures do not spoil the non-Treiber Stamp-it algorithm's lock-freedom; no formal fairness or mechanization"
S44,classical-progress,"On the Use of Model Checking for the Bounded and Unbounded Verification of Nonblocking Concurrent Data Structures","Victoria University of Wellington doctoral thesis, 2013",10.26686/wgtn.17004076,https://ndownloader.figshare.com/files/31456201,friggens-2013-model-checking.pdf,"Spin checks bounded Treiber lock-freedom instances with explicit scheduler-fairness variants, while TVLA/3VMC checks unbounded Treiber linearizability; the thesis expressly does not establish unbounded progress"
S45,weak-memory-liveness,"Decidability of Liveness on the TSO Memory Model","FAC 38(1) 2026 final metadata and accessible 2021 arXiv preprint",10.1145/3766061,https://arxiv.org/pdf/2107.09930,wang-2026-tso-liveness-preprint.pdf,"Final-version abstract adds decidability and non-primitive-recursive complexity for fixed-k bounded wait-freedom and a TSO separation from bounded wait-freedom; the accessible preprint supplies the strong-CAS TSO model and core liveness theorems"
S46,mechanized-progress,"Correctness and Progress Verification of Non-Blocking Programs","University of Central Florida doctoral dissertation, 2019",,https://stars.library.ucf.edu/cgi/viewcontent.cgi?article=7557&context=etd,peterson-2019-progress-dissertation.pdf,"Expanded primary source for the MASCOTS descriptor-helping progress method: Coq/VST-assisted proofs for a transactional list and wait-free queue under SC strong-CAS assumptions; no Treiber or weak memory"
S47,classical-progress,"A Simple Proof System for Lock-Free Concurrency","PSPL 2010 open proceedings version",10.29007/n3nk,https://easychair.org/publications/paper/xJD/download,caires-2010-proof-system.pdf,"Three-page position paper giving conditional partial-correctness reasoning for strong LL/SC linked-list insertion; despite the title it proves no lock-freedom or fairness theorem"
S48,classical-safety,"A Proof System for Lock-Free Concurrency","NOVA University Lisbon master's thesis, 2013",,https://run.unl.pt/server/api/core/bitstreams/8a8e2a3b-3f6e-407e-9ca2-bdf249889f40/content,serra-2013-proof-system.pdf,"Expanded LL/SC program-logic thesis with Treiber-like linked-list push/pop examples; strong SC semantics and partial correctness only, with termination, fairness, and mechanization left open"
S49,classical-progress,"Temporal Logic Verification of Lock-Freedom","MPC 2010 CiteSeerX mirror of the institutional postprint",10.1007/978-3-642-13321-3_21,https://citeseerx.ist.psu.edu/document?doi=869ae96da6326045f6dcfd0c7dbf4574a19aabcf&repid=rep1&type=pdf,tofan-2010-temporal-lock-freedom.pdf,"KIV-mechanized temporal rely-guarantee lock-freedom proof for a Michael-Scott queue under weak-fair SC strong-CAS semantics; canonical provenance is Augsburg OPUS document 57145, whose download endpoint timed out during the corpus run"
S50,classical-progress,"A Scalable Lock-Free Stack Algorithm","SPAA 2004 author version",10.1145/1007912.1007944,https://people.csail.mit.edu/shanir/publications/Lock_Free.pdf,hendler-2004-scalable-stack.pdf,"Manual linearizability and lock-freedom proofs for the elimination-backoff stack, whose central structure is Treiber; the SC strong-CAS proof treats every failed central CAS as interference"
S51,parameterized-verification,"Thread-Modular Counter Abstraction: Automated Safety and Termination Proofs of Parameterized Software by Reduction to Sequential Program Verification","Formal Methods in System Design 2023 open-access version",10.1007/s10703-023-00439-6,https://link.springer.com/content/pdf/10.1007/s10703-023-00439-6.pdf,pani-2023-thread-modular-counter.pdf,"Generic arbitrary-thread safety and termination reduction with no stack, CAS, weak-memory, primitive-fairness, or proof-assistant case; retained as tool context rather than target prior art"
S52,fair-nontermination,"Detecting Fair Non-termination in Multithreaded Programs","CAV 2012 author-hosted conference version",10.1007/978-3-642-31424-7_19,https://github.com/michael-emmi/research-papers/raw/master/conf-cav-AtigBEL12.pdf,atig-2012-fair-nontermination.pdf,"Context-bounded detection of fair ultimately-periodic nontermination in atomic shared-memory programs; finds an OptimisticList lasso but has no weak memory, weak CAS, Treiber, positive progress theorem, or proof-assistant certificate"
S53,classical-progress,"Compositional Verification of Termination-Preserving Refinement of Concurrent Programs","CSL-LICS 2014 companion technical report (June 9, 2014)",10.1145/2603088.2603123,https://flint.cs.yale.edu/flint/publications/rgsimt-tr.pdf,liang-2014-termination-refinement-tr.pdf,"Direct reclamation-free Treiber linearizability and lock-freedom proof under atomic interleaving and strong CAS; failed CAS is required to witness another thread's successful update; no RC11, weak CAS, or machine-checked artifact"
S54,classical-progress,"The Design and Verification of Dynamic-sized Nonblocking Data Structures","Victoria University of Wellington PhD thesis, 2010",10.26686/wgtn.16969549.v1,https://ndownloader.figshare.com/files/31390636,doherty-2010-nonblocking-thesis.pdf,"The thesis's Chapters 3, 4, and 6 contain PVS-checked nonblocking verifications; Chapter 5 separately presents a lock-freedom-preserving transformation applied to Treiber but does not identify that transformation as PVS-checked; exact atomic CAS and no relaxed-memory treatment"
S55,weak-memory-safety,"Automated Robustness Verification of Concurrent Data Structure Libraries against Relaxed Memory Models","OOPSLA 2024 extended author version",10.1145/3689802,https://kartiknagar.github.io/publication/oopsla24/oopsla24.pdf,nagar-2024-robocop.pdf,"RoboCop proves RC20 robustness for unbounded library clients and evaluates Treiber; its CAS-loop transformation discards failed read-only iterations and proves safety/robustness rather than liveness or genuine weak-CAS behavior"
S56,weak-memory-safety,"Verifying General-Purpose RCU for Reclamation in Relaxed Memory Separation Logic","PLDI 2025 author version",10.1145/3729246,https://iris-project.org/pdfs/2025-pldi-weak-smr.pdf,jung-2025-rcu-relaxed-memory.pdf,"The paper uses Treiber-with-RCU as an illustrative iRC11 safety argument, but the archived Rocq artifact identifies mechanized RCU, mutex, queue, and list developments and contains no Treiber/stack file; exact CAS, no liveness, primitive justice, or all-spurious theorem"
S57,weak-memory-context,"Program Verification Under Weak Memory Consistency Using Separation Logic","CAV 2017 invited author version",10.1007/978-3-319-63387-9_2,https://people.mpi-sws.org/~viktor/papers/cav2017-invited.pdf,vafeiadis-2017-weak-memory-separation-logic.pdf,"Primary overview of C11 weak-memory separation logics; its displayed CAS is exact and its Coq checking concerns logic soundness, with no Treiber, fairness, infinite-execution, or liveness theorem"
S58,weak-memory-safety,"Formal Verification of a Concurrent Bounded Queue in a Weak Memory Model","ICFP 2021 author version",10.1145/3473571,https://iris-project.org/pdfs/2021-icfp-cosmo-queue-final.pdf,mevel-2021-weak-memory-bounded-queue.pdf,"Coq/Cosmo functional-correctness proof for a bounded MPMC queue under the Multicore OCaml weak-memory model; exact compare-and-set and an explicit statement that the implementation has no nonblocking property"
S59,weak-memory-safety,"Dynamic Robustness Verification against Weak Memory","PLDI 2025 author version and arXiv 2504.15036",10.1145/3729277,https://people.inf.ethz.ch/mkokologiann/papers/pldi2025-rsan.pdf,margalit-2025-dynamic-robustness.pdf,"RSan dynamically checks RC20 robustness and expressly supports genuine weak CAS that may fail after reading the expected value; it proves no Treiber liveness, fairness, primitive-justice, or all-spurious theorem"
S60,weak-memory-safety,"Scaling Up Relaxed Memory Verification with Separation Logics","Saarland University doctoral dissertation, 2024",10.22028/D291-43142,https://publikationen.sulb.uni-saarland.de/bitstream/20.500.11880/38842/1/thesis.pdf,dang-2024-relaxed-memory-verification-thesis.pdf,"Expanded Compass/iRC11 lineage with Coq proofs for reclamation-free Treiber and elimination-stack safety; CAS failure requires inequality and the specifications remain partial-correctness results without progress or fairness"
S61,fair-liveness,"Context-Bounded Verification of Liveness Properties for Multithreaded Shared-Memory Programs","POPL 2021 institutional primary version",10.1145/3434325,https://pure.mpg.de/rest/items/item_3337486/component/file_3337487/content,baumann-2021-context-bounded-liveness.pdf,"Decidability of context-bounded fair nontermination and fair starvation for dynamically spawned SC-style shared-memory threads; no Treiber, CAS, relaxed memory, primitive justice, or proof-assistant artifact"
S62,weak-memory-context,"Effective Program Verification for Relaxed Memory Models","CAV 2008 Microsoft Research author version",10.1007/978-3-540-70545-1_12,https://www.microsoft.com/en-us/research/wp-content/uploads/2016/02/burckhardt-musuvathi-CAV08.pdf,burckhardt-2008-relaxed-memory-verification.pdf,"Foundational automated TSO/store-buffer safety monitoring with bounded exploration; interlocked events abstract atomic read/write but no Treiber, CAS return semantics, liveness, fairness, or proof-assistant certificate"
S63,weak-memory-safety,"A Verification-Based Approach to Memory Fence Insertion in Relaxed Memory Systems","SPIN 2011 author postprint",10.1007/978-3-642-22306-8_10,https://orbi.uliege.be/bitstream/2268/91581/1/LW%20SPIN2011.pdf,linden-2011-memory-fence-insertion.pdf,"Automatic x86-TSO state-reachability verification and fence insertion for cyclic programs; CAS is a barrier-bearing exact operation and the result has no Treiber liveness, genuine weak CAS, or fairness theorem"
S64,generic-fairness,"Impartiality, Justice and Fairness: The Ethics of Concurrent Termination",ICALP 1981 Springer version,10.1007/3-540-10843-2_22,https://link.springer.com/content/pdf/10.1007/3-540-10843-2_22.pdf,lehmann-1981-impartiality-fairness.pdf,"Foundational transition-level impartiality, justice, and fairness conditions for concurrent termination; its justice is scheduler/transition fairness, not weak-CAS primitive justice, and it has no weak memory, Treiber, CAS, or mechanization"
S65,fair-nontermination,A Light-Weight Algorithm for Model Checking with Symmetry Reduction and Weak Fairness,SPIN 2003 author version,10.1007/3-540-44829-2_6,https://spinroot.com/spin/symposia/ws03/Bosnacki.pdf,bosnacki-2003-weak-fairness.pdf,"Explicit-state weak-process-fair cycle checking with symmetry reduction; the algorithm is intentionally incomplete and has no shared-memory object, CAS, RC11, primitive justice, or proof-assistant result"
S66,fair-liveness,PAT: Towards Flexible Verification under Fairness,CAV 2009 author version,10.1007/978-3-642-02658-4_59,https://pat.comp.nus.edu.sg/resources/publications/pdf/cav09.pdf,sun-2009-pat-fairness.pdf,"Finite-state executable liveness checking with event, process, weak, strong, and global fairness annotations; no Treiber, CAS semantics, weak memory, unbounded theorem, or proof-assistant certificate"
S67,mechanized-progress,CQS: A Formally-Verified Framework for Fair and Abortable Synchronization,PACMPL 2023 full arXiv version,10.1145/3591230,https://arxiv.org/pdf/2111.12682,koval-2023-cqs.pdf,"SC/ordinary-CAS fair synchronization framework with Coq/Iris safety proofs and manual progress analysis; a blocking-pool appendix uses a modified Treiber outer stack, but progress and FIFO fairness are not mechanized and the live cqs-proofs branch omits the referenced blocking-pool files"
S68,relaxed-memory-safety,Bounded Model Checking of Concurrent Data Types on Relaxed Memory Models: A Case Study,CAV 2006 Microsoft author version,10.1007/11817963_45,https://www.microsoft.com/en-us/research/wp-content/uploads/2016/02/cav06-1.pdf,burckhardt-2006-bmc-relaxed-data-types.pdf,"SAT-based bounded operation-level sequential-consistency checking for a two-lock queue under relaxed transformations; no Treiber, CAS return semantics, liveness, fairness, spurious failure, or mechanization"
S69,weak-memory-tools,Dartagnan: Bounded Model Checking for Weak Memory Models,TACAS 2020 author version,10.1007/978-3-030-45237-7_24,https://hernanponcedeleon.github.io/pdfs/svcomp20.pdf,ponce-de-leon-2020-dartagnan.pdf,Competition paper for a bounded counterexample checker parameterized by memory-model input; its evaluated configuration is SC plus atomic blocks and it proves no Treiber or weak-CAS liveness result
S70,weak-memory-tools,GenMC: A Model Checker for Weak Memory Models,CAV 2021 author version and source tag v0.6,10.1007/978-3-030-81685-8_20,https://people.inf.ethz.ch/mkokologiann/papers/cav2021-genmc.pdf,kokologiannakis-2021-genmc.pdf,"Direct RC11 and Treiber tool boundary: pinned v0.6 source exposes weak compare-exchange but ignores the LLVM weak flag in execution, while its Treiber test uses strong CAS; bounded safety/error checking only, with no fairness or positive progress theorem"
S71,weak-memory-liveness,On the Verification Problem for Weak Memory Models,POPL 2010 author version,10.1145/1706299.1706303,https://www.irif.fr/~abou/Articles/popl175-atig.pdf,atig-2010-weak-memory-verification.pdf,"Decidability and complexity boundary for reachability and repeated reachability under TSO/PSO/RMO-like models; no Treiber, genuine weak CAS, separated fairness, response theorem, or mechanization"
S72,weak-memory-safety,A Formal Analysis of the NVIDIA PTX Memory Consistency Model,ASPLOS 2019 NVIDIA manuscript,10.1145/3297858.3304043,https://d1qx31qr3h6wln.cloudfront.net/publications/ASPLOS_2019_PTXMemoryModel.pdf,lustig-2019-ptx-memory-model.pdf,"Alloy-tested and Coq-mechanized mapping from a scoped RC11-derived model to PTX; no Treiber, compare-exchange semantics, spurious failure, fairness, liveness, or lock-freedom theorem"
S73,concurrent-liveness,Formally Verified Liveness with Multiparty Session Types in Rocq,ITP 2026 published version,10.4230/LIPIcs.ITP.2026.4,https://drops.dagstuhl.de/storage/00lipics/lipics-vol382-itp2026/LIPIcs.ITP.2026.4/LIPIcs.ITP.2026.4.pdf,keskin-2026-mpst-liveness.pdf,"Rocq-checked communication-fair request/response liveness for synchronous multiparty sessions; no shared memory, CAS, Treiber, RC11, primitive justice, or all-spurious execution"
S74,generic-fairness,On the Semantics of Fair Parallelism,Warwick technical report CS-RR-031,10.1007/3-540-10007-5_47,https://wrap.warwick.ac.uk/id/eprint/59429/1/WRAP_Park_cs-rr-031.pdf,park-1979-fair-parallelism.pdf,"Foundational relational semantics for fair parallelism and unbounded nondeterminism; no CAS object, weak memory, primitive-justice factorization, or mechanization"
S75,mechanized-progress,A Compositional Proof Method for Linearizability Applied to a Wait-Free Multiset,IFM 2014 institutional postprint,10.1007/978-3-319-10181-1_22,https://opus.bibliothek.uni-augsburg.de/opus4/files/53640/53640.pdf,tofan-2014-wait-free-multiset.pdf,"KIV-mechanized finite-prefix linearizability and total-correctness/wait-freedom for an SC exact-CAS multiset; not Treiber, weak memory, genuine weak CAS, or a fairness-separated result"
S76,classical-progress,A Formal Reduction for Lock-Free Parallel Algorithms,CAV 2004 institutional publisher version,10.1007/978-3-540-27813-9_4,https://pure.rug.nl/ws/files/2980544/2004LNCSGao.pdf,gao-2004-lock-free-reduction.pdf,"PVS-supported refinement/reduction for exact LL/SC lock-free implementations; liveness uses strong fairness plus a separate eventual-reservation-success premise, but no Treiber, RC11, genuine weak CAS, or all-spurious execution"
S77,fair-nontermination,Fairness for Infinite-State Systems,TACAS 2015 author version,10.1007/978-3-662-46681-0_30,https://www.cse.chalmers.se/~piterman/publications/2015/CKP15a.pdf,cook-2015-infinite-state-fairness.pdf,"Fair-CTL and fair-termination reductions for infinite-state integer programs with a T2 prototype; no Treiber, CAS semantics, weak memory, primitive fairness, or proof-assistant certificate"
S78,classical-progress,Modular Termination Verification of Single-Threaded and Multithreaded Programs,TOPLAS 2018 institutional manuscript,10.1145/3210258,https://lirias.kuleuven.be/retrieve/411c54a9-cb2e-45d2-bd69-3a789d9cdec9,jacobs-2018-modular-termination.pdf,"VeriFast call-permission proof of termination for a Treiber-style exact-CAS push loop under SC and finite terminating clients; every retry denotes interference, while the concurrent stack case is not identified as Coq-mechanized"
S79,concurrent-liveness,A Separation Logic to Verify Termination of Busy-Waiting for Abrupt Program Exit,FTfJP 2020 arXiv version,10.1145/3427761.3428345,https://arxiv.org/pdf/2010.07800,reinhard-2020-abrupt-exit-termination.pdf,"Separation-logic termination proof under weak scheduler fairness for an abstract abrupt-exit busy-wait language; no weak memory, CAS, Treiber, primitive justice, or completed mechanization"
S80,concurrent-safety,Verified Lock-Free Session Channels with Linking,OOPSLA 2024 author version,10.1145/3689732,https://robbertkrebbers.nl/research/articles/linking_sessions.pdf,somers-2024-session-channels.pdf,Coq/Iris-mechanized functional correctness for SC exact-CAS session channels and queues; the paper explicitly excludes deadlock freedom and liveness
S81,generic-fairness,Almost Fair Simulations,OOPSLA 2025 author version,10.1145/3747512,https://finkbeiner.groups.cispa.de/_assets/paper.tAu56GyR.pdf,correnson-2025-almost-fair-simulations.pdf,"Rocq-formalized fairness-preserving simulation and fair trace/language inclusion for Buchi automata; no shared-memory algorithm, CAS, memory model, primitive justice, or object response theorem"
S82,classical-safety,Formal Construction of a Non-blocking Concurrent Queue Algorithm (a Case Study in Atomicity),JUCS 2005 archived article,10.3217/jucs-011-05-0744,https://zenodo.org/records/6996759/files/jucs_article_28407.pdf?download=1,abrial-2005-nonblocking-queue.pdf,"Mechanically proved Event-B-style refinement/serialization construction of the exact-CAS Michael-Scott queue for unknown process counts; no temporal progress, fairness, weak memory, or genuine weak-CAS theorem"
S83,fair-liveness,GPU Schedulers: How Fair Is Fair Enough?,CONCUR 2018 Dagstuhl version,10.4230/LIPIcs.CONCUR.2018.23,https://drops.dagstuhl.de/storage/00lipics/lipics-vol118-concur2018/LIPIcs.CONCUR.2018.23/LIPIcs.CONCUR.2018.23.pdf,sorensen-2018-gpu-scheduler-fairness.pdf,"SC scheduler-fairness analysis whose exact-CAS mutex retry loop terminates under weak fairness; no Treiber, genuine weak CAS, memory fairness, or mechanization"
S84,classical-progress,Verification of Scalable Synchronous Queue,CPP 2011 author technical report,10.1007/978-3-642-25379-9_19,https://math.pku.edu.cn/teachers/qiuzy/tr/report_SSQ.pdf,lei-2011-scalable-synchronous-queue.pdf,Rely-guarantee safety verification for an exact-CAS synchronous queue; per-call fairness fails and system liveness is only discussed because a strict temporal proof and proof-assistant implementation are future work
S85,concurrent-safety,Modular Full Functional Specification and Verification of Lock-Free Data Structures,KU Leuven technical report CW 551,,https://www.cs.kuleuven.be/publicaties/rapporten/cw/CW551.pdf,jacobs-2009-verifast-lockfree.pdf,VeriFast full-functional partial-correctness verification for SC exact-CAS lock-free queue structures and clients; progress and complexity properties are explicitly unverified
S86,classical-safety,Verification of a Lock-Free Implementation of Multiword LL/SC Object,IEEE DASC 2009 author-hosted publisher PDF,10.1109/DASC.2009.25,https://pure.rug.nl/ws/files/2675740/2009ProcIEEEDASCGao.pdf,gao-2009-multiword-llsc.pdf,"PVS-supported refinement of a finite-process multiword LL/SC implementation from exact CAS; the reported mechanization covers invariants and simulation, while no temporal lock-freedom theorem, fairness premise, Treiber case, weak memory, or genuine weak-CAS semantics is stated"
S87,classical-progress,Design and Verification of Lock-Free Parallel Algorithms,University of Groningen PhD thesis; institutional mirror,,"https://www.mi.fu-berlin.de/inf/groups/ag-tech/intern/19548-V-Model-Checking/Hui_Gao.pdf",gao-2005-lockfree-thesis.pdf,"Expanded Gao-Hesselink lineage: Chapter 4 gives an exact-CAS generic refinement and handwritten lock-freedom argument under strong fairness plus a separate eventual matching-indirection/success premise; Chapter 5 proves eventual reclamation within two garbage-collection rounds under atomic-action fairness and eventual GC invocation, with nearly all liveness lemmas mechanically checked in PVS; no Treiber instance, RC11, genuine weak CAS, or all-spurious separation"
S88,weak-memory-mechanization,Burrow: A Proof Framework for Weak Memory,CAV 2026 open-access author version,10.1007/978-3-032-32526-6_10,https://dennis.life/pubs/cav26-burrow.pdf,sprokholt-2026-burrow.pdf,"Agda framework for mechanized axiomatic weak-memory mapping and robustness proofs with an x86-to-Arm case study; it treats finite execution-graph consistency and mappings, not Treiber, compare-exchange result semantics, fairness, liveness, primitive justice, or response progress"
S89,classical-safety,Practical Lock-Free Implementation of LL/SC Using Only Pointer-Size CAS,ICISE 2009 institutional author PDF,10.1109/ICISE.2009.841,https://pure.rug.nl/ws/files/2669065/2009ProcICISEGao.pdf,gao-2009-practical-llsc.pdf,"PVS-supported invariant and refinement proof for an LL/SC implementation using exact pointer-size CAS; no temporal progress theorem, Treiber instance, weak memory, compare-equal spurious CAS, or fairness model"
S90,relaxed-memory-safety,CheckFence: Checking Consistency of Concurrent Data Types on Relaxed Memory Models,PLDI 2007 author PDF,10.1145/1250734.1250737,https://www.cis.upenn.edu/~alur/Pldi07.pdf,burckhardt-2007-checkfence.pdf,"Bounded SAT-based observational-equivalence and sequential-consistency checking for concurrent objects under relaxed hardware models; the examples use exact CAS and the result is safety-only"
S91,relaxed-memory-safety,RustBelt Meets Relaxed Memory,POPL 2020 author version,10.1145/3371102,https://plv.mpi-sws.org/rustbelt/rbrlx/paper.pdf,dang-2020-rustbelt-relaxed-memory.pdf,"Coq/Iris mechanization of Rust safety under ORC11/iRC11 with equality-guarded CAS; no Treiber, progress, fairness, or genuine weak-CAS result semantics"
S92,weak-memory-mechanization,Strong Logic for Weak Memory: Reasoning About Release-Acquire Consistency in Iris (Artifact),DARTS 2017 artifact description,10.4230/DARTS.3.2.15,https://drops.dagstuhl.de/storage/05darts/darts-vol003/darts-vol003-issue002_ecoop2017/DARTS.3.2.15/DARTS.3.2.15.pdf,kaiser-2017-strong-logic-artifact.pdf,"Two-page description of the Coq artifact for RSL/GPS encodings and release-acquire safety examples; it adds no independent liveness theorem, Treiber case, primitive justice, or all-spurious execution"
S93,concurrent-liveness,Ghost Signals: Verifying Termination of Busy-Waiting,2020 extended arXiv version; ESOP 2021 paper,10.1007/978-3-030-81688-9_2,https://arxiv.org/pdf/2010.11762,reinhard-2021-ghost-signals.pdf,"VeriFast-backed separation logic proving termination of busy-waiting programs under fair scheduling; examples include bounded FIFO and CLH structures but not Treiber, weak memory, or weak-CAS justice"
S94,classical-progress,A General Lock-Free Algorithm Using Compare-and-Swap,Information and Computation 2007 institutional author PDF,10.1016/j.ic.2006.10.003,https://pure.rug.nl/ws/files/2807412/2007InfCompGao.pdf,gao-hesselink-2007-general-lockfree.pdf,"Journal expansion of the Gao thesis exact-CAS generic construction: unbounded system-wide progress uses weak command fairness plus a separately fair internal-index choice, while PVS mechanization covers invariants and simulation rather than the liveness proof"
S95,classical-safety,Static Analysis of Atomicity for Programs with Non-Blocking Synchronization,PPoPP 2005 author PDF,10.1145/1065944.1065953,https://www.cs.ucf.edu/~lwang/papers/PPoPP05-nonblocking.pdf,wang-2005-static-atomicity.pdf,"Static atomicity analysis for exact LL/SC/CAS programs under SC-style semantics; manually evaluated rather than implemented and supplies no liveness theorem"
S96,weak-memory-verification,An MSO Framework for Weak-Memory Verification and Robustness,CONCUR 2026 arXiv v1,,https://arxiv.org/pdf/2606.20134,conrado-2026-mso-weak-memory.pdf,"Finite-domain MSO metatheory for weak-memory execution graphs, decidability, and robustness; generic RMW events but no CAS-result semantics, Treiber, fairness, liveness, or proof-assistant certificate"
S97,classical-verification,Awaiting for Godot: Stateless Model Checking that Avoids Executions where Nothing Happens,Formal Methods in System Design 2025 open arXiv version,10.1007/s10703-025-00479-0,https://arxiv.org/pdf/2208.09259,jonsson-2025-awaiting-godot.pdf,"Direct SC Treiber/spinloop model-checking neighbor: its theorems preserve behavior and establish correct optimal exploration for terminating programs, not Treiber progress; CAS is exact"
S98,weak-memory-verification,Optimal Stateless Model Checking under the Release-Acquire Semantics,OOPSLA 2018 arXiv version,10.1145/3276505,https://arxiv.org/pdf/1808.00843,abdulla-2018-optimal-ra-smc.pdf,"Sound complete optimal stateless model checking for terminating bounded RA programs; the core presentation omits RMWs and gives no fairness, weak-CAS, Treiber, or liveness theorem"
S99,weak-memory-verification,Model Checking for Weakly Consistent Libraries,PLDI 2019 author version,10.1145/3314221.3314609,https://plv.mpi-sws.org/genmc/paper.pdf,kokologiannakis-2019-weak-libraries.pdf,"GenMC precursor proving safety-exploration properties under RC11-family models; CAS is an atomic exact RMW and no Treiber progress or fairness theorem is established"
S100,concurrent-safety,Contextual Refinement of the Michael-Scott Queue (Proof Pearl),CPP 2021 author version,10.1145/3437992.3439930,https://iris-project.org/pdfs/2021-cpp-ms-queue-final.pdf,vindum-2021-ms-queue-refinement.pdf,"Coq/Iris contextual-refinement proof for an SC Michael-Scott queue; CAS failure is the unequal-value branch and the checked result is safety/refinement rather than liveness"
S101,classical-progress,Scalable Synchronous Queues,PPoPP 2006 author PDF,10.1145/1122971.1122994,https://www.cs.rochester.edu/u/scott/papers/2006_PPoPP_synch_queues.pdf,scherer-2006-scalable-synchronous-queues.pdf,"Dual synchronous stack and queue algorithms using Java exact compareAndSet; fair means FIFO request ordering and the paper supplies empirical results rather than a formal liveness theorem"
S102,weak-memory-verification,CDSChecker: Checking Concurrent Data Structures Written with C/C++ Atomics,OOPSLA 2013 author PDF,10.1145/2509136.2509514,http://plrg.eecs.uci.edu/publications/c11modelcheck.pdf,norris-2013-cdschecker.pdf,"C11 model checker with separately configurable scheduler fairness and memory-liveness bounds; the audited paper-era source aliases weak compare-exchange to strong and explicitly disables spurious failure, with no Treiber or liveness theorem"
S103,weak-memory-verification,Dynamic Partial Order Reductions for Spinloops,FMCAD 2021 author version,10.34727/2021/isbn.978-3-85448-046-4_25,https://people.inf.ethz.ch/mkokologiann/papers/fmcad2021-saver.pdf,kokologiannakis-2021-saver.pdf,"SAVER/GenMC supports RC11/IMM and evaluates a Treiber benchmark, but its spinloop reduction is justified only for safety and the paper states that liveness would require fairness; CAS is exact"
S104,concurrent-liveness,Transferring Obligations Through Synchronizations,ECOOP 2019 Dagstuhl version,10.4230/LIPIcs.ECOOP.2019.19,https://drops.dagstuhl.de/storage/00lipics/lipics-vol134-ecoop2019/LIPIcs.ECOOP.2019.19/LIPIcs.ECOOP.2019.19.pdf,hamin-2019-transferring-obligations.pdf,"VeriFast/Coq work on obligation transfer and deadlock freedom; its fair mutex uses fair monitor primitives or FIFO queues rather than scheduler or weak-CAS justice"
S105,relaxed-memory-safety,Memory Model Sensitive Analysis of Concurrent Data Types,University of Pennsylvania doctoral dissertation,,https://www.cis.upenn.edu/~alur/burckhardt.pdf,burckhardt-2007-memory-model-sensitive.pdf,"Dissertation expansion of CheckFence for bounded relaxed-memory safety checking with exact CAS; it selects operation-level sequential consistency and leaves generalized relaxed-memory linearizability open, with no liveness result"
S106,classical-safety,Towards Automatic Proofs of Lock-Free Algorithms,EC2/CAV Workshop 2008 HAL v1,,https://inria.hal.science/inria-00285752v1/file/ec2-08-fejoz-merz.pdf,fejoz-2008-automatic-lockfree.pdf,"SC exact-CAS refinement framework with an Isabelle/HOL proof that the generic conditions imply linearizability plus automated verification-condition experiments; toy examples only, with realistic data structures and liveness left open"
S107,classical-safety,Dérivation d'algorithmes sans verrou à partir d'une spécification atomique,AFADL 2007 HAL v1,,https://inria.hal.science/inria-00162146v1/file/afadl07-fejoz-merz.pdf,fejoz-2007-derivation-lockfree.pdf,"Early exact-CAS refinement method with Isabelle examples and automated obligations; explicitly excludes wait-, lock-, and obstruction-freedom liveness and reports the full method formalization as ongoing"
S108,classical-safety,Verified Incremental Development of Lock-Free Algorithms,Luxembourg Day on Security and Reliability 2009 author PDF,,https://members.loria.fr/SMerz/papers/p1day2009.pdf,deharbe-2009-verified-incremental-lockfree.pdf,"Isabelle/HOL-verified generic linearizability/refinement method applied to Harris RDCSS under SC exact CAS, with automatic-prover experiments; liveness and relaxing sequential consistency are explicit future work"
S109,weak-memory-verification,BMC for Weak Memory Models: Relation Analysis for Compact SMT Encodings,CONCUR 2019 institutional manuscript,10.1007/978-3-030-25540-4_19,https://aaltodoc.aalto.fi/server/api/core/bitstreams/5bb1b8d0-2472-40df-80ba-6f3319c26606/content,gavrilenko-2019-bmc-relation-analysis.pdf,"Precursor in the Dartagnan lineage: relation analysis yields compact bounded weak-memory safety encodings with atomic RMW relations, but no Treiber progress, fairness, or weak-CAS spuriosity theorem"
S110,weak-memory-semantics,Pomsets with Preconditions: A Simple Model of Relaxed Memory,OOPSLA 2020 author PDF,10.1145/3428262,https://fpl.cs.depaul.edu/jriely/papers/2020-oopsla.pdf,jagadeesan-2020-pomsets-preconditions.pdf,"Relaxed-memory pomset semantics with CAS and safety metatheorems; loops and recursion, and hence their liveness questions, are explicitly outside the model"
S111,weak-memory-tools,Kater: Automating Weak Memory Model Metatheory and Consistency Checking,OOPSLA 2023 author PDF,10.1145/3571212,https://plv.mpi-sws.org/kater/paper.pdf,kokologiannakis-2023-kater.pdf,"Automates axiomatic weak-memory metatheory and bounded consistency checking with RMW events; no concurrent-object response, fairness, or genuine weak-CAS theorem"
S112,weak-memory-testing,Probabilistic Concurrency Testing for Weak Memory Programs,ASPLOS 2023 institutional author PDF,10.1145/3575693.3575729,https://pure.tudelft.nl/ws/portalfiles/portal/148152318/3575693.3575729.pdf,gao-2023-probabilistic-concurrency-testing.pdf,"PCTWM samples bounded weak-memory executions and proves bug-detection probability bounds while modeling successful and failed RMW events; it proves neither correctness nor progress"
S113,weak-memory-verification,Optimal Reads-From Consistency Checking for C11-Style Memory Models,PLDI 2023 arXiv version,10.1145/3591251,https://arxiv.org/pdf/2304.03714,tunc-2023-optimal-reads-from.pdf,"TruSt checks C11-style consistency and bounded Treiber benchmarks; the result is finite safety exploration with atomic RMW events, not genuine weak-CAS justice or unbounded response progress"
S114,weak-memory-verification,Relaxed Memory Concurrency Re-executed,POPL 2025 institutional author PDF,10.1145/3704908,https://pure.tudelft.nl/ws/portalfiles/portal/236458880/3704908.pdf,moiseenko-2025-relaxed-memory-reexecuted.pdf,"Operational re-execution framework models successful and failed RMW events and safety checks for lock-free structures; it explicitly restricts execution graphs to finite ones and leaves infinite graphs, fairness, and termination to future work"
S115,relaxed-memory-safety,Verifying Concurrent Programs under Weak Memory Models,University of Paderborn doctoral dissertation,10.17619/UNIPB/1-247,https://digital.ub.uni-paderborn.de/hs/download/pdf/2678720,travkin-2017-weak-memory-dissertation.pdf,"Weak2SC plus Spin checks bounded TSO/PSO Treiber safety and linearizability scenarios using equality-based CAS as a fence; KIV mechanization concerns another case study and no Treiber liveness theorem is given"
S116,weak-memory-foundations,Herding Cats: Modelling Simulation Testing and Data Mining for Weak Memory,TOPLAS 2014 arXiv version,10.1145/2627752,https://arxiv.org/pdf/1308.6810,alglave-2014-herding-cats.pdf,"Foundational executable weak-memory models, herd tooling, and Coq correspondence work; checking is bounded and Power/ARM exclusive instructions used for CAS were left to future work"
S117,weak-memory-verification,Stateless Model Checking for POWER,CAV 2016 arXiv version,10.1007/978-3-319-41540-6_8,https://arxiv.org/pdf/1605.02185,abdulla-2016-smc-power.pdf,"Sound and optimal stateless POWER exploration with loop-unrolling bounds; the stack benchmark and execution-model deadlock-freedom do not constitute an object progress theorem"
S118,weak-memory-verification,Partial Orders for Efficient Bounded Model Checking of Concurrent Software,CAV 2013 author PDF,10.1007/978-3-642-39799-8_9,https://www.kroening.com/papers/cav2013-wpo.pdf,alglave-2013-partial-orders-bmc.pdf,"Weak-memory SAT/BMC encoding evaluated on lock-free benchmarks; the theorem is bounded safety, without fairness or object response progress"
S119,weak-memory-verification,Stateless Model Checking for TSO and PSO,Acta Informatica 2017 arXiv version,10.1007/s00236-016-0275-0,https://arxiv.org/pdf/1501.02069,abdulla-2017-smc-tso-pso.pdf,"Journal expansion of the TACAS 2015 trace-optimal TSO/PSO safety exploration result; executions are terminating and finite, with no liveness or fairness theorem"
S120,weak-memory-verification,Effective Stateless Model Checking for C/C++ Concurrency,POPL 2018 author PDF,10.1145/3158105,https://plv.mpi-sws.org/rcmc/full-paper.pdf,kokologiannakis-2018-effective-smc.pdf,"RC11 exact-CAS safety model checking can erase or replace failed retry iterations; that safety abstraction neither models compare-equal spuriosity nor proves loop progress"
S121,weak-memory-verification,HMC: Model Checking for Hardware Memory Models,ASPLOS 2020 author PDF,10.1145/3373376.3378480,https://plv.mpi-sws.org/wmc/hmc-paper.pdf,kokologiannakis-2020-hmc.pdf,"Direct bounded weak-hardware-memory Treiber safety benchmark under exact CAS; no fairness, weak-CAS justice, or unbounded response theorem"
S122,weak-memory-verification,Model Checking for a Multi-Execution Memory Model,OOPSLA 2022 author PDF,10.1145/3563315,https://eupp.github.io/papers/oopsla2022-wmc.pdf,moiseenko-2022-multi-execution.pdf,"Weakestmo2/WMC directly checks a bounded Treiber stack; manual loop unrolling for cross-tool fairness is experimental normalization, not an execution-fairness theorem"
S123,weak-memory-verification,Consistency-Preserving Propagation for SMT Solving of Concurrent Program Verification,OOPSLA 2022 author PDF,10.1145/3563321,https://feihe.github.io/materials/oopsla22.pdf,sun-2022-consistency-propagation.pdf,"Deagle theory solver for bounded SC/TSO/PSO safety; loops are unwound, normally to depth two, so a true verdict is not an unbounded progress result"
S124,weak-memory-verification,Model Checking C/C++ with Mixed-Size Accesses,POPL 2025 author PDF,10.1145/3704911,https://people.mpi-sws.org/~viktor/papers/popl2025-mixer.pdf,marmanis-2025-mixed-size.pdf,"Mixer proves DPOR properties for C/C++ mixed-size programs already guaranteed to terminate; that premise is not an object-level progress theorem"
S125,weak-memory-safety,Owicki–Gries Logic for Timestamp Semantics,2025 arXiv version,,https://arxiv.org/pdf/2505.15053,abe-2025-owicki-gries-timestamps.pdf,"Manual weak-memory safety logic without CAS-object, fairness, liveness, or reported mechanization results"
S126,weak-memory-tools,Enhancing GenMC's Usability and Performance,TACAS 2024 author PDF,10.1007/978-3-031-57249-4_4,https://plv.mpi-sws.org/genmc/tacas2024-gater.pdf,kokologiannakis-2024-enhancing-genmc.pdf,"GenMC revision with further Treiber state-space evidence; it belongs to the S70/PA49 tool lineage and adds no independent unbounded liveness result"
S127,weak-memory-testing,jMT: Testing Correctness of Java Memory Models,TACAS 2026 arXiv version,10.1007/978-3-032-22749-2_13,https://arxiv.org/pdf/2604.15978,panneke-2026-jmt.pdf,"Java multi-execution memory-model testing whose current input language omits key thread-lifecycle and termination features; no shared-object progress theorem"
S128,weak-memory-foundations,A Better x86 Memory Model: x86-TSO,TPHOLs 2009 author PDF,10.1007/978-3-642-03359-9_27,https://www.cl.cam.ac.uk/~pes20/weakmemory/x86tso-paper.tphols.pdf,owens-2009-x86-tso.pdf,"HOL4-founded x86-TSO semantics includes a store-buffer propagation condition and infinite executions, while the equivalence theorems are finite-execution scoped and contain no object or primitive-justice result"
S129,weak-memory-testing,Simulating Operational Memory Models Using Off-the-Shelf Program Analysis Tools,IEEE TSE 2023 author PDF,10.1109/TSE.2023.3326056,https://www.doc.ic.ac.uk/~afd/papers/2023/TSE.pdf,iorga-2023-simulating-memory-models.pdf,"CBMC/KLEE/fuzzer simulation of x86 and CPU/FPGA operational models is deliberately limited to litmus tests rather than full concurrent-object verification"
S130,weak-memory-foundations,The Java Memory Model,POPL 2005 author PDF,10.1145/1040305.1040336,https://pages.cs.wisc.edu/~markhill/restricted/popl05_java_memory.pdf,manson-2005-java-memory-model.pdf,"Foundational Java execution model explicitly assumes neither preemptive scheduling nor fairness; fairness is implementation-specific quality of service and no CAS/Treiber theorem is supplied"
S131,weak-memory-mechanization,Mathematizing C++ Concurrency,POPL 2011 institutional author PDF,10.1145/1926385.1926394,https://kar.kent.ac.uk/50265/1/popl085ap-sewell.pdf,batty-2011-mathematizing-cpp.pdf,"Isabelle/HOL C++ memory/RMW semantics and executable checking; no concurrent-object progress, fairness, or genuine weak-CAS outcome model"
S132,weak-memory-foundations,"Modelling the ARMv8 Architecture, Operationally: Concurrency and ISA",POPL 2016 institutional author PDF,10.1145/2837614.2837615,https://research-repository.st-andrews.ac.uk/bitstream/handle/10023/8431/top.pdf?isAllowed=y&sequence=1,flur-2016-armv8-operational.pdf,"ARMv8 architecture semantics, finite small-code exploration, and initial Isabelle generation; no Treiber/CAS response or fairness theorem"
S133,weak-memory-semantics,A Promising Semantics for Relaxed-Memory Concurrency,POPL 2017 author PDF,10.1145/3009837.3009850,https://sf.snu.ac.kr/promise-concurrency/publications/promising.pdf,kang-2017-promising-semantics.pdf,"Coq-backed relaxed-memory/RMW safety metatheory that explicitly lists liveness guarantees as future work; no Treiber or weak-CAS justice result"
S134,weak-memory-semantics,Grounding Thin-Air Reads with Event Structures,POPL 2019 author PDF,10.1145/3290383,https://plv.mpi-sws.org/weakest/paper.pdf,chakraborty-2019-grounding-thin-air.pdf,"Weakestmo models successful update and failed-load CAS outcomes and proves DRF/compilation results, but no object liveness/fairness theorem; proof-assistant formalization is future work"
S135,weak-memory-verification,CAAT: Consistency as a Theory,OOPSLA 2022 author PDF,10.1145/3563292,https://hernanponcedeleon.github.io/pdfs/oopsla2022.pdf,haas-2022-caat.pdf,"Direct bounded Treiber safety checking under ARMv8 and other weak models with exact atomic RMW semantics; no weak-CAS justice or unbounded response theorem"
S136,classical-progress,Simulation Refinement for Concurrency Verification,Science of Computer Programming 2011 institutional PDF,10.1016/j.scico.2009.09.006,https://pure.rug.nl/ws/portalfiles/portal/2542927/2011SciComputProgHesselink2.pdf,hesselink-2011-simulation-refinement.pdf,"Weak-fairness-preserving refinement plus a generic exact-CAS retry system whose weakly fair executions have system-wide responses; PVS supports the framework/case studies, but no Treiber, weak memory, or genuine weak-CAS result"
S137,concurrent-safety,Mechanized Verification of a Fine-Grained Concurrent Queue from Meta's Folly Library,CPP 2022 author PDF,10.1145/3497775.3503689,https://iris-project.org/pdfs/2022-cpp-folly-queue.pdf,vindum-2022-folly-queue.pdf,"Coq/Iris contextual-refinement proof for a fixed-capacity blocking queue; the original C++ relaxed-memory behavior is explicitly omitted and no progress theorem is proved"
S138,relaxed-memory-safety,A Verified High-Performance Composable Object Library for Remote Direct Memory Access,OOPSLA 2026 extended arXiv version,10.1145/3776713,https://arxiv.org/pdf/2510.10531,ambal-2026-rdma-object-library.pdf,"Composable RDMA/TSO object library with exact CAS, refinement, and paper proofs; no C11 Treiber, genuine weak CAS, fairness factorization, or mechanized liveness"
S139,weak-memory-verification,BWoS: Formally Verified Block-Based Work Stealing for Parallel Processing,OSDI 2023 open proceedings PDF,,https://www.usenix.org/system/files/osdi23-wang-jiawei.pdf,wang-2023-bwos.pdf,"GenMC/VSync checks every unbounded spin loop and bounded fail-retry loop in small fixed IMM/RC11 BWoS clients, but cannot verify individual operations generally and proves no unbounded object-response theorem"
S140,memory-reclamation,The Repeat Offender Problem: A Mechanism for Supporting Dynamic-Sized Lock-Free Data Structures,DISC 2002 Brown technical-report PDF,10.1007/3-540-36108-1_23,https://cs.brown.edu/~mph/HerlihyLM02/smli_tr-2002-112.pdf,herlihy-2002-repeat-offender.pdf,"Dynamic lock-free reclamation with exact CAS and a wait-free Liberate operation under classical memory; relevant boundary for a target that is explicitly reclamation-free"
S141,weak-memory-safety,Unifying Weak Memory Verification Using Potentials,FM 2024/2025 proceedings manuscript,10.1007/978-3-031-71162-6_27,https://orbilu.uni.lu/bitstream/10993/62434/1/978-3-031-71162-6.pdf,bargmann-2025-piccolo.pdf,"Piccolo unifies SC/TSO/SRA safety proof rules; RMW operations are future work and no liveness theorem is established"
S142,weak-memory-verification,Efficiently Adapting Stateless Model Checking for C11/C++11 to Mixed-Size Accesses,APLAS 2024 open Springer PDF,10.1007/978-981-97-8943-6_17,https://link.springer.com/content/pdf/10.1007/978-981-97-8943-6_17.pdf,sato-2024-mixed-size-smc.pdf,"Safety-oriented mixed-size stateless checking; the paper explicitly notes loss of temporal/liveness properties and leaves mixed-size atomic semantics open"
S143,concurrent-safety,Iris from the Ground Up: A Modular Foundation for Higher-Order Concurrent Separation Logic,JFP 2018 author preprint,10.1017/S0956796818000151,https://www.mpi-sws.org/~dreyer/papers/iris-ground-up/paper.pdf,jung-2018-iris-ground-up.pdf,"Coq-formalized concurrent-safety foundation with exact equality-based CAS; no weak memory, Treiber, fairness, or liveness theorem"
S144,classical-progress,Practical Considerations for Non-Blocking Concurrent Objects,ICDCS 1993 author PostScript converted to PDF,10.1109/ICDCS.1993.287700,https://www.cs.cmu.edu/afs/cs.cmu.edu/project/mach/public/doc/published/non-blocking.ps,bershad-1993-practical-nonblocking.pdf,"Advisory CAS may return failure without proving mismatch, an early conservative/spurious-failure precedent; no fairness, weak-memory model, or response-progress theorem"
S145,classical-progress,A Methodology for Implementing Highly Concurrent Data Objects,TOPLAS 1993 author-hosted PDF,10.1145/161468.161469,https://www.cs.utexas.edu/~lorenzo/corsi/cs380d/papers/p745-herlihy.pdf,herlihy-1993-methodology.pdf,"Explicitly names unchanged-value store-conditional failures spurious and qualifies lock-/wait-freedom by their absence; no justice model, all-spurious counterexecution, weak memory, or Treiber composition"
S146,classical-progress,A Method for Implementing Lock-Free Shared-Data Structures,SPAA 1993 expanded institutional report,10.1145/165231.165265,https://pure.mpg.de/rest/items/item_1834238_5/component/file_2019499/content,barnes-1993-lockfree-shared-data.pdf,"Historical exact-LL/SC nonblocking construction with system-wide progress and work bounds under arbitrary scheduling delays; no spurious-CAS or weak-memory theorem"
S147,fairness-foundations,The Temporal Logic of Actions,TOPLAS 1994 author PDF,10.1145/177492.177726,https://lamport.org/pubs/lamport-actions.pdf,lamport-1994-tla.pdf,"Foundational weak/strong fairness and leads-to proof rules; general fairness factorization predates the target, but no weak-CAS, RC11, or Treiber result is present"
S148,classical-progress,Practical Implementations of Non-Blocking Synchronization Primitives,PODC 1997 ACM open-access PDF,10.1145/259380.259442,https://dl.acm.org/doi/pdf/10.1145/259380.259442,moir-1997-practical-primitives.pdf,"Restricted store-conditional may fail spuriously; Theorem 3 obtains wait-free constant-time behavior only when each invocation has finitely many spurious failures, a direct historical primitive-progress premise"
S149,concurrent-safety,RustBelt: Securing the Foundations of the Rust Programming Language,POPL 2018 author PDF,10.1145/3158154,https://jhjourdan.mketjh.fr/pdf/jourdan2018rustbelt.pdf,jung-2018-rustbelt.pdf,"Coq/Iris kernel-checked Rust safety under SC atomics; relaxed atomics are omitted and CAS is exact, with no progress or fairness result"
S150,weak-memory-foundations,Frightening Small Children and Disconcerting Grown-Ups: Concurrency in the Linux Kernel,ASPLOS 2018 institutional author PDF,10.1145/3173162.3177156,https://discovery.ucl.ac.uk/id/eprint/10070727/1/asplos18.pdf,alglave-2018-linux-kernel-memory-model.pdf,"Executable Linux Kernel Memory Model and hand-proved RCU/implementation results; no CAS response, fairness, or Treiber theorem"
S151,weak-memory-verification,Static Analysis of Memory Models for SMT Encodings,OOPSLA 2023 author PDF,10.1145/3622855,https://hernanponcedeleon.github.io/pdfs/oopsla2023.pdf,haas-2023-static-analysis.pdf,"Dartagnan checks C11-atomic Treiber safety and Lahav-style liveness under ARMv8/RISC-V for 3–6 threads, but loops are unrolled twice and spins once; no unbounded theorem or genuine weak CAS"
S152,classical-progress,Nonblocking K-Compare-Single-Swap,SPAA 2003 author PDF,10.1145/777412.777468,https://people.csail.mit.edu/shanir/publications/Nonblocking%20k-compare.pdf,luchangco-2003-kcss.pdf,"SC may conservatively fail after interfering reads even if the abstract value returns unchanged; obstruction-freedom follows only in a solo/no-access interval, without fairness or weak-CAS justice"
S153,concurrent-safety,Verifying a Concurrent Data Structure from the Dartino Framework in Iris,2017 Iris workshop/case-study PDF,,https://iris-project.org/pdfs/2017-case-study-verifying-dartino-framework.pdf,krogh-jespersen-2017-dartino-queue.pdf,"Coq/Iris logically atomic verification of an exact-CAS scheduler queue under SC-style semantics; no progress, fairness, or weak-memory result"
S154,classical-progress,Hazard Pointers: Safe Memory Reclamation for Lock-Free Objects,IEEE TPDS 2004 author PDF,10.1109/TPDS.2004.8,https://www.cs.otago.ac.nz/cosc440/readings/hazard-pointers.pdf,michael-2004-hazard-pointers.pdf,"Hazard-pointer reclamation and a lock-free LIFO under a classical asynchronous exact-CAS model; the LL/SC discussion explicitly permits occasional but not infinitely repeated spurious SC failure, giving an early primitive-progress boundary without RC11 or a separate justice theorem"
S155,classical-progress,A Wait-Free Queue as Fast as Fetch-and-Add,PPoPP 2016 author PDF,10.1145/2851141.2851168,https://web.archive.org/web/20160803104053id_/http://chaoran.me:80/assets/pdf/wfq-ppopp16.pdf,yang-2016-wait-free-queue.pdf,"Paper-proved SC wait-free queue using native fetch-and-add and exact CAS; its LL/SC emulation discussion explicitly observes that an unbounded retry loop loses wait-freedom"
S156,classical-safety,Comparison Under Abstraction for Verifying Linearizability,CAV 2007 author PDF,10.1007/978-3-540-73368-3_49,https://research.cs.wisc.edu/wpis/papers/cav07.linearizability.pdf,amit-2007-comparison-abstraction.pdf,"Automatic TVLA proof of Treiber linearizability for bounded thread counts under garbage collection and exact CAS; a safety result with no weak-memory or positive progress theorem"
S157,classical-progress,A Refinement Proof of a Multiword LL/SC Object,2006 University of Groningen technical report,,https://www.cs.rug.nl/~wim/pub/whh349jej.pdf,hesselink-jonker-2006-multiword-llsc.pdf,"PVS-verified refinement of a finite-process wait-free multiword LL/SC implementation from single-word LL/SC and safe variables; weak fairness supports the transition-system account, while the paper has no Treiber, weak memory, genuine weak CAS, or primitive-justice separation"
S158,classical-progress,Lock-Free Parallel Garbage Collection,FM 2005 institutional author PDF,10.1007/11576235_31,https://pure.tue.nl/ws/portalfiles/portal/2184465/200431.pdf,gao-2005-lock-free-garbage-collection.pdf,"Conference version in the S87/PA52 thesis lineage: PVS-supported safety plus eventual reclamation under atomic-action fairness and eventual garbage-collection invocation; retained for version provenance rather than counted as independent prior art"
S159,classical-progress,Lock-Free Parallel and Concurrent Garbage Collection by Mark&Sweep,Science of Computer Programming 2007 institutional author PDF,10.1016/j.scico.2006.10.001,https://pure.rug.nl/ws/files/2794847/2007SciCompProgGao.pdf,gao-2007-mark-sweep-garbage-collection.pdf,"Journal version in the S87/PA52 lineage: PVS-supported safety plus eventual reclamation under atomic-action fairness and eventual garbage-collection invocation; retained for version provenance rather than counted as an independent theorem family"
S160,memory-reclamation,Brief Announcement: Hazard Eras - Non-Blocking Memory Reclamation,PODC 2017 author PDF,10.1145/3087556.3087588,https://raw.githubusercontent.com/pramalhe/ConcurrencyFreaks/master/papers/hazarderas-2017.pdf,ramalhete-2017-hazard-eras.pdf,"Nonblocking memory-reclamation scheme evaluated with lock-free structures under classical exact-CAS assumptions; adjacent reclamation context without a weak-memory Treiber progress theorem or spurious-CAS fairness"
S161,classical-progress,Simple Fast and Practical Non-Blocking and Blocking Concurrent Queue Algorithms,PODC 1996 author PDF,10.1145/248052.248106,https://www.cs.rochester.edu/u/scott/papers/1996_PODC_queues.pdf,michael-scott-1996-queues.pdf,"Canonical Michael-Scott queue paper proving linearizability and system-wide nonblocking progress under classical exact CAS or LL/SC; no weak memory, formal fairness split, or genuine weak-CAS semantics"
S162,classical-progress,Generality and Speed in Nonblocking Dual Containers,ACM TOPC 2017 author PDF,10.1145/3040220,https://www.cs.rochester.edu/u/scott/papers/2017_Izraelevitz_TOPC_duals.pdf,izraelevitz-scott-2017-dual-containers.pdf,"Nonblocking dual-container framework whose appendix converts a Treiber stack using exact CAS; classical progress and performance result without weak memory, primitive justice, or mechanized composition"
S163,classical-verification,Lincheck: A Practical Framework for Testing Concurrent Data Structures on JVM,CAV 2023 publisher PDF,10.1007/978-3-031-37706-8_8,https://link.springer.com/content/pdf/10.1007/978-3-031-37706-8_8.pdf,koval-2023-lincheck.pdf,"Testing and bounded model checking for JVM concurrent data structures; checks safety and obstruction-freedom-style conditions under SC, while weak-memory GenMC integration and general lock-/wait-freedom remain future work"
S164,classical-progress,Fast Concurrent Queues for x86 Processors,PPoPP 2013 author PDF,10.1145/2442516.2442527,https://www.cs.tau.ac.il/~mad/publications/ppopp2013-x86queues.pdf,morrison-afek-2013-x86-queues.pdf,"x86 queue algorithms using exact CAS and fetch-and-add with classical progress arguments; no language-level RC11, genuine weak CAS, separated fairness assumptions, or mechanized theorem"
S165,classical-progress,Randomized Abortable Mutual Exclusion with Constant Amortized RMR Complexity on the CC Model,PODC 2017 HAL author PDF,10.1145/3087801.3087837,https://hal.inria.fr/hal-01635734/file/podc2017mutex.pdf,giakkoupis-woelfel-2017-abortable-mutex.pdf,"Randomized abortable mutual-exclusion progress and complexity result under a classical cache-coherent shared-memory model; no Treiber, weak memory, or weak-CAS justice result"
S166,classical-progress,Deterministic Abortable Mutual Exclusion with Sublogarithmic Adaptive RMR Complexity,PODC 2018 author PDF,10.1145/3212734.3212759,https://www.cs.tau.ac.il/~mad/publications/podc2018-mutex.pdf,alon-morrison-2018-abortable-mutex.pdf,"Deterministic abortable mutual-exclusion progress and RMR-complexity result under classical primitives; no Treiber, RC11, genuine weak CAS, or fairness-factorization theorem"
S167,classical-progress,Fast and Scalable Channels in Kotlin Coroutines,PPoPP 2023 arXiv version,10.1145/3572848.3577481,https://arxiv.org/pdf/2211.04986,koval-2023-kotlin-channels.pdf,"Lock-free and blocking channel algorithms with exact atomic primitives under JVM/Kotlin semantics; no RC11 Treiber case, genuine weak-CAS justice, or machine-checked progress composition"
S168,classical-progress,RMR-Efficient Randomized Abortable Mutual Exclusion,DISC 2012 arXiv version,10.1007/978-3-642-33651-5_19,https://arxiv.org/pdf/1208.1723,pareek-woelfel-2012-abortable-mutex.pdf,"Randomized abortable mutual-exclusion algorithm and RMR bounds in a classical shared-memory model; adjacent progress context without the target object, weak memory, or primitive-fairness semantics"
S169,weak-memory-verification,AutoMO: Automatic Inference of Memory Order Parameters for C/C++11,OOPSLA 2015 author PDF,10.1145/2814270.2814286,https://peizhaoo.github.io/drafts/oopsla15_automo_preprint.pdf,ou-2015-automo.pdf,"CDSChecker-based bounded memory-order inference evaluated on a three-thread C/C++11 Treiber client; exact CAS and finite trace/SC-equivalence checking only, with no progress or fairness theorem"
S170,classical-verification,An Integrated Specification and Verification Technique for Highly Concurrent Data Structures,STTT 2017 author PDF,10.1007/s10009-016-0415-4,https://user.it.uu.se/~bengt/Papers/Full/sttt17.pdf,abdulla-2017-integrated-data-structures.pdf,"Fully automatic SC linearizability/conformance verification for Treiber variants with arbitrary thread counts and unbounded heap/data domains; exact CAS and safety only"
S171,weak-memory-liveness,Compiler Optimisations and Relaxed Memory Consistency Models,2017 doctoral dissertation,10.70675/5c9ea897z1b59z4f1bza9d9z9019d5a87c13,https://fzn.fr/students/morisset-phd.pdf,morisset-2017-compiler-optimisations.pdf,"Unbounded C11 LibKPN scheduler progress under a minimal scheduler-fairness condition; Treiber appears only as a compiler-fence benchmark and the primitive is exact CAS, so this is not a weak-CAS Treiber response theorem"
S172,weak-memory-verification,Library Abstraction for C/C++ Concurrency,POPL 2013 author PDF,10.1145/2429069.2429099,https://www.cl.cam.ac.uk/~pes20/group_papers/POPL.13.library_abstraction_c_cpp.pdf,batty-2013-library-abstraction.pdf,"Direct C11 Treiber library abstraction and compositional safety result with exact CAS; abstract calls may nondeterministically diverge to model starvation, and no positive progress or fairness theorem is proved"
S173,weak-memory-verification,SPORE: Combining Symmetry and Partial Order Reduction,PLDI 2024 extended author PDF,10.1145/3656449,https://plv.mpi-sws.org/genmc/pldi2024-spore-full.pdf,kokologiannakis-2024-spore.pdf,"Symmetry plus partial-order reduction for finite RC11 programs with a direct Treiber benchmark; exact CAS and bounded safety exploration, not unbounded response progress"
S174,weak-memory-testing,C11Tester: A Race Detector for C/C++ Atomics,ASPLOS 2021 arXiv version,10.1145/3445814.3446711,https://arxiv.org/pdf/2102.07901,luo-2021-c11tester.pdf,"C/C++11 execution exploration and race detection; the audited implementation explicitly aliases weak compare-exchange to strong and states that spurious failure is not modeled"
S175,weak-memory-mechanization,Truly Stateless Optimal Dynamic Partial Order Reduction,POPL 2022 author PDF,10.1145/3498711,https://plv.mpi-sws.org/genmc/popl2022-trust-full.pdf,kokologiannakis-2022-trust.pdf,"Coq-proved sound complete optimal DPOR for bounded-size programs under SC TSO PSO and RC11; no Treiber instance, genuine weak CAS, fairness, or positive object-progress theorem"
S176,weak-memory-safety,Correct and Efficient Work-Stealing for Weak Memory Models,PPoPP 2013 author PDF,10.1145/2442516.2442524,https://fzn.fr/readings/ppopp13.pdf,le-2013-work-stealing.pdf,"Weak-memory Chase-Lev deque correctness with compare_exchange_strong; the paper explicitly permits a stationary nonfinal infinite loop and therefore supplies no positive progress theorem"
S177,weak-memory-verification,On Library Correctness under Weak Memory Consistency: Specifying and Verifying Concurrent Libraries under Declarative Consistency Models,POPL 2019 author PDF,10.1145/3290381,https://plv.mpi-sws.org/yacovet/paper.pdf,raad-2019-library-correctness.pdf,"Declarative framework encoding RC11 and other memory models; verifies weak-stack and elimination-stack safety/composition, with a simplified modularity theorem mechanized in Coq; exact CAS and no positive liveness theorem"
S178,classical-verification,Automated Verification of Linearization Policies,SAS 2016 author PDF,10.1007/978-3-662-53413-7_4,https://user.it.uu.se/~bengt/Papers/Full/sas16.pdf,abdulla-2016-linearization-policies.pdf,"Automatic SC linearizability verification for arbitrary thread counts and unbounded heap/data, with a direct Treiber-stack evaluation; exact CAS and safety only"
S179,classical-verification,Parameterized Verification of Systems with Component Identities Using View Abstraction,STTT 2022 open-access version,10.1007/s10009-022-00648-0,https://link.springer.com/content/pdf/10.1007/s10009-022-00648-0.pdf,lowe-2022-view-abstraction.pdf,"Parameterized CSP/view-abstraction verification for arbitrary thread and node populations; direct TreiberStack cases establish safety and selected deadlock-freedom properties under exact-CAS abstraction, not RC11 liveness"
S180,classical-verification,Poling: SMT Aided Linearizability Proofs,CAV 2015 author PDF,10.1007/978-3-319-21668-3_1,https://gpetri.github.io/publis/poling-cav15.pdf,zhu-2015-poling.pdf,"SMT/separation-logic automation for a most-general unbounded client, with Treiber and elimination-stack cases under atomic exact-CAS semantics; linearizability safety only"
S181,weak-memory-safety,On Abstraction and Compositionality for Weak-Memory Linearisability,VMCAI 2018 author PDF,10.1007/978-3-319-73721-8_9,https://fpl.cs.depaul.edu/jriely/papers/2018-vmcai.pdf,dongol-2018-hb-linearisability.pdf,"Real-time and causal hb-linearisability abstraction/composition for weak memory, with direct acquire/release Treiber reasoning; exact CAS, no positive liveness theorem, and no mechanized artifact"
S182,weak-memory-safety,Making Linearizability Compositional for Partially Ordered Executions,IFM 2018 full author version,10.1007/978-3-319-98938-9_7,https://brijeshdongol.github.io/full-version/IFM-2018-full.pdf,doherty-2018-causal-linearizability.pdf,"Causal-linearizability composition and hb-simulation applied directly to a blocking-on-empty release/acquire C11 Treiber stack; finite safety with exact CAS and no progress theorem"
S183,weak-memory-verification,"GPS: Navigating Weak Memory with Ghosts, Protocols, and Separation",OOPSLA 2014 author PDF,10.1145/2660193.2660243,https://plv.mpi-sws.org/gps/paper.pdf,turon-2014-gps.pdf,"Coq-checked program-logic soundness against axiomatic C11 and a Michael-Scott queue safety case; exact CAS, no Treiber or positive liveness/fairness theorem"
S184,concurrent-safety,"A Scalable, Correct Time-Stamped Stack",POPL 2015 author PDF,10.1145/2775051.2676963,https://www.cs.uni-salzburg.at/~ahaas/papers/POPL15-TSStack.pdf,dodds-2015-timestamped-stack.pdf,"Generic stack-correctness theorem machine-checked in Isabelle plus linearizability and handwritten lock-freedom results for the time-stamped stack; exact CAS and SC-style reasoning, not Treiber or weak CAS"
S185,concurrent-verification,Monitoring Refinement via Symbolic Reasoning,PLDI 2015 author PDF,10.1145/2737924.2737983,https://www.lix.polytechnique.fr/~cenea/papers/pldi2015.pdf,emmi-2015-monitoring-refinement.pdf,"Runtime history-monitoring theory with an exact-CAS Treiber example that exposes an ABA/reclamation bug; bounded/runtime safety checking rather than weak-memory progress"
S186,concurrent-verification,Tractable Refinement Checking for Concurrent Objects,POPL 2015 author PDF,10.1145/2775051.2677002,https://www.lix.polytechnique.fr/~cenea/papers/popl2015.pdf,bouajjani-2015-tractable-refinement.pdf,"History-inclusion approximation and bounded tool checks for concurrent stacks and queues, including exact-CAS Treiber bugs; SC safety testing with no liveness theorem"
S187,weak-memory-progress,Portable Inter-workgroup Barrier Synchronisation for GPUs,OOPSLA 2016 author PDF,10.1145/2983990.2984032,https://www.doc.ic.ac.uk/~afd/papers/2016/OOPSLA.pdf,sorensen-2016-gpu-barrier.pdf,"GPU barrier proof that explicitly separates scheduling/occupancy assumptions from a memory-progress premise forbidding indefinitely stale reads; no CAS, Treiber, or primitive justice"
S188,weak-memory-verification,Modular Data-Race-Freedom Guarantees in the Promising Semantics,PLDI 2021 author PDF,10.1145/3453483.3454082,https://www.cs.tau.ac.il/~orilahav/papers/pldi21.pdf,cho-2021-promising-ldrf.pdf,"Coq-mechanized local-DRF results for the promising semantics; weak-memory safety metatheory without a Treiber/CAS progress theorem"
S189,weak-memory-verification,Compositional Reasoning for Non-multicopy Atomic Architectures,Formal Aspects of Computing 2023 author PDF,10.1145/3574137,https://staff.itee.uq.edu.au/smith/recent/fm.pdf,coughlin-2023-nonmulticopy.pdf,"Isabelle/HOL soundness for compositional architectural weak-memory reasoning; the Hoare validity is explicitly partial and supplies no object-progress result"
S190,relaxed-object-correctness,Defining Correctness Conditions for Concurrent Objects in Multicore Architectures,ECOOP 2015 Dagstuhl version,10.4230/LIPIcs.ECOOP.2015.470,https://drops.dagstuhl.de/storage/00lipics/lipics-vol037-ecoop2015/LIPIcs.ECOOP.2015.470/LIPIcs.ECOOP.2015.470.pdf,dongol-2015-correctness-conditions.pdf,"Formal hierarchy of relaxed-memory object correctness conditions and a non-blocking compositional fence-consistency condition for TSO; safety/correctness theory without weak-CAS fairness"
S191,weak-memory-semantics,A Concurrency Semantics for Relaxed Atomics That Permits Optimisation and Avoids Thin-Air Executions,POPL 2016 author PDF,10.1145/2837614.2837616,https://www.cl.cam.ac.uk/~jp622/thin-air.pdf,pichon-pharabod-2016-relaxed-atomics.pdf,"Mechanized and executable relaxed-atomic/event-structure semantics that avoids classic thin-air examples; no concurrent-object or progress theorem"
S192,weak-memory-semantics,Taming Release-Acquire Consistency,POPL 2016 author PDF and Coq project,10.1145/2837614.2837643,https://plv.mpi-sws.org/sra/paper.pdf,lahav-2016-taming-ra.pdf,"Coq proofs for SRA operational/axiomatic equivalence, DRF, fences, and mappings; no Treiber, fairness, genuine weak CAS, or liveness result"
S193,weak-memory-semantics,Weakening WebAssembly,OOPSLA 2019 extended author PDF,10.1145/3360559,https://conrad-watt.github.io/papers/watt2019.pdf,watt-2019-weakening-webassembly.pdf,"Formal concurrent WebAssembly memory semantics, SMT litmus checker, and SC-DRF theorem; exact cmpxchg but no object progress or fairness theorem"
S194,weak-memory-testing,How Hard Is Weak-Memory Testing?,POPL 2024 author PDF,10.1145/3632908,https://cs.au.dk/~pavlogiannis/publications/papers/popl24a.pdf,chakraborty-2024-weak-memory-testing.pdf,"Complexity boundary for bounded consistency testing across release-acquire-family models, including an NP-completeness result without RMWs; no CAS/object progress result"
S195,standards-metatheory,C Concurrency Challenges Draft,N4136 committee paper,,https://www.open-std.org/jtc1/sc22/wg21/docs/papers/2014/n4136.pdf,batty-2014-n4136.pdf,"Mechanized SC-DRF for strongly finite C/C++ programs in HOL4 and operational/axiomatic equivalence in Isabelle; no weak-CAS or Treiber progress theorem"
S196,algorithm-provenance,Systems Programming: Coping with Parallelism,IBM Research Report RJ5118,,https://dominoweb.draco.res.ibm.com/reports/rj5118.pdf,treiber-1986-rj5118.pdf,"Original IBM report and exact compare-and-swap stack-algorithm provenance; no formal fairness/liveness theorem or mechanization identified"
S197,weak-memory-impossibility,What Cannot Be Implemented on Weak Memory?,DISC 2024 open-access proceedings version,10.4230/LIPIcs.DISC.2024.11,https://drops.dagstuhl.de/storage/00lipics/lipics-vol319-disc2024/LIPIcs.DISC.2024.11/LIPIcs.DISC.2024.11.pdf,castaneda-2024-weak-memory-impossibility.pdf,"Lower bounds under SCM, TSO, and RA plus a wait-free linearizable RA Max-Register construction; no Treiber instance, genuine weak CAS, primitive justice, all-spurious execution, or mechanized proof"
S198,concurrent-refinement,Contextual Trace Refinement for Concurrent Objects: Safety and Progress,ICFEM 2016 accepted author manuscript,10.1007/978-3-319-47846-3_17,https://bura.brunel.ac.uk/bitstream/2438/13051/1/FullText.pdf,dongol-2016-contextual-trace-refinement.pdf,"Contextual refinement criterion combining linearizability, minimal progress, and continuity, illustrated with an exact-CAS Treiber stack under SC; no weak memory, weak CAS, or mechanized target theorem"
S199,concurrent-liveness,Liveness-Preserving Atomicity Abstraction,ICALP 2011 author PDF,10.1007/978-3-642-22012-8_36,https://www.cs.ox.ac.uk/files/4074/icalp11.pdf,gotsman-2011-liveness-atomicity-abstraction.pdf,"Liveness-preserving abstraction and lock-freedom results applied to an elimination stack reduced to Treiber-style behavior under SC exact CAS; no RC11, genuine weak CAS, or mechanized certificate"
S200,concurrent-refinement,Characterizing Progress Properties of Concurrent Objects via Contextual Refinements,CONCUR 2013 author PDF,10.1007/978-3-642-40184-8_17,https://www.cs.yale.edu/homes/hoffmann/papers/LHXZ13progress.pdf,liang-2013-progress-contextual-refinement.pdf,"Contextual-refinement characterizations of five progress properties under scheduler assumptions; generic theory without the target stack, weak-memory model, genuine weak CAS, or mechanization"
S201,nonblocking-primitives,Practical Lock-Freedom,University of Cambridge Technical Report UCAM-CL-TR-579,,https://www.cl.cam.ac.uk/techreports/UCAM-CL-TR-579.pdf,fraser-2004-practical-lock-freedom.pdf,"Early LL/SC discussion explicitly permits spurious store-conditional failure while excluding an infinite sequence of such failures for progress; different primitive and algorithms, with no RC11 Treiber theorem or machine-checked proof"
S202,classical-verification,Model Checking Linearizability via Refinement,FM 2009 author PDF,10.1007/978-3-642-05089-3_21,https://www.comp.nus.edu.sg/~pat/publications/linearizability.pdf,liu-2009-model-checking-linearizability.pdf,"Refinement-based finite-state model checking of linearizability, including bounded exact-CAS Treiber cases under SC; safety only and no proof-assistant certificate"
S203,classical-verification,Branching Bisimulation and Concurrent Object Verification,DSN 2018 author PDF,10.1109/DSN.2018.00037,https://cadp.inria.fr/ftp/publications/others/Yang-Katoen-Lin-et-al-18.pdf,yang-2018-branching-bisimulation.pdf,"Branching-bisimulation quotient checking of linearizability and lock-freedom, including bounded Treiber and hazard-pointer cases under SC exact CAS; no RC11 or genuine weak-CAS justice"
S204,mechanized-linearizability,Mechanically Verified Proof Obligations for Linearizability,TOPLAS 2011 publisher PDF,10.1145/1889997.1890001,https://dl.acm.org/doi/pdf/10.1145/1889997.1890001,derrick-2011-mechanically-verified-linearizability.pdf,"KIV machine-checked proof obligations and an SC exact-CAS stack linearizability case; no positive progress theorem, weak memory, genuine weak CAS, or integrated liveness certificate"
S205,mechanized-concurrency,Mechanized Verification of Fine-Grained Concurrent Programs,PLDI 2015 author PDF,10.1145/2737924.2737964,https://ilyasergey.net/papers/fcsl-pldi15.pdf,sergey-2015-mechanized-fcsl.pdf,"Coq/FCSL verification of a Treiber-stack implementation and clients for functional/history safety under SC exact CAS; no liveness, weak-memory, or primitive-justice theorem"
S206,mechanized-concurrency,Diaframe: Automated Verification of Fine-Grained Concurrent Programs in Iris,PLDI 2022 author PDF,10.1145/3519939.3523432,https://iris-project.org/pdfs/2022-pldi-diaframe-final.pdf,mulder-2022-diaframe.pdf,"Generated closed Coq/Iris proof for a Treiber-stack bag specification under SC exact CAS; functional safety only, without weak-memory or liveness dimensions"
S207,mechanized-linearizability,Proof Automation for Linearizability in Separation Logic,OOPSLA 2023 author PDF,10.1145/3586043,https://iris-project.org/pdfs/2023-oopsla-diaframe2-final.pdf,mulder-2023-linearizability-automation.pdf,"Coq/Iris/ReLoC proof automation showing a Treiber stack refines a locked stack under SC exact CAS; mechanized safety only and no matching progress theorem"
S208,parameterized-verification,Formal Verification of Temporal Properties for Parametrized Concurrent Programs and Concurrent Data Structures,UPM doctoral thesis,10.20868/UPM.thesis.37874,https://software.imdea.org/~asanchez/papers/asanchez-phd.pdf,sanchez-2015-parametrized-concurrent-programs.pdf,"Parameterized deductive and decision-procedure framework with arbitrary-thread Treiber shape/content safety; liveness case studies concern other algorithms and do not establish the target conjunction"
S209,mechanized-concurrency,Modular Fine-Grained Concurrency Verification,University of Cambridge Technical Report UCAM-CL-TR-726,,https://www.cl.cam.ac.uk/techreports/UCAM-CL-TR-726.pdf,vafeiadis-2008-modular-concurrency.pdf,"RGSep proof of linearizability for a Treiber-style stack under SC exact CAS; handwritten safety result with liveness explicitly outside the development"
S210,mechanized-linearizability,Proving Linearizability with Temporal Logic,Formal Aspects of Computing 2011 institutional PDF,10.1007/s00165-009-0130-y,https://opus.bibliothek.uni-augsburg.de/opus4/files/38931/38931.pdf,baumler-2011-linearizability-temporal-logic.pdf,"KIV machine-checks a generic composition theorem and its Treiber-like exact-CAS stack linearizability instance under SC; no liveness proof, weak memory, or genuine weak CAS"
S211,classical-verification,Proving Linearisability via Coarse-Grained Abstraction,arXiv v1,10.48550/arXiv.1212.5116,https://arxiv.org/pdf/1212.5116,dongol-2012-coarse-grained-abstraction.pdf,"Manual coarse-grained abstraction proof for arbitrary-thread SC exact-CAS Treiber linearizability; no progress theorem, weak memory, weak CAS, or proof-assistant artifact"
S212,parameterized-verification,Collapsing Threads Safely with Soft Invariants,arXiv v1,10.48550/arXiv.1512.09186,https://arxiv.org/pdf/1512.09186,friggens-2015-soft-invariants.pdf,"TVLA-based unbounded-thread Treiber linearizability analysis with shape and data abstraction under SC exact CAS; executable safety analysis without a proof-assistant certificate or liveness theorem"
S213,classical-verification,Verifying Concurrent Stacks by Divergence-Sensitive Bisimulation,arXiv v1,10.48550/arXiv.1701.06104,https://arxiv.org/pdf/1701.06104,yang-2017-divergence-sensitive-bisimulation.pdf,"Finite-state divergence-sensitive branching-bisimulation checking of both linearizability and lock-freedom for Treiber stacks under SC exact CAS; no RC11, genuine weak CAS, or proof-assistant certificate"
S214,weak-memory-verification,Verifying Read-Copy Update Under RC11,SEFM 2023 accepted author manuscript,10.1007/978-3-031-47115-5_17,https://openresearch.surrey.ac.uk/view/pdfCoverPage?download=true&filePid=13195170200002346&instCode=44SUR_INST,semenyuk-2023-rcu-rc11.pdf,"Isabelle/HOL-mechanized RC11 ownership proof for an RCU implementation using exact CAS; safety and ABA-freedom only, with no Treiber or positive liveness theorem"
S215,mechanized-reclamation,Verifying Safe Memory Reclamation in Concurrent Programs with CafeOBJ,WRLA 2024 open-access proceedings version,10.1007/978-3-031-65941-6_3,https://wrla2024.gitlab.io/files/Pre-Proceedings.pdf,tran-2024-cafeobj-reclamation.pdf,"CafeOBJ proof-score verification of a symbolic-N exact-CAS Treiber stack with hazard-pointer safe reclamation; SC safety only and no target progress theorem"
S216,parameterized-verification,Heap Decomposition for Concurrent Shape Analysis,SAS 2008 extended author version,10.1007/978-3-540-69166-2_24,https://jberdine.github.io/pub/2008_sas_ext.pdf,manevich-2008-heap-decomposition.pdf,"Automatic heap-decomposition analysis proving SC exact-CAS Treiber shape properties and linearizability while scaling thread counts; safety only and no proof-assistant certificate"
S217,parameterized-verification,Thread Quantification for Concurrent Shape Analysis,CAV 2008 author PDF,10.1007/978-3-540-70545-1_37,https://www.microsoft.com/en-us/research/wp-content/uploads/2016/02/cav08.pdf,berdine-2008-thread-quantification.pdf,"TVLA and abstract-interpretation analysis proving exact-CAS Treiber linearizability for unbounded threads under SC; automated safety only"
S218,concurrent-refinement,Proving Linearizability Via Non-atomic Refinement,IFM 2007 proceedings version,10.1007/978-3-540-73210-5_11,https://link.springer.com/content/pdf/10.1007/978-3-540-73210-5_11.pdf,derrick-2007-nonatomic-refinement.pdf,"Manual Object-Z/CSP proof of exact-CAS stack linearizability plus a well-founded termination condition for a fixed two-process push/pop composition; no RC11, weak CAS, or mechanization"
S219,parameterized-verification,Shape-Value Abstraction for Verifying Linearizability,VMCAI 2009 author PDF,10.1007/978-3-540-93900-9_27,https://people.mpi-sws.org/~viktor/papers/vmcai2009-shapevalue.pdf,vafeiadis-2009-shape-value.pdf,"Automatic CAVE proof of SC exact-CAS Treiber linearizability for unbounded threads via shape-value abstraction; safety only"
S220,parameterized-verification,Automatically Proving Linearizability,CAV 2010 author PDF,10.1007/978-3-642-14295-6_40,https://people.mpi-sws.org/~viktor/papers/cav2010-linear.pdf,vafeiadis-2010-automatically-linearizability.pdf,"Sound automatic linearizability method evaluated directly on an SC exact-CAS Treiber benchmark; safety only and no kernel certificate"
S221,concurrent-reclamation,Reasoning about Optimistic Concurrency Using a Program Logic for History,CONCUR 2010 author PDF,10.1007/978-3-642-15375-4_27,http://flint.cs.yale.edu/cs428/doc/rochtr.pdf,fu-2010-program-logic-history.pdf,"Handwritten program-logic proof for a Michael hazard-pointer stack using exact CAS under SC, focused on reclamation and history safety rather than linearizability or progress"
S222,parameterized-verification,Automatic Linearizability Proofs of Concurrent Objects with Cooperating Updates,CAV 2013 author PDF,10.1007/978-3-642-39799-8_11,https://www.cse.iitb.ac.in/~akg/papers/cav13.pdf,dragoi-2013-cooperating-updates.pdf,"Rewriting-based automatic linearizability proofs for SC exact-CAS Treiber and elimination stacks; safety only and no proof-assistant certificate"
S223,mechanized-concurrency,Specifying and Verifying Concurrent Algorithms with Histories and Subjectivity,ESOP 2015 arXiv version,10.1007/978-3-662-46669-8_14,https://arxiv.org/pdf/1410.0306,sergey-2015-histories-subjectivity.pdf,"Coq/FCSL proof of history-based specifications and clients for an SC exact-CAS Treiber stack; mechanized safety only and a companion lineage to S205"
S224,concurrent-liveness,A Program Logic for Obstruction-Freedom,Frontiers of Computer Science 2024 official article page,10.1007/s11704-023-2774-9,https://journal.hep.com.cn/fcs/EN/10.1007/s11704-023-2774-9,li-2024-obstruction-freedom.pdf,"Official abstract reports a program logic combining linearizability and obstruction-freedom for a practical deque; the publisher PDF was access-restricted, so theorem-level absence claims are limited"
S225,mechanized-linearizability,Verifying Concurrent Data Structures by Simulation,ENTCS 2005 open-access publisher PDF,10.1016/j.entcs.2005.04.026,https://www.sciencedirect.com/science/article/pii/S1571066105050929/pdfft?isDTMRedir=true&download=true,colvin-2005-simulation.pdf,"PVS-mechanized forward-simulation proof of linearizability for a simple SC exact-CAS lock-free stack; finite-execution safety only and no positive liveness theorem"
S226,weak-hardware-memory,"Promising-ARM/RISC-V: A Simpler and Faster Operational Concurrency Model",PLDI 2019 author PDF,10.1145/3314221.3314624,https://www.cl.cam.ac.uk/~pes20/promising-arm-riscv.pdf,pulte-2019-promising-arm-riscv.pdf,"Coq-checked operational/axiomatic model equivalence with a genuinely spurious store-exclusive failure rule and bounded C++/Rust Treiber experiments; no primitive justice or unbounded Treiber safety/liveness theorem"
S227,concurrent-liveness,Trace-based derivation of a scalable lock-free stack algorithm,"Formal Aspects of Computing 21(1–2), online 2008 and issue 2009; open 2007 precursor",10.1007/s00165-008-0092-5,https://link.springer.com/article/10.1007/s00165-008-0092-5,groves-2009-trace-stack.pdf,"Official metadata and abstract for an SC exact-CAS elimination-stack derivation; the exact journal PDF is subscription-restricted, so the open 2007 precursor anchors the detailed lineage audit"
S228,weak-memory-liveness,Temporally Bounding TSO for Fence-Free Asymmetric Synchronization,ASPLOS 2015 author PDF,10.1145/2694344.2694374,https://www.cs.tau.ac.il/~mad/publications/asplos2015-tbtso.pdf,morrison-2015-tbtso.pdf,"A real-time bound on TSO store-buffer drain enables nonblocking fence-free hazard pointers and biased locking; no Treiber, weak CAS, primitive justice, mechanization, or target safety/liveness composition"
S229,concurrent-liveness,Progress of Concurrent Objects,"Foundations and Trends in Programming Languages 5(4), 2020, pp. 282–414; author-hosted PDF; same-content monograph DOI 10.1561/9781680836738",10.1561/2500000041,https://plax-lab.github.io/publications/fntpl20/fntpl20-progress.pdf,liang-feng-2020-progress-objects.pdf,"Tutorial synthesis of the authors' 2013–2018 contextual-refinement and LiLi line. It unifies linearizability with six progress properties and reports exact-CAS Treiber and partial-pop verification under explicit scheduler fairness; no weak memory, genuine weak CAS, primitive justice, all-spurious system-wide separation, or mechanized artifact is identified."
S230,concurrent-liveness,Progress of Concurrent Objects with Partial Methods,POPL 2018 author PDF and extended technical report,10.1145/3158108,https://hongjin-liang.github.io/papers/popl18-partial.pdf,liang-feng-2018-partial-progress.pdf,"Generalized LiLi verifies linearizability plus PDF for an exact-CAS Treiber stack with partial pop under weak (and therefore strong) scheduler fairness; the framework also supports PSF under stronger level-0 premises. No weak memory, genuine weak CAS, primitive justice, or mechanized artifact is identified."
