query_id,family,query_text,purpose
Q01,algorithm,"Treiber stack","Retrieve the algorithm's broad bibliography"
Q02,algorithm-progress,"Treiber liveness","Find direct Treiber progress results"
Q03,algorithm-progress,"Treiber lock-freedom","Find direct Treiber lock-freedom results"
Q04,algorithm-memory,"Treiber weak memory","Find relaxed-memory Treiber results"
Q05,algorithm-memory,"Treiber RC11","Find exact memory-model instantiations"
Q06,primitive-fairness,"weak CAS fairness","Find primitive spurious-failure fairness conditions"
Q07,primitive-progress,"weak CAS progress","Find primitive progress contracts and retry-loop results"
Q08,primitive-semantics,"compare_exchange_weak spurious failure","Find language-level weak compare-exchange semantics"
Q09,memory-fairness,"weak memory fairness","Find the general fairness literature"
Q10,memory-progress,"weak memory liveness","Find general weak-memory liveness results"
Q11,memory-relation,"prefix-finite from-read","Find declarative relation-fairness terminology"
Q12,weak-rmw,"weak RMW fairness","Find weak-RMW fairness and stated future work"
Q13,counterexample,"spurious CAS nontermination","Find pure-spurious executions and nontermination results"
Q14,formalization,"Treiber mechanized verification","Find mechanized Treiber developments"
Q15,formalization,"weak CAS mechanized proof","Find mechanized primitive-fairness results"
Q16,seed-title,"Making Weak Memory Models Fair","Retrieve the primary memory-fairness seed"
Q17,seed-title,"Fair Operational Semantics","Retrieve the generic mechanized fairness seed"
Q18,seed-title,"Overcoming Memory Weakness with Unified Fairness","Retrieve the operational weak-memory fairness seed"
Q19,seed-title,"Recurrence Sets Fair Non-termination Axiomatic Memory","Retrieve the axiomatic fair-nontermination seed"
Q20,seed-title,"Towards Proving Liveness on Weak Memory","Retrieve the weak-memory liveness-calculus seed"
