path,sha256,bytes
deduplicated-edges.csv,d45a93f4168a387dd55ec755f47598557477e54fc8ef26aad601c90fa56802ca,33698
deduplicated-works.csv,3827c7abeeb556bdd1cb84bdc31085bb91ca956d9f195e92a8ad868e29b9fd70,56710
edges.csv,fae2ec4f5ed241cdfefe7bf178370bd9e5b20d864f12b1ec5cc574ddc2de2dad,49933
inputs/citation-seeds.csv,68bdeb5a0d4a644dcfdbd93c5ea9f236b3b415671d0e6337bb0ec152bcac4baf,17173
inputs/screening.csv,42a136f96407746992c7925156f6daf2fc06ff67ff163e3911714d7d1f89a6cd,157038
inputs/search_citation_graphs.py,dd41a6bde4867d453594fed6a5f9d7a57c0a3c77b7f33a3adcd1d41691026053,76312
manifest.csv,9ef7519ad2045de6ba4ac86943870cf6c4a2a04d3181b79dcccf038384b60cb5,8432
raw/cs066-citations-p0001-semanticscholar.json.gz,d07d34ce5ef2a3a7e25f3eb3bbe1238a53185779340015ce970d742f56b97ce7,672
raw/cs066-metadata-p0001-semanticscholar.json.gz,d777875acb5f27689777c454ef6497aa7e09606edcb1062f0ed9d90251d2a225,424
raw/cs066-references-p0001-semanticscholar.json.gz,74e810c1af413bd47d18965d7b9c97895c78d01bd056676651bf91f16c21b532,510
raw/cs067-citations-p0001-semanticscholar.json.gz,4892ab9c74c4f24f724b010243d37553026c1229540cc23aa34adf572b875e76,15319
raw/cs067-metadata-p0001-semanticscholar.json.gz,a37ee953037a673450b9887efa8dc62cc1ab6cfc466a9417bb25e634a377cf41,158
raw/cs067-references-p0001-semanticscholar.json.gz,c2fd5113aa70693a35456fffd7ff89fc7a4682287860f7ec85314b60e8997f1b,519
raw/cs068-citations-p0001-semanticscholar.json.gz,293ee3acc34bce89cefce5c56a161bfaa4679d6621991fb30f5754a9a4ef8218,1598
raw/cs068-metadata-p0001-semanticscholar.json.gz,a37ee953037a673450b9887efa8dc62cc1ab6cfc466a9417bb25e634a377cf41,158
raw/cs068-references-p0001-semanticscholar.json.gz,1587696776c6c3aeba005e769f4e62bbeaeaa3dcd4490978bed6f6f8fa2b55c7,6946
run-start.json,7c9d287550fb9874ba9ca6d685ab09418ab48e64644425161e51511fcac7ebbc,1127
run.json,1894e30dd82801e7dbbb3faf955a9b99b78d059051f677572235ee7920d8d980,3536
works.csv,fac0d6729b3694a05b7e8fec9b54ce5c28f7fe37ead557c9c84d3f0256bb743b,64644
