edge_key,source_work_key,target_work_key,source_doi,target_doi,providers,seed_ids,screening_record_ids,directions,provider_edge_ids,citing_publication_date,cutoff_status,cutoff_statuses
doi:10.1007/978-3-030-81688-9_2->doi:10.1145/3158108,doi:10.1007/978-3-030-81688-9_2,doi:10.1145/3158108,10.1007/978-3-030-81688-9_2,10.1145/3158108,opencitations,CS110,S230,citations,06702107000-06202297456,2021,included,included
doi:10.1007/978-3-031-40436-8_5->doi:10.1145/3158108,doi:10.1007/978-3-031-40436-8_5,doi:10.1145/3158108,10.1007/978-3-031-40436-8_5,10.1145/3158108,opencitations,CS110,S230,citations,061903963298-06202297456,2023,included,included
doi:10.1007/978-3-642-13321-3_21->doi:10.1007/s00165-008-0092-5,doi:10.1007/978-3-642-13321-3_21,doi:10.1007/s00165-008-0092-5,10.1007/978-3-642-13321-3_21,10.1007/s00165-008-0092-5,opencitations,CS107,S227,citations,061303017499-062201749863,2010,included,included
doi:10.1007/978-3-642-21437-0_25->doi:10.1007/s00165-008-0092-5,doi:10.1007/978-3-642-21437-0_25,doi:10.1007/s00165-008-0092-5,10.1007/978-3-642-21437-0_25,10.1007/s00165-008-0092-5,opencitations,CS107,S227,citations,062302881724-062201749863,2011,included,included
doi:10.1007/s00165-008-0092-5->doi:10.1006/inco.1995.1134,doi:10.1007/s00165-008-0092-5,doi:10.1006/inco.1995.1134,10.1007/s00165-008-0092-5,10.1006/inco.1995.1134,opencitations,CS107,S227,references,062201749863-06701412313,2009-02,included,included
doi:10.1007/s00165-008-0092-5->doi:10.1006/jpdc.1998.1446,doi:10.1007/s00165-008-0092-5,doi:10.1006/jpdc.1998.1446,10.1007/s00165-008-0092-5,10.1006/jpdc.1998.1446,opencitations,CS107,S227,references,062201749863-062303039323,2009-02,included,included
doi:10.1007/s00165-008-0092-5->doi:10.1007/3-540-51285-3_42,doi:10.1007/s00165-008-0092-5,doi:10.1007/3-540-51285-3_42,10.1007/s00165-008-0092-5,10.1007/3-540-51285-3_42,opencitations,CS107,S227,references,062201749863-062202830074,2009-02,included,included
doi:10.1007/s00165-008-0092-5->doi:10.1007/978-1-4612-1674-2,doi:10.1007/s00165-008-0092-5,doi:10.1007/978-1-4612-1674-2,10.1007/s00165-008-0092-5,10.1007/978-1-4612-1674-2,opencitations,CS107,S227,references,062201749863-0612054734,2009-02,included,included
doi:10.1007/s00165-008-0092-5->doi:10.1007/978-3-540-30232-2_7,doi:10.1007/s00165-008-0092-5,doi:10.1007/978-3-540-30232-2_7,10.1007/s00165-008-0092-5,10.1007/978-3-540-30232-2_7,opencitations,CS107,S227,references,062201749863-06303043890,2009-02,included,included
doi:10.1007/s00165-008-0092-5->doi:10.1007/978-3-540-48654-1_28,doi:10.1007/s00165-008-0092-5,doi:10.1007/978-3-540-48654-1_28,10.1007/s00165-008-0092-5,10.1007/978-3-540-48654-1_28,opencitations,CS107,S227,references,062201749863-061402702309,2009-02,included,included
doi:10.1007/s00165-008-0092-5->doi:10.1007/bf00268134,doi:10.1007/s00165-008-0092-5,doi:10.1007/bf00268134,10.1007/s00165-008-0092-5,10.1007/bf00268134,opencitations,CS107,S227,references,062201749863-06901608480,2009-02,included,included
doi:10.1007/s00165-008-0092-5->doi:10.1007/bf00277386,doi:10.1007/s00165-008-0092-5,doi:10.1007/bf00277386,10.1007/s00165-008-0092-5,10.1007/bf00277386,opencitations,CS107,S227,references,062201749863-06901608565,2009-02,included,included
doi:10.1007/s00165-008-0092-5->doi:10.1007/bf01211617,doi:10.1007/s00165-008-0092-5,doi:10.1007/bf01211617,10.1007/s00165-008-0092-5,10.1007/bf01211617,opencitations,CS107,S227,references,062201749863-062201750579,2009-02,included,included
doi:10.1007/s00165-008-0092-5->doi:10.1007/s00165-003-0007-4,doi:10.1007/s00165-008-0092-5,doi:10.1007/s00165-003-0007-4,10.1007/s00165-008-0092-5,10.1007/s00165-003-0007-4,opencitations,CS107,S227,references,062201749863-062401745661,2009-02,included,included
doi:10.1007/s00165-008-0092-5->doi:10.1007/s001650070008,doi:10.1007/s00165-008-0092-5,doi:10.1007/s001650070008,10.1007/s00165-008-0092-5,10.1007/s001650070008,opencitations,CS107,S227,references,062201749863-062501756369,2009-02,included,included
doi:10.1007/s00165-008-0092-5->doi:10.1007/s001650200032,doi:10.1007/s00165-008-0092-5,doi:10.1007/s001650200032,10.1007/s00165-008-0092-5,10.1007/s001650200032,opencitations,CS107,S227,references,062201749863-062501756220,2009-02,included,included
doi:10.1007/s00165-008-0092-5->doi:10.1016/j.entcs.2006.08.044,doi:10.1007/s00165-008-0092-5,doi:10.1016/j.entcs.2006.08.044,10.1007/s00165-008-0092-5,10.1016/j.entcs.2006.08.044,opencitations,CS107,S227,references,062201749863-06801442277,2009-02,included,included
doi:10.1007/s00165-008-0092-5->doi:10.1017/cbo9780511663079,doi:10.1007/s00165-008-0092-5,doi:10.1017/cbo9780511663079,10.1007/s00165-008-0092-5,10.1017/cbo9780511663079,opencitations,CS107,S227,references,062201749863-061103072513,2009-02,included,included
doi:10.1007/s00165-008-0092-5->doi:10.1109/icdcs.2003.1203503,doi:10.1007/s00165-008-0092-5,doi:10.1109/icdcs.2003.1203503,10.1007/s00165-008-0092-5,10.1109/icdcs.2003.1203503,opencitations,CS107,S227,references,062201749863-061603385517,2009-02,included,included
doi:10.1007/s00165-008-0092-5->doi:10.1109/iceccs.2005.49,doi:10.1007/s00165-008-0092-5,doi:10.1109/iceccs.2005.49,10.1007/s00165-008-0092-5,10.1109/iceccs.2005.49,opencitations,CS107,S227,references,062201749863-061803355988,2009-02,included,included
doi:10.1007/s00165-008-0092-5->doi:10.1109/iceccs.2007.39,doi:10.1007/s00165-008-0092-5,doi:10.1109/iceccs.2007.39,10.1007/s00165-008-0092-5,10.1109/iceccs.2007.39,opencitations,CS107,S227,references,062201749863-062303261143,2009-02,included,included
doi:10.1007/s00165-008-0092-5->doi:10.1109/sefm.2007.2,doi:10.1007/s00165-008-0092-5,doi:10.1109/sefm.2007.2,10.1007/s00165-008-0092-5,10.1109/sefm.2007.2,opencitations,CS107,S227,references,062201749863-06903281960,2009-02,included,included
doi:10.1007/s00165-008-0092-5->doi:10.1109/tse.2005.47,doi:10.1007/s00165-008-0092-5,doi:10.1109/tse.2005.47,10.1007/s00165-008-0092-5,10.1109/tse.2005.47,opencitations,CS107,S227,references,062201749863-062401956933,2009-02,included,included
doi:10.1007/s00165-008-0092-5->doi:10.1109/tse.2006.1599419,doi:10.1007/s00165-008-0092-5,doi:10.1109/tse.2006.1599419,10.1007/s00165-008-0092-5,10.1109/tse.2006.1599419,opencitations,CS107,S227,references,062201749863-062401956878,2009-02,included,included
doi:10.1007/s00165-008-0092-5->doi:10.1145/1007912.1007944,doi:10.1007/s00165-008-0092-5,doi:10.1145/1007912.1007944,10.1007/s00165-008-0092-5,10.1145/1007912.1007944,opencitations,CS107,S227,references,062201749863-062503363126,2009-02,included,included
doi:10.1007/s00165-008-0092-5->doi:10.1145/1011767.1011773,doi:10.1007/s00165-008-0092-5,doi:10.1145/1011767.1011773,10.1007/s00165-008-0092-5,10.1145/1011767.1011773,opencitations,CS107,S227,references,062201749863-062303369288,2009-02,included,included
doi:10.1007/s00165-008-0092-5->doi:10.1145/1062247.1062249,doi:10.1007/s00165-008-0092-5,doi:10.1145/1062247.1062249,10.1007/s00165-008-0092-5,10.1145/1062247.1062249,opencitations,CS107,S227,references,062201749863-06260241343,2009-02,included,included
doi:10.1007/s00165-008-0092-5->doi:10.1145/1073970.1074013,doi:10.1007/s00165-008-0092-5,doi:10.1145/1073970.1074013,10.1007/s00165-008-0092-5,10.1145/1073970.1074013,opencitations,CS107,S227,references,062201749863-061703367212,2009-02,included,included
doi:10.1007/s00165-008-0092-5->doi:10.1145/114005.102808,doi:10.1007/s00165-008-0092-5,doi:10.1145/114005.102808,10.1007/s00165-008-0092-5,10.1145/114005.102808,opencitations,CS107,S227,references,062201749863-06602633243,2009-02,included,included
doi:10.1007/s00165-008-0092-5->doi:10.1145/259380.259442,doi:10.1007/s00165-008-0092-5,doi:10.1145/259380.259442,10.1007/s00165-008-0092-5,10.1145/259380.259442,opencitations,CS107,S227,references,062201749863-06603798536,2009-02,included,included
doi:10.1007/s00165-008-0092-5->doi:10.1145/361227.361234,doi:10.1007/s00165-008-0092-5,doi:10.1145/361227.361234,10.1007/s00165-008-0092-5,10.1145/361227.361234,opencitations,CS107,S227,references,062201749863-06803891500,2009-02,included,included
doi:10.1007/s00165-008-0092-5->doi:10.1145/383962.384016,doi:10.1007/s00165-008-0092-5,doi:10.1145/383962.384016,10.1007/s00165-008-0092-5,10.1145/383962.384016,opencitations,CS107,S227,references,062201749863-06603798986,2009-02,included,included
doi:10.1007/s00165-008-0092-5->doi:10.1145/42190.42348,doi:10.1007/s00165-008-0092-5,doi:10.1145/42190.42348,10.1007/s00165-008-0092-5,10.1145/42190.42348,opencitations,CS107,S227,references,062201749863-06602632966,2009-02,included,included
doi:10.1007/s00165-008-0092-5->doi:10.1145/48022.48023,doi:10.1007/s00165-008-0092-5,doi:10.1145/48022.48023,10.1007/s00165-008-0092-5,10.1145/48022.48023,opencitations,CS107,S227,references,062201749863-06602633013,2009-02,included,included
doi:10.1007/s00165-008-0092-5->doi:10.1145/780822.781169,doi:10.1007/s00165-008-0092-5,doi:10.1145/780822.781169,10.1007/s00165-008-0092-5,10.1145/780822.781169,opencitations,CS107,S227,references,062201749863-0625092259,2009-02,included,included
doi:10.1007/s00165-008-0092-5->doi:10.1145/781131.781169,doi:10.1007/s00165-008-0092-5,doi:10.1145/781131.781169,10.1007/s00165-008-0092-5,10.1145/781131.781169,opencitations,CS107,S227,references,062201749863-06703779894,2009-02,included,included
doi:10.1007/s00165-008-0092-5->doi:10.1145/78969.78972,doi:10.1007/s00165-008-0092-5,doi:10.1145/78969.78972,10.1007/s00165-008-0092-5,10.1145/78969.78972,opencitations,CS107,S227,references,062201749863-06702614122,2009-02,included,included
doi:10.1007/s00165-008-0092-5->doi:10.1145/964001.964023,doi:10.1007/s00165-008-0092-5,doi:10.1145/964001.964023,10.1007/s00165-008-0092-5,10.1145/964001.964023,opencitations,CS107,S227,references,062201749863-06203801469,2009-02,included,included
doi:10.1007/s00165-009-0130-y->doi:10.1007/s00165-008-0092-5,doi:10.1007/s00165-009-0130-y,doi:10.1007/s00165-008-0092-5,10.1007/s00165-009-0130-y,10.1007/s00165-008-0092-5,opencitations,CS107,S227,citations,062101754579-062201749863,2011-01,included,included
doi:10.1007/s11390-021-1671-7->doi:10.1145/3158108,doi:10.1007/s11390-021-1671-7,doi:10.1145/3158108,10.1007/s11390-021-1671-7,10.1145/3158108,opencitations,CS110,S230,citations,062202058594-06202297456,2021-11-30,included,included
doi:10.1007/s11704-023-2774-9->doi:10.1561/2500000041,doi:10.1007/s11704-023-2774-9,doi:10.1561/2500000041,10.1007/s11704-023-2774-9,10.1561/2500000041,opencitations,CS109,S229,citations,06015656398-061204263774,2023-12-28,included,included
doi:10.1007/s12652-021-03454-9->doi:10.1145/3158108,doi:10.1007/s12652-021-03454-9,doi:10.1145/3158108,10.1007/s12652-021-03454-9,10.1145/3158108,opencitations,CS110,S230,citations,062401235303-06202297456,2021-08-29,included,included
doi:10.1109/acsd.2009.10->doi:10.1007/s00165-008-0092-5,doi:10.1109/acsd.2009.10,doi:10.1007/s00165-008-0092-5,10.1109/acsd.2009.10,10.1007/s00165-008-0092-5,opencitations,CS107,S227,citations,06502008145-062201749863,2009-07,included,included
doi:10.1109/fmcad.2016.7886679->doi:10.1145/2694344.2694374,doi:10.1109/fmcad.2016.7886679,doi:10.1145/2694344.2694374,10.1109/fmcad.2016.7886679,10.1145/2694344.2694374,opencitations,CS108,S228,citations,061802457711-062202530398,2016-10,included,included
doi:10.1109/isca.2018.00021->doi:10.1145/2694344.2694374,doi:10.1109/isca.2018.00021,doi:10.1145/2694344.2694374,10.1109/isca.2018.00021,10.1145/2694344.2694374,opencitations,CS108,S228,citations,062502324541-062202530398,2018-06,included,included
doi:10.1109/tits.2022.3224385->doi:10.1145/3158108,doi:10.1109/tits.2022.3224385,doi:10.1145/3158108,10.1109/tits.2022.3224385,10.1145/3158108,opencitations,CS110,S230,citations,06804626675-06202297456,2023-12,included,included
doi:10.1109/tpds.2016.2633353->doi:10.1145/2694344.2694374,doi:10.1109/tpds.2016.2633353,doi:10.1145/2694344.2694374,10.1109/tpds.2016.2633353,10.1145/2694344.2694374,opencitations,CS108,S228,citations,06903053197-062202530398,2017-12-01,included,included
doi:10.1145/2429069.2429111->doi:10.1007/s00165-008-0092-5,doi:10.1145/2429069.2429111,doi:10.1007/s00165-008-0092-5,10.1145/2429069.2429111,10.1007/s00165-008-0092-5,opencitations,CS107,S227,citations,061502962516-062201749863,2013,included,included
doi:10.1145/2480359.2429111->doi:10.1007/s00165-008-0092-5,doi:10.1145/2480359.2429111,doi:10.1007/s00165-008-0092-5,10.1145/2480359.2429111,10.1007/s00165-008-0092-5,opencitations,CS107,S227,citations,0614090187-062201749863,2013-01-23,included,included
doi:10.1145/2629496->doi:10.1007/s00165-008-0092-5,doi:10.1145/2629496,doi:10.1007/s00165-008-0092-5,10.1145/2629496,10.1007/s00165-008-0092-5,opencitations,CS107,S227,citations,061502741006-062201749863,2014-08,included,included
doi:10.1145/2694344.2694374->doi:10.1007/978-1-4757-3472-0_2,doi:10.1145/2694344.2694374,doi:10.1007/978-1-4757-3472-0_2,10.1145/2694344.2694374,10.1007/978-1-4757-3472-0_2,opencitations,CS108,S228,references,062202530398-06903098862,2015-03-14,included,included
doi:10.1145/2694344.2694374->doi:10.1007/978-3-540-24851-4_26,doi:10.1145/2694344.2694374,doi:10.1007/978-3-540-24851-4_26,10.1145/2694344.2694374,10.1007/978-3-540-24851-4_26,opencitations,CS108,S228,references,062202530398-062603058292,2015-03-14,included,included
doi:10.1145/2694344.2694374->doi:10.1016/0020-0190(81)90106-x,doi:10.1145/2694344.2694374,doi:10.1016/0020-0190(81)90106-x,10.1145/2694344.2694374,10.1016/0020-0190(81)90106-x,opencitations,CS108,S228,references,062202530398-0660941034,2015-03-14,included,included
doi:10.1145/2694344.2694374->doi:10.1109/isca.2012.6237045,doi:10.1145/2694344.2694374,doi:10.1109/isca.2012.6237045,10.1145/2694344.2694374,10.1109/isca.2012.6237045,opencitations,CS108,S228,references,062202530398-06203397661,2015-03-14,included,included
doi:10.1145/2694344.2694374->doi:10.1109/tc.1979.1675439,doi:10.1145/2694344.2694374,doi:10.1109/tc.1979.1675439,10.1145/2694344.2694374,10.1109/tc.1979.1675439,opencitations,CS108,S228,references,062202530398-062201331177,2015-03-14,included,included
doi:10.1145/2694344.2694374->doi:10.1109/tpds.2004.8,doi:10.1145/2694344.2694374,doi:10.1109/tpds.2004.8,10.1145/2694344.2694374,10.1109/tpds.2004.8,opencitations,CS108,S228,references,062202530398-061203026926,2015-03-14,included,included
doi:10.1145/2694344.2694374->doi:10.1109/tpds.2011.159,doi:10.1145/2694344.2694374,doi:10.1109/tpds.2011.159,10.1145/2694344.2694374,10.1109/tpds.2011.159,opencitations,CS108,S228,references,062202530398-061103044465,2015-03-14,included,included
doi:10.1145/2694344.2694374->doi:10.1145/1062247.1062249,doi:10.1145/2694344.2694374,doi:10.1145/1062247.1062249,10.1145/2694344.2694374,10.1145/1062247.1062249,opencitations,CS108,S228,references,062202530398-06260241343,2015-03-14,included,included
doi:10.1145/2694344.2694374->doi:10.1145/114005.102808,doi:10.1145/2694344.2694374,doi:10.1145/114005.102808,10.1145/2694344.2694374,10.1145/114005.102808,opencitations,CS108,S228,references,062202530398-06602633243,2015-03-14,included,included
doi:10.1145/2694344.2694374->doi:10.1145/1167473.1167496,doi:10.1145/2694344.2694374,doi:10.1145/1167473.1167496,10.1145/2694344.2694374,10.1145/1167473.1167496,opencitations,CS108,S228,references,062202530398-06203698853,2015-03-14,included,included
doi:10.1145/2694344.2694374->doi:10.1145/1250662.1250696,doi:10.1145/2694344.2694374,doi:10.1145/1250662.1250696,10.1145/2694344.2694374,10.1145/1250662.1250696,opencitations,CS108,S228,references,062202530398-06703659677,2015-03-14,included,included
doi:10.1145/2694344.2694374->doi:10.1145/1555754.1555785,doi:10.1145/2694344.2694374,doi:10.1145/1555754.1555785,10.1145/2694344.2694374,10.1145/1555754.1555785,opencitations,CS108,S228,references,062202530398-06103641775,2015-03-14,included,included
doi:10.1145/2694344.2694374->doi:10.1145/1785414.1785443,doi:10.1145/2694344.2694374,doi:10.1145/1785414.1785443,10.1145/2694344.2694374,10.1145/1785414.1785443,opencitations,CS108,S228,references,062202530398-06102780637,2015-03-14,included,included
doi:10.1145/2694344.2694374->doi:10.1145/1854273.1854287,doi:10.1145/2694344.2694374,doi:10.1145/1854273.1854287,10.1145/2694344.2694374,10.1145/1854273.1854287,opencitations,CS108,S228,references,062202530398-06703569633,2015-03-14,included,included
doi:10.1145/2694344.2694374->doi:10.1145/1993806.1993821,doi:10.1145/2694344.2694374,doi:10.1145/1993806.1993821,10.1145/2694344.2694374,10.1145/1993806.1993821,opencitations,CS108,S228,references,062202530398-062403133725,2015-03-14,included,included
doi:10.1145/2694344.2694374->doi:10.1145/2464996.2465015,doi:10.1145/2694344.2694374,doi:10.1145/2464996.2465015,10.1145/2694344.2694374,10.1145/2464996.2465015,opencitations,CS108,S228,references,062202530398-061102956061,2015-03-14,included,included
doi:10.1145/2694344.2694374->doi:10.1145/2483852.2483867,doi:10.1145/2694344.2694374,doi:10.1145/2483852.2483867,10.1145/2694344.2694374,10.1145/2483852.2483867,opencitations,CS108,S228,references,062202530398-06102779842,2015-03-14,included,included
doi:10.1145/2694344.2694374->doi:10.1145/2485922.2485941,doi:10.1145/2694344.2694374,doi:10.1145/2485922.2485941,10.1145/2694344.2694374,10.1145/2485922.2485941,opencitations,CS108,S228,references,062202530398-06703341395,2015-03-14,included,included
doi:10.1145/2694344.2694374->doi:10.1145/2486159.2486184,doi:10.1145/2694344.2694374,doi:10.1145/2486159.2486184,10.1145/2694344.2694374,10.1145/2486159.2486184,opencitations,CS108,S228,references,062202530398-062402931701,2015-03-14,included,included
doi:10.1145/2694344.2694374->doi:10.1145/2541228.2555297,doi:10.1145/2694344.2694374,doi:10.1145/2541228.2555297,10.1145/2694344.2694374,10.1145/2541228.2555297,opencitations,CS108,S228,references,062202530398-06501179213,2015-03-14,included,included
doi:10.1145/2694344.2694374->doi:10.1145/2541940.2541987,doi:10.1145/2694344.2694374,doi:10.1145/2541940.2541987,10.1145/2694344.2694374,10.1145/2541940.2541987,opencitations,CS108,S228,references,062202530398-061802895667,2015-03-14,included,included
doi:10.1145/2694344.2694374->doi:10.1145/2592798.2592808,doi:10.1145/2694344.2694374,doi:10.1145/2592798.2592808,10.1145/2694344.2694374,10.1145/2592798.2592808,opencitations,CS108,S228,references,062202530398-06803303297,2015-03-14,included,included
doi:10.1145/2694344.2694374->doi:10.1145/301308.301350,doi:10.1145/2694344.2694374,doi:10.1145/301308.301350,10.1145/2694344.2694374,10.1145/301308.301350,opencitations,CS108,S228,references,062202530398-061303372384,2015-03-14,included,included
doi:10.1145/2694344.2694374->doi:10.1145/564870.564881,doi:10.1145/2694344.2694374,doi:10.1145/564870.564881,10.1145/2694344.2694374,10.1145/564870.564881,opencitations,CS108,S228,references,062202530398-06402051896,2015-03-14,included,included
doi:10.1145/2694344.2694374->doi:10.1145/564879.564881,doi:10.1145/2694344.2694374,doi:10.1145/564879.564881,10.1145/2694344.2694374,10.1145/564879.564881,opencitations,CS108,S228,references,062202530398-06104018632,2015-03-14,included,included
doi:10.1145/2694344.2694374->doi:10.1145/582419.582433,doi:10.1145/2694344.2694374,doi:10.1145/582419.582433,10.1145/2694344.2694374,10.1145/582419.582433,opencitations,CS108,S228,references,062202530398-06203799586,2015-03-14,included,included
doi:10.1145/2694344.2694374->doi:10.2200/s00346ed1v01y201104cac016,doi:10.1145/2694344.2694374,doi:10.2200/s00346ed1v01y201104cac016,10.1145/2694344.2694374,10.2200/s00346ed1v01y201104cac016,opencitations,CS108,S228,references,062202530398-06110654510,2015-03-14,included,included
doi:10.1145/2796550->doi:10.1007/s00165-008-0092-5,doi:10.1145/2796550,doi:10.1007/s00165-008-0092-5,10.1145/2796550,10.1007/s00165-008-0092-5,opencitations,CS107,S227,citations,062601631897-062201749863,2015-11-21,included,included
doi:10.1145/2908080.2908114->doi:10.1145/2694344.2694374,doi:10.1145/2908080.2908114,doi:10.1145/2694344.2694374,10.1145/2908080.2908114,10.1145/2694344.2694374,opencitations,CS108,S228,citations,06301929362-062202530398,2016-06-02,included,included
doi:10.1145/2926697.2926699->doi:10.1145/2694344.2694374,doi:10.1145/2926697.2926699,doi:10.1145/2694344.2694374,10.1145/2926697.2926699,10.1145/2694344.2694374,opencitations,CS108,S228,citations,06301929440-062202530398,2016-06-14,included,included
doi:10.1145/2935764.2935790->doi:10.1145/2694344.2694374,doi:10.1145/2935764.2935790,doi:10.1145/2694344.2694374,10.1145/2935764.2935790,10.1145/2694344.2694374,opencitations,CS108,S228,citations,06702889700-062202530398,2016-07-11,included,included
doi:10.1145/2980983.2908114->doi:10.1145/2694344.2694374,doi:10.1145/2980983.2908114,doi:10.1145/2694344.2694374,10.1145/2980983.2908114,10.1145/2694344.2694374,opencitations,CS108,S228,citations,0614090253-062202530398,2016-08,included,included
doi:10.1145/3087801.3087839->doi:10.1145/2694344.2694374,doi:10.1145/3087801.3087839,doi:10.1145/2694344.2694374,10.1145/3087801.3087839,10.1145/2694344.2694374,opencitations,CS108,S228,citations,062302370385-062202530398,2017-07-25,included,included
doi:10.1145/3141879->doi:10.1145/2694344.2694374,doi:10.1145/3141879,doi:10.1145/2694344.2694374,10.1145/3141879,10.1145/2694344.2694374,opencitations,CS108,S228,citations,06202297529-062202530398,2017-10-12,included,included
doi:10.1145/3158108->doi:10.1007/978-3-319-33693-0_13,doi:10.1145/3158108,doi:10.1007/978-3-319-33693-0_13,10.1145/3158108,10.1007/978-3-319-33693-0_13,opencitations,CS110,S230,references,06202297456-06102865081,2018-01,included,included
doi:10.1145/3158108->doi:10.1007/978-3-540-74061-2_15,doi:10.1145/3158108,doi:10.1007/978-3-540-74061-2_15,10.1145/3158108,10.1007/978-3-540-74061-2_15,opencitations,CS110,S230,references,06202297456-06703502766,2018-01,included,included
doi:10.1145/3158108->doi:10.1007/978-3-642-00590-9_19,doi:10.1145/3158108,doi:10.1007/978-3-642-00590-9_19,10.1145/3158108,10.1007/978-3-642-00590-9_19,opencitations,CS110,S230,references,06202297456-062603098710,2018-01,included,included
doi:10.1145/3158108->doi:10.1007/978-3-642-22012-8_36,doi:10.1145/3158108,doi:10.1007/978-3-642-22012-8_36,10.1145/3158108,10.1007/978-3-642-22012-8_36,opencitations,CS110,S230,references,06202297456-061802808379,2018-01,included,included
doi:10.1145/3158108->doi:10.1007/978-3-642-25873-2_22,doi:10.1145/3158108,doi:10.1007/978-3-642-25873-2_22,10.1145/3158108,10.1007/978-3-642-25873-2_22,opencitations,CS110,S230,references,06202297456-061202809152,2018-01,included,included
doi:10.1145/3158108->doi:10.1007/978-3-642-32940-1_19,doi:10.1145/3158108,doi:10.1007/978-3-642-32940-1_19,10.1145/3158108,10.1007/978-3-642-32940-1_19,opencitations,CS110,S230,references,06202297456-061602767134,2018-01,included,included
doi:10.1145/3158108->doi:10.1007/978-3-642-40184-8_17,doi:10.1145/3158108,doi:10.1007/978-3-642-40184-8_17,10.1145/3158108,10.1007/978-3-642-40184-8_17,opencitations,CS110,S230,references,06202297456-062102665323,2018-01,included,included
doi:10.1145/3158108->doi:10.1007/978-3-662-49498-1_8,doi:10.1145/3158108,doi:10.1007/978-3-662-49498-1_8,10.1145/3158108,10.1007/978-3-662-49498-1_8,opencitations,CS110,S230,references,06202297456-062502439163,2018-01,included,included
doi:10.1145/3158108->doi:10.1007/978-3-662-54434-1_24,doi:10.1145/3158108,doi:10.1007/978-3-662-54434-1_24,10.1145/3158108,10.1007/978-3-662-54434-1_24,opencitations,CS110,S230,references,06202297456-062302394787,2018-01,included,included
doi:10.1145/3158108->doi:10.1007/978-3-662-54434-1_34,doi:10.1145/3158108,doi:10.1007/978-3-662-54434-1_34,10.1145/3158108,10.1007/978-3-662-54434-1_34,opencitations,CS110,S230,references,06202297456-062302394765,2018-01,included,included
doi:10.1145/3158108->doi:10.1109/lics.2013.18,doi:10.1145/3158108,doi:10.1109/lics.2013.18,10.1145/3158108,10.1109/lics.2013.18,opencitations,CS110,S230,references,06202297456-06803346172,2018-01,included,included
doi:10.1145/3158108->doi:10.1145/103727.103729,doi:10.1145/3158108,doi:10.1145/103727.103729,10.1145/3158108,10.1145/103727.103729,opencitations,CS110,S230,references,06202297456-061903526786,2018-01,included,included
doi:10.1145/3158108->doi:10.1145/1594834.1480886,doi:10.1145/3158108,doi:10.1145/1594834.1480886,10.1145/3158108,10.1145/1594834.1480886,opencitations,CS110,S230,references,06202297456-0616094915,2018-01,included,included
doi:10.1145/3158108->doi:10.1145/1941487.1941509,doi:10.1145/3158108,doi:10.1145/1941487.1941509,10.1145/3158108,10.1145/1941487.1941509,opencitations,CS110,S230,references,06202297456-06102780418,2018-01,included,included
doi:10.1145/3158108->doi:10.1145/2429069.2429111,doi:10.1145/3158108,doi:10.1145/2429069.2429111,10.1145/3158108,10.1145/2429069.2429111,opencitations,CS110,S230,references,06202297456-061502962516,2018-01,included,included
doi:10.1145/3158108->doi:10.1145/2491956.2462189,doi:10.1145/3158108,doi:10.1145/2491956.2462189,10.1145/3158108,10.1145/2491956.2462189,opencitations,CS110,S230,references,06202297456-062402933996,2018-01,included,included
doi:10.1145/3158108->doi:10.1145/2603088.2603123,doi:10.1145/3158108,doi:10.1145/2603088.2603123,10.1145/3158108,10.1145/2603088.2603123,opencitations,CS110,S230,references,06202297456-062402555344,2018-01,included,included
doi:10.1145/3158108->doi:10.1145/2676726.2676980,doi:10.1145/3158108,doi:10.1145/2676726.2676980,10.1145/3158108,10.1145/2676726.2676980,opencitations,CS110,S230,references,06202297456-06801942711,2018-01,included,included
doi:10.1145/3158108->doi:10.1145/2837614.2837635,doi:10.1145/3158108,doi:10.1145/2837614.2837635,10.1145/3158108,10.1145/2837614.2837635,opencitations,CS110,S230,references,06202297456-06301934914,2018-01,included,included
doi:10.1145/3158108->doi:10.1145/78969.78972,doi:10.1145/3158108,doi:10.1145/78969.78972,10.1145/3158108,10.1145/78969.78972,opencitations,CS110,S230,references,06202297456-06702614122,2018-01,included,included
doi:10.1145/3178487.3178488->doi:10.1145/2694344.2694374,doi:10.1145/3178487.3178488,doi:10.1145/2694344.2694374,10.1145/3178487.3178488,10.1145/2694344.2694374,opencitations,CS108,S228,citations,06202732921-062202530398,2018-02-10,included,included
doi:10.1145/3200691.3178488->doi:10.1145/2694344.2694374,doi:10.1145/3200691.3178488,doi:10.1145/2694344.2694374,10.1145/3200691.3178488,10.1145/2694344.2694374,opencitations,CS108,S228,citations,0613090752-062202530398,2018-03-23,included,included
doi:10.1145/3241624.2926699->doi:10.1145/2694344.2694374,doi:10.1145/3241624.2926699,doi:10.1145/2694344.2694374,10.1145/3241624.2926699,10.1145/2694344.2694374,opencitations,CS108,S228,citations,0613090964-062202530398,2018-07-19,included,included
doi:10.1145/3360587->doi:10.1145/3158108,doi:10.1145/3360587,doi:10.1145/3158108,10.1145/3360587,10.1145/3158108,opencitations,CS110,S230,citations,06202297148-06202297456,2019-10-10,included,included
doi:10.1145/3385412.3385978->doi:10.1145/2694344.2694374,doi:10.1145/3385412.3385978,doi:10.1145/2694344.2694374,10.1145/3385412.3385978,10.1145/2694344.2694374,opencitations,CS108,S228,citations,06702087492-062202530398,2020-06-06,included,included
doi:10.1145/3427761.3428345->doi:10.1145/3158108,doi:10.1145/3427761.3428345,doi:10.1145/3158108,10.1145/3427761.3428345,10.1145/3158108,opencitations,CS110,S230,citations,061803409236-06202297456,2020-07-23,included,included
doi:10.1145/3453483.3454031->doi:10.1145/3158108,doi:10.1145/3453483.3454031,doi:10.1145/3158108,10.1145/3453483.3454031,10.1145/3158108,opencitations,CS110,S230,citations,06703373094-06202297456,2021-06-18,included,included
doi:10.1145/3477082->doi:10.1145/3158108,doi:10.1145/3477082,doi:10.1145/3158108,10.1145/3477082,10.1145/3158108,opencitations,CS110,S230,citations,06602632488-06202297456,2021-12-31,included,included
doi:10.1145/3498689->doi:10.1145/3158108,doi:10.1145/3498689,doi:10.1145/3158108,10.1145/3498689,10.1145/3158108,opencitations,CS110,S230,citations,06202296718-06202297456,2022-01-16,included,included
doi:10.1145/3591253->doi:10.1145/3158108,doi:10.1145/3591253,doi:10.1145/3158108,10.1145/3591253,10.1145/3158108,opencitations,CS110,S230,citations,062203928114-06202297456,2023-06-06,included,included
doi:10.1145/3632851->doi:10.1145/3158108,doi:10.1145/3632851,doi:10.1145/3158108,10.1145/3632851,10.1145/3158108,opencitations,CS110,S230,citations,062204192473-06202297456,2024-01-05,included,included
doi:10.1145/3632889->doi:10.1145/3158108,doi:10.1145/3632889,doi:10.1145/3158108,10.1145/3632889,10.1145/3158108,opencitations,CS110,S230,citations,062204192441-06202297456,2024-01-05,included,included
doi:10.1145/3656399->doi:10.1561/2500000041,doi:10.1145/3656399,doi:10.1561/2500000041,10.1145/3656399,10.1561/2500000041,opencitations,CS109,S229,citations,062404381370-061204263774,2024-06-20,included,included
doi:10.1145/3720525->doi:10.1145/3158108,doi:10.1145/3720525,doi:10.1145/3158108,10.1145/3720525,10.1145/3158108,opencitations,CS110,S230,citations,06012443213-06202297456,2025-04-09,included,included
doi:10.1561/2500000041->doi:10.1006/inco.2001.3085,doi:10.1561/2500000041,doi:10.1006/inco.2001.3085,10.1561/2500000041,10.1006/inco.2001.3085,opencitations,CS109,S229,references,061204263774-06701412454,,included,included
doi:10.1561/2500000041->doi:10.1007/bf01211617,doi:10.1561/2500000041,doi:10.1007/bf01211617,10.1561/2500000041,10.1007/bf01211617,opencitations,CS109,S229,references,061204263774-062201750579,,included,included
doi:10.1561/2500000041->doi:10.1007/s002360050116,doi:10.1561/2500000041,doi:10.1007/s002360050116,10.1561/2500000041,10.1007/s002360050116,opencitations,CS109,S229,references,061204263774-06901608763,,included,included
doi:10.1561/2500000041->doi:10.1145/1007912.1007944,doi:10.1561/2500000041,doi:10.1145/1007912.1007944,10.1561/2500000041,10.1145/1007912.1007944,opencitations,CS109,S229,references,061204263774-062503363126,,included,included
doi:10.1561/2500000041->doi:10.1145/103727.103729,doi:10.1561/2500000041,doi:10.1145/103727.103729,10.1561/2500000041,10.1145/103727.103729,opencitations,CS109,S229,references,061204263774-061903526786,,included,included
doi:10.1561/2500000041->doi:10.1145/1889997.1890001,doi:10.1561/2500000041,doi:10.1145/1889997.1890001,10.1561/2500000041,10.1145/1889997.1890001,opencitations,CS109,S229,references,061204263774-06602632664,,included,included
doi:10.1561/2500000041->doi:10.1145/1941487.1941509,doi:10.1561/2500000041,doi:10.1145/1941487.1941509,10.1561/2500000041,10.1145/1941487.1941509,opencitations,CS109,S229,references,061204263774-06102780418,,included,included
doi:10.1561/2500000041->doi:10.1145/203095.201069,doi:10.1561/2500000041,doi:10.1145/203095.201069,10.1561/2500000041,10.1145/203095.201069,opencitations,CS109,S229,references,061204263774-06602633461,,included,included
doi:10.1561/2500000041->doi:10.1145/2603088.2603123,doi:10.1561/2500000041,doi:10.1145/2603088.2603123,10.1561/2500000041,10.1145/2603088.2603123,opencitations,CS109,S229,references,061204263774-062402555344,,included,included
doi:10.1561/2500000041->doi:10.1145/3158108,doi:10.1561/2500000041,doi:10.1145/3158108,10.1561/2500000041,10.1145/3158108,opencitations,CS109;CS110,S229;S230,citations;references,061204263774-06202297456,,included,included;unknown-date
doi:10.1561/2500000041->doi:10.1145/69575.69577,doi:10.1561/2500000041,doi:10.1145/69575.69577,10.1561/2500000041,10.1145/69575.69577,opencitations,CS109,S229,references,061204263774-06602633320,,included,included
doi:10.1561/2500000041->doi:10.1145/78969.78972,doi:10.1561/2500000041,doi:10.1145/78969.78972,10.1561/2500000041,10.1145/78969.78972,opencitations,CS109,S229,references,061204263774-06702614122,,included,included
doi:10.4204/eptcs.282.2->doi:10.1145/3158108,doi:10.4204/eptcs.282.2,doi:10.1145/3158108,10.4204/eptcs.282.2,10.1145/3158108,opencitations,CS110,S230,citations,06110302359-06202297456,2018-10-24,included,included
