provider,seed_id,screening_record_id,provider_work_id,work_key,title,year,publication_date,authors,doi,arxiv_id,venue,url,citation_count,reference_count,cutoff_status,raw_file
seed-catalog,CS039,S67,DOI:10.1145/3591230,doi:10.1145/3591230,CQS: A Formally-Verified Framework for Fair and Abortable Synchronization,2023,2023-06-06,,10.1145/3591230,2111.12682,,,,,included,
seed-catalog,CS040,S70,DOI:10.1007/978-3-030-81685-8_20,doi:10.1007/978-3-030-81685-8_20,GenMC: A Model Checker for Weak Memory Models,2021,2021-07-15,,10.1007/978-3-030-81685-8_20,,,,,,included,
seed-catalog,CS041,S76,DOI:10.1007/978-3-540-27813-9_4,doi:10.1007/978-3-540-27813-9_4,A Formal Reduction for Lock-Free Parallel Algorithms,2004,2004-07-13,,10.1007/978-3-540-27813-9_4,,,,,,included,
seed-catalog,CS042,S78,DOI:10.1145/3210258,doi:10.1145/3210258,Modular Termination Verification of Single-Threaded and Multithreaded Programs,2018,2018-07-05,,10.1145/3210258,,,,,,included,
semanticscholar,CS039,S67,bea83c89d33152ea72b69e200918fbd903abb01f,doi:10.1145/3572848.3577481,Fast and Scalable Channels in Kotlin Coroutines,2022,2022-11-09,N. Koval; Dan Alistarh; Roman Elizarov,10.1145/3572848.3577481,2211.04986,ACM SIGPLAN Symposium on Principles & Practice of Parallel Programming,https://www.semanticscholar.org/paper/bea83c89d33152ea72b69e200918fbd903abb01f,7,33,included,raw/cs039-references-p0001-semanticscholar.json.gz
semanticscholar,CS039,S67,ba596aa0715c5a45b26620c62bc5da06636a06cd,doi:10.1145/3497775.3503689,Mechanized verification of a fine-grained concurrent queue from meta’s folly library,2022,2022-01-17,Simon Friis Vindum; D. Frumin; L. Birkedal,10.1145/3497775.3503689,,Certified Programs and Proofs,https://www.semanticscholar.org/paper/ba596aa0715c5a45b26620c62bc5da06636a06cd,14,53,included,raw/cs039-references-p0001-semanticscholar.json.gz
semanticscholar,CS039,S67,2fc68963207896ae00158d4e62762a0b41fb612b,doi:10.1145/3497775.3503681,Applying formal verification to microkernel IPC at meta,2022,2022-01-17,Quentin Carbonneaux; Noam Zilberstein; C. Klee; P. O'Hearn; Francesco Zappa Nardelli,10.1145/3497775.3503681,,Certified Programs and Proofs,https://www.semanticscholar.org/paper/2fc68963207896ae00158d4e62762a0b41fb612b,11,29,included,raw/cs039-references-p0001-semanticscholar.json.gz
semanticscholar,CS039,S67,82a64eceb5835bc854a5987a4cdfae135e103e92,doi:10.1145/3437992.3439930,Contextual refinement of the Michael-Scott queue (proof pearl),2021,2021-01-17,Simon Friis Vindum; L. Birkedal,10.1145/3437992.3439930,,Certified Programs and Proofs,https://www.semanticscholar.org/paper/82a64eceb5835bc854a5987a4cdfae135e103e92,24,22,included,raw/cs039-references-p0001-semanticscholar.json.gz
semanticscholar,CS039,S67,c894f2d04297e50b41f4921c420d48122b3b28ae,doi:10.1145/3385412.3386029,Verifying concurrent search structure templates,2020,2020-06-06,Siddharth Krishna; Nisarg Patel; D. Shasha,10.1145/3385412.3386029,,ACM-SIGPLAN Symposium on Programming Language Design and Implementation,https://www.semanticscholar.org/paper/c894f2d04297e50b41f4921c420d48122b3b28ae,24,70,included,raw/cs039-references-p0001-semanticscholar.json.gz
semanticscholar,CS039,S67,0a95a084507f2bbab90f73b6babca243021900b0,doi:10.1145/3332466.3374503,Testing concurrency on the JVM with lincheck,2020,2020-02-19,N. Koval; Maria Sokolova; Alexander Fedorov; Dan Alistarh; D. Tsitelov,10.1145/3332466.3374503,,ACM SIGPLAN Symposium on Principles & Practice of Parallel Programming,https://www.semanticscholar.org/paper/0a95a084507f2bbab90f73b6babca243021900b0,2,8,included,raw/cs039-references-p0001-semanticscholar.json.gz
semanticscholar,CS039,S67,c88de80b3c06b222abe2326774db1ac056806e75,doi:10.1145/3371102,RustBelt meets relaxed memory,2019,2019-12-20,Hoang-Hai Dang; Jacques-Henri Jourdan; Jan-Oliver Kaiser; Derek Dreyer,10.1145/3371102,,Proc. ACM Program. Lang.,https://www.semanticscholar.org/paper/c88de80b3c06b222abe2326774db1ac056806e75,85,36,included,raw/cs039-references-p0001-semanticscholar.json.gz
semanticscholar,CS039,S67,5381b97029ad1587fe8273829a76e50ff9f857d8,doi:10.1007/978-3-030-29400-7_23,Scalable FIFO Channels for Programming via Communicating Sequential Processes,2019,2019-08-26,N. Koval; Dan Alistarh; Roman Elizarov,10.1007/978-3-030-29400-7_23,,European Conference on Parallel Processing,https://www.semanticscholar.org/paper/5381b97029ad1587fe8273829a76e50ff9f857d8,7,24,included,raw/cs039-references-p0001-semanticscholar.json.gz
semanticscholar,CS039,S67,c3cc491f9e76ffb561431790d06100f3e8f2ae74,doi:10.1016/j.jlamp.2019.03.002,A reduction semantics for direct-style asynchronous observables,2019,2019-06-01,Philipp Haller; Heather Miller,10.1016/j.jlamp.2019.03.002,,J. Log. Algebraic Methods Program.,https://www.semanticscholar.org/paper/c3cc491f9e76ffb561431790d06100f3e8f2ae74,6,50,included,raw/cs039-references-p0001-semanticscholar.json.gz
semanticscholar,CS039,S67,949b9b9b52ee72ea57a7dbc7d05177b5c796ae72,doi:10.13109/prkk.2018.67.6.587,[Authors].,2018,2018-09-05,,10.13109/prkk.2018.67.6.587,,Praxis der Kinderpsychologie und Kinderpsychiatrie,https://www.semanticscholar.org/paper/949b9b9b52ee72ea57a7dbc7d05177b5c796ae72,2160,0,included,raw/cs039-references-p0001-semanticscholar.json.gz
semanticscholar,CS039,S67,6437aefbfe8d65d03a9bb70d48ec04acf8cd7079,doi:10.1145/3212734.3212759,Deterministic Abortable Mutual Exclusion with Sublogarithmic Adaptive RMR Complexity,2018,2018-07-23,A. Alon; Adam Morrison,10.1145/3212734.3212759,,ACM SIGACT-SIGOPS Symposium on Principles of Distributed Computing,https://www.semanticscholar.org/paper/6437aefbfe8d65d03a9bb70d48ec04acf8cd7079,9,25,included,raw/cs039-references-p0001-semanticscholar.json.gz
semanticscholar,CS039,S67,6a8ceba15f95d03617e79aaba35515776c4bc4d9,doi:10.1145/3158154,RustBelt: securing the foundations of the rust programming language,2017,2017-12-27,Ralf Jung; Jacques-Henri Jourdan; Robbert Krebbers; Derek Dreyer,10.1145/3158154,,Proc. ACM Program. Lang.,https://www.semanticscholar.org/paper/6a8ceba15f95d03617e79aaba35515776c4bc4d9,462,81,included,raw/cs039-references-p0001-semanticscholar.json.gz
semanticscholar,CS039,S67,e69f7f8634df6f6571e4e83388eecd0871663912,doi:10.1145/3087801.3087837,Randomized Abortable Mutual Exclusion with Constant Amortized RMR Complexity on the CC Model,2017,2017-07-25,George Giakkoupis; Philipp Woelfel,10.1145/3087801.3087837,,ACM SIGACT-SIGOPS Symposium on Principles of Distributed Computing,https://www.semanticscholar.org/paper/e69f7f8634df6f6571e4e83388eecd0871663912,12,44,included,raw/cs039-references-p0001-semanticscholar.json.gz
semanticscholar,CS039,S67,47960bf1be93dd49b154218761ebfe3652673e39,doi:10.1145/3087556.3087588,Brief Announcement: Hazard Eras - Non-Blocking Memory Reclamation,2017,2017-07-24,P. Ramalhete; Andreia Correia,10.1145/3087556.3087588,,ACM Symposium on Parallelism in Algorithms and Architectures,https://www.semanticscholar.org/paper/47960bf1be93dd49b154218761ebfe3652673e39,52,23,included,raw/cs039-references-p0001-semanticscholar.json.gz
semanticscholar,CS039,S67,f5dd3c3c565f79fe591a0d96c87b7b0e14b74e3a,doi:10.1145/3040220,Generality and Speed in Nonblocking Dual Containers,2017,2017-03-23,Joseph Izraelevitz; M. Scott,10.1145/3040220,,ACM Transactions on Parallel Computing,https://www.semanticscholar.org/paper/f5dd3c3c565f79fe591a0d96c87b7b0e14b74e3a,4,40,included,raw/cs039-references-p0001-semanticscholar.json.gz
semanticscholar,CS039,S67,e0ac698525226a3f54555f3e8015993458ba5348,doi:10.1145/3009837.3009855,Interactive proofs in higher-order concurrent separation logic,2017,2017-01-01,Robbert Krebbers; Amin Timany; L. Birkedal,10.1145/3009837.3009855,,ACM-SIGACT Symposium on Principles of Programming Languages,https://www.semanticscholar.org/paper/e0ac698525226a3f54555f3e8015993458ba5348,180,48,included,raw/cs039-references-p0001-semanticscholar.json.gz
semanticscholar,CS039,S67,d5c3b8b3006fc4b24e770f028c938d4bcbd62695,doi:10.1145/2851141.2851168,A wait-free queue as fast as fetch-and-add,2016,2016-02-27,Chaoran Yang; J. Mellor-Crummey,10.1145/2851141.2851168,,ACM SIGPLAN Symposium on Principles & Practice of Parallel Programming,https://www.semanticscholar.org/paper/d5c3b8b3006fc4b24e770f028c938d4bcbd62695,78,26,included,raw/cs039-references-p0001-semanticscholar.json.gz
semanticscholar,CS039,S67,c910126186ee896197199d2e5d021d275a96567c,doi:10.1145/2676724.2693179,Proving Lock-Freedom Easily and Automatically,2015,2015-01-13,Xiao Jia; Wei Li; Viktor Vafeiadis,10.1145/2676724.2693179,,Certified Programs and Proofs,https://www.semanticscholar.org/paper/c910126186ee896197199d2e5d021d275a96567c,10,15,included,raw/cs039-references-p0001-semanticscholar.json.gz
semanticscholar,CS039,S67,d23b8f09a8c29539d83a920ca0aa981dbbb8964f,doi:10.1145/2568225.2568309,A study and toolkit for asynchronous programming in c#,2014,2014-05-31,Semih Okur; D. L. Hartveld; Danny Dig; A. Deursen,10.1145/2568225.2568309,,International Conference on Software Engineering,https://www.semanticscholar.org/paper/d23b8f09a8c29539d83a920ca0aa981dbbb8964f,66,31,included,raw/cs039-references-p0001-semanticscholar.json.gz
semanticscholar,CS039,S67,33da45838d0b6c082cc71e603fd802bac4d56713,doi:10.1145/2442516.2442527,Fast concurrent queues for x86 processors,2013,2013-02-23,Adam Morrison; Y. Afek,10.1145/2442516.2442527,,ACM SIGPLAN Symposium on Principles & Practice of Parallel Programming,https://www.semanticscholar.org/paper/33da45838d0b6c082cc71e603fd802bac4d56713,163,25,included,raw/cs039-references-p0001-semanticscholar.json.gz
semanticscholar,CS039,S67,9294104611616d8c50be96a4416b599cd6f5441f,s2:9294104611616d8c50be96a4416b599cd6f5441f,RMR-Efficient Randomized Abortable Mutual Exclusion,2012,2012-08-08,Abhijeet Pareek; Philipp Woelfel,,,,https://www.semanticscholar.org/paper/9294104611616d8c50be96a4416b599cd6f5441f,10,19,included,raw/cs039-references-p0001-semanticscholar.json.gz
semanticscholar,CS039,S67,cb1c8e5ff90ecffd438c446595d0056d613669c7,doi:10.1007/978-3-642-31057-7_12,Pause 'n' Play: Formalizing Asynchronous C#,2012,2012-06-11,G. Bierman; Claudio V. Russo; G. Mainland; E. Meijer; Mads Torgersen,10.1007/978-3-642-31057-7_12,,European Conference on Object-Oriented Programming,https://www.semanticscholar.org/paper/cb1c8e5ff90ecffd438c446595d0056d613669c7,50,27,included,raw/cs039-references-p0001-semanticscholar.json.gz
semanticscholar,CS039,S67,ed3d750a41b0df87ff6964309e3237da4b0d0076,doi:10.1007/978-3-642-17653-1_27,Fast Local-Spin Abortable Mutual Exclusion with Bounded Space,2010,2010-12-14,Hyonho Lee,10.1007/978-3-642-17653-1_27,,International Conference on Principles of Distributed Systems,https://www.semanticscholar.org/paper/ed3d750a41b0df87ff6964309e3237da4b0d0076,18,13,included,raw/cs039-references-p0001-semanticscholar.json.gz
semanticscholar,CS039,S67,d89c629ab312a4cac0ffa6698ec97b61c07cf47d,doi:10.1007/s00446-010-0096-2,Closing the complexity gap between FCFS mutual exclusion and mutual exclusion,2008,2008-09-22,Robert Danek; W. Golab,10.1007/s00446-010-0096-2,,Distributed computing,https://www.semanticscholar.org/paper/d89c629ab312a4cac0ffa6698ec97b61c07cf47d,27,36,included,raw/cs039-references-p0001-semanticscholar.json.gz
semanticscholar,CS039,S67,754539cd7bba96acdebcec5f0c8c1e4b8f118462,doi:10.1145/1122971.1122994,Scalable synchronous queues,2006,2006-03-29,William N. Scherer; D. Lea; M. Scott,10.1145/1122971.1122994,,ACM SIGPLAN Symposium on Principles & Practice of Parallel Programming,https://www.semanticscholar.org/paper/754539cd7bba96acdebcec5f0c8c1e4b8f118462,81,29,included,raw/cs039-references-p0001-semanticscholar.json.gz
semanticscholar,CS039,S67,31fa7623b9a26114d676fcd0f293f98691aabc32,doi:10.1016/j.scico.2005.03.007,The java.util.concurrent synchronizer framework,2005,2005-12-01,D. Lea,10.1016/j.scico.2005.03.007,,Science of Computer Programming,https://www.semanticscholar.org/paper/31fa7623b9a26114d676fcd0f293f98691aabc32,93,15,included,raw/cs039-references-p0001-semanticscholar.json.gz
semanticscholar,CS039,S67,e7a2f4f2b5d6f8d160cc381f2b6b0a36f2e8081c,doi:10.1109/tpds.2004.8,Hazard pointers: safe memory reclamation for lock-free objects,2004,2004-06-01,Maged M. Michael,10.1109/tpds.2004.8,,IEEE Transactions on Parallel and Distributed Systems,https://www.semanticscholar.org/paper/e7a2f4f2b5d6f8d160cc381f2b6b0a36f2e8081c,539,30,included,raw/cs039-references-p0001-semanticscholar.json.gz
semanticscholar,CS039,S67,1040dae314611e2fd0a14aed1f1b017869175b1c,doi:10.1145/872035.872079,Adaptive and efficient abortable mutual exclusion,2003,2003-07-13,Prasad Jayanti,10.1145/872035.872079,,ACM SIGACT-SIGOPS Symposium on Principles of Distributed Computing,https://www.semanticscholar.org/paper/1040dae314611e2fd0a14aed1f1b017869175b1c,70,26,included,raw/cs039-references-p0001-semanticscholar.json.gz
semanticscholar,CS039,S67,37a1e8411669e29cf8fbf48ec920c97c0066ac7e,doi:10.1145/248052.248106,"Simple, fast, and practical non-blocking and blocking concurrent queue algorithms",1996,1996-05-01,Maged M. Michael; M. Scott,10.1145/248052.248106,,ACM SIGACT-SIGOPS Symposium on Principles of Distributed Computing,https://www.semanticscholar.org/paper/37a1e8411669e29cf8fbf48ec920c97c0066ac7e,937,24,included,raw/cs039-references-p0001-semanticscholar.json.gz
semanticscholar,CS039,S67,4cfef494489412daa23987168659010dd8215b1f,doi:10.1109/ipps.1994.288305,Queue locks on cache coherent multiprocessors,1994,1994-04-01,Peter S. Magnusson; A. Landin; Erik Hagersten,10.1109/ipps.1994.288305,,Proceedings of 8th International Parallel Processing Symposium,https://www.semanticscholar.org/paper/4cfef494489412daa23987168659010dd8215b1f,207,14,included,raw/cs039-references-p0001-semanticscholar.json.gz
semanticscholar,CS039,S67,1c66c74508b150c3f4a20d9f05a605b89b30a718,doi:10.1145/103727.103729,Algorithms for scalable synchronization on shared-memory multiprocessors,1991,1991-02-01,J. Mellor-Crummey; M. Scott,10.1145/103727.103729,,ACM Transactions on Computer Systems,https://www.semanticscholar.org/paper/1c66c74508b150c3f4a20d9f05a605b89b30a718,1470,60,included,raw/cs039-references-p0001-semanticscholar.json.gz
semanticscholar,CS039,S67,8eb71d6d82a3d334eb95bd04747d54d95d1fcfd6,s2:8eb71d6d82a3d334eb95bd04747d54d95d1fcfd6,A Formally-Verified Framework for Fair Synchronization in Kotlin Coroutines,2021,,N. Koval; Dmitry Khalanskiy; Dan Alistarh,,,arXiv.org,https://www.semanticscholar.org/paper/8eb71d6d82a3d334eb95bd04747d54d95d1fcfd6,3,35,included,raw/cs039-references-p0001-semanticscholar.json.gz
semanticscholar,CS039,S67,9b406452109d22e745b0958b11e5ef228561d4f3,s2:9b406452109d22e745b0958b11e5ef228561d4f3,"GoJournal: a verified, concurrent, crash-safe journaling system",2021,,Tej Chajed; Mit Csail; Joseph Tassarotti; Boston College; M. Theng; Ralf Jung; M. F. Kaashoek,,,USENIX Symposium on Operating Systems Design and Implementation,https://www.semanticscholar.org/paper/9b406452109d22e745b0958b11e5ef228561d4f3,34,32,included,raw/cs039-references-p0001-semanticscholar.json.gz
semanticscholar,CS039,S67,7c3b2ebcb87d0afc012c16ca7a0e11a01cb0bd40,doi:10.1007/978-3-030-78142-2_5,Safe Session-Based Asynchronous Coordination in Rust,2021,,Zak Cutner; N. Yoshida,10.1007/978-3-030-78142-2_5,,International Conference on Coordination Models and Languages,https://www.semanticscholar.org/paper/7c3b2ebcb87d0afc012c16ca7a0e11a01cb0bd40,13,29,included,raw/cs039-references-p0001-semanticscholar.json.gz
semanticscholar,CS039,S67,0a40611a839d7e399a6647418984e60790e6910a,doi:10.1017/s0956796818000151,Iris from the ground up: A modular foundation for higher-order concurrent separation logic,2018,,Ralf Jung; Robbert Krebbers; Jacques-Henri Jourdan; A. Bizjak; L. Birkedal; Derek Dreyer,10.1017/s0956796818000151,,Journal of functional programming,https://www.semanticscholar.org/paper/0a40611a839d7e399a6647418984e60790e6910a,466,77,included,raw/cs039-references-p0001-semanticscholar.json.gz
semanticscholar,CS039,S67,5254a9a32f4be6bcf857e8aba41336f7477586a7,doi:10.4230/lipics.ecoop.2018.3,Theory and Practice of Coroutines with Snapshots,2018,,Aleksandar Prokopec; Fengyun Liu,10.4230/lipics.ecoop.2018.3,,European Conference on Object-Oriented Programming,https://www.semanticscholar.org/paper/5254a9a32f4be6bcf857e8aba41336f7477586a7,18,48,included,raw/cs039-references-p0001-semanticscholar.json.gz
semanticscholar,CS039,S67,e40c313a79290db2ec842a52b9d1684db1b6cd67,doi:10.4230/darts.3.2.15,Strong Logic for Weak Memory: Reasoning About Release-Acquire Consistency in Iris (Artifact),2017,,Jan-Oliver Kaiser; Hoang-Hai Dang; Derek Dreyer; O. Lahav; Viktor Vafeiadis,10.4230/darts.3.2.15,,Dagstuhl Artifacts Ser.,https://www.semanticscholar.org/paper/e40c313a79290db2ec842a52b9d1684db1b6cd67,110,34,included,raw/cs039-references-p0001-semanticscholar.json.gz
semanticscholar,CS039,S67,3a68704a06d5fafc9101bac8a57f185239d16003,s2:3a68704a06d5fafc9101bac8a57f185239d16003,Verifying a concurrent data-structure from the Dartino Framework in Iris,2017,,Morten Krogh-Jespersen; Thomas Dinsdale-Young; L. Birkedal,,,,https://www.semanticscholar.org/paper/3a68704a06d5fafc9101bac8a57f185239d16003,3,7,included,raw/cs039-references-p0001-semanticscholar.json.gz
semanticscholar,CS039,S67,,unknown:semanticscholar:cs039:references:0:38,A Wait-free 16 (Feb,2016,,,,,Proc,,,,included,raw/cs039-references-p0001-semanticscholar.json.gz
semanticscholar,CS039,S67,c9bec79b1b3f10f9d80dc5a3aca94cf2c7e5584e,s2:c9bec79b1b3f10f9d80dc5a3aca94cf2c7e5584e,Additional comments on a problem in concurrent programming control,2000,,,,,,https://www.semanticscholar.org/paper/c9bec79b1b3f10f9d80dc5a3aca94cf2c7e5584e,35,0,included,raw/cs039-references-p0001-semanticscholar.json.gz
semanticscholar,CS039,S67,d894a5a09e0217d6961e8d3648df48f30f542dd4,s2:d894a5a09e0217d6961e8d3648df48f30f542dd4,Coroutines and Networks of Parallel Processes,1977,,G. Kahn; David B. MacQueen,,,IFIP Congress,https://www.semanticscholar.org/paper/d894a5a09e0217d6961e8d3648df48f30f542dd4,660,0,included,raw/cs039-references-p0001-semanticscholar.json.gz
semanticscholar,CS039,S67,ca9ccbcf4a8440590a81f94295a22386a422d198,doi:10.1145/365559.365617,Solution of a problem in concurrent programming control,1965,,E. Dijkstra,10.1145/365559.365617,,CACM,https://www.semanticscholar.org/paper/ca9ccbcf4a8440590a81f94295a22386a422d198,890,0,included,raw/cs039-references-p0001-semanticscholar.json.gz
semanticscholar,CS040,S70,ddf4db6d66a77237d0e6b4f6942d7be4a4b3bc09,doi:10.1145/3445814.3446748,VSync: push-button verification and optimization for synchronization primitives on weak memory models,2021,2021-04-19,Jonas Oberhauser; Rafael Lourenco de Lima Chehab; Diogo Behrens; Ming Fu; Antonio Paolillo; Lilith Oberhauser; Koustubha Bhat; Yuzhong Wen; Haibo Chen; Jaeho Kim; Viktor Vafeiadis,10.1145/3445814.3446748,,International Conference on Architectural Support for Programming Languages and Operating Systems,https://www.semanticscholar.org/paper/ddf4db6d66a77237d0e6b4f6942d7be4a4b3bc09,47,90,included,raw/cs040-references-p0001-semanticscholar.json.gz
semanticscholar,CS040,S70,89dc3f2a15a72fd62fe026b3a7ff10fd0d81b101,doi:10.1145/3434324,PerSeVerE: persistency semantics for verification under ext4,2021,2021-01-04,Michalis Kokologiannakis; Ilya Kaysin; A. Raad; Viktor Vafeiadis,10.1145/3434324,,Proc. ACM Program. Lang.,https://www.semanticscholar.org/paper/89dc3f2a15a72fd62fe026b3a7ff10fd0d81b101,24,50,included,raw/cs040-references-p0001-semanticscholar.json.gz
semanticscholar,CS040,S70,94a1f98f22dfa89ec20e4aa5b9c79a784a6bcf9e,doi:10.1145/3428262,Pomsets with preconditions: a simple model of relaxed memory,2020,2020-11-13,R. Jagadeesan; Alan Jeffrey; James Riely,10.1145/3428262,,Proc. ACM Program. Lang.,https://www.semanticscholar.org/paper/94a1f98f22dfa89ec20e4aa5b9c79a784a6bcf9e,34,71,included,raw/cs040-references-p0001-semanticscholar.json.gz
semanticscholar,CS040,S70,e5f11b53d7cde73883a463ab98b90095103ec792,doi:10.1145/3385412.3386010,Promising 2.0: global optimizations in relaxed memory concurrency,2020,2020-06-06,Sung-Hwan Lee; Minki Cho; A. Podkopaev; S. Chakraborty; Chung-Kil Hur; O. Lahav; Viktor Vafeiadis,10.1145/3385412.3386010,,ACM-SIGPLAN Symposium on Programming Language Design and Implementation,https://www.semanticscholar.org/paper/e5f11b53d7cde73883a463ab98b90095103ec792,69,37,included,raw/cs040-references-p0001-semanticscholar.json.gz
semanticscholar,CS040,S70,e2646b037b24069a0a798aecabae25ad7a1b4835,doi:10.1145/3373376.3378480,HMC: Model Checking for Hardware Memory Models,2020,2020-03-09,Michalis Kokologiannakis; Viktor Vafeiadis,10.1145/3373376.3378480,,International Conference on Architectural Support for Programming Languages and Operating Systems,https://www.semanticscholar.org/paper/e2646b037b24069a0a798aecabae25ad7a1b4835,43,56,included,raw/cs040-references-p0001-semanticscholar.json.gz
semanticscholar,CS040,S70,6fdbb7dec501053e36ba7a6a99e4c698bc898e61,doi:10.1145/3360599,Effective lock handling in stateless model checking,2019,2019-10-10,Michalis Kokologiannakis; A. Raad; Viktor Vafeiadis,10.1145/3360599,,Proc. ACM Program. Lang.,https://www.semanticscholar.org/paper/6fdbb7dec501053e36ba7a6a99e4c698bc898e61,24,36,included,raw/cs040-references-p0001-semanticscholar.json.gz
semanticscholar,CS040,S70,a4aafb65ad4221f89ec65df1aefef681437e26e0,doi:10.1145/3360576,Optimal stateless model checking for reads-from equivalence under sequential consistency,2019,2019-10-10,P. Abdulla; M. Atig; B. Jonsson; M. Lång; Ngo Tuan Phong; Konstantinos Sagonas,10.1145/3360576,,Proc. ACM Program. Lang.,https://www.semanticscholar.org/paper/a4aafb65ad4221f89ec65df1aefef681437e26e0,56,40,included,raw/cs040-references-p0001-semanticscholar.json.gz
semanticscholar,CS040,S70,e3a0886cc77e1560e764e124986ab5ec1e927097,doi:10.1007/978-3-030-25540-4_19,BMC for Weak Memory Models: Relation Analysis for Compact SMT Encodings,2019,2019-07-15,N. Gavrilenko; Hernán Ponce de León; Florian Furbach; Keijo Heljanko; R. Meyer,10.1007/978-3-030-25540-4_19,,International Conference on Computer Aided Verification,https://www.semanticscholar.org/paper/e3a0886cc77e1560e764e124986ab5ec1e927097,53,27,included,raw/cs040-references-p0001-semanticscholar.json.gz
semanticscholar,CS040,S70,518652adbfab1c50284a5c3d6ac463ebfefbadb0,doi:10.1145/3314221.3314609,Model checking for weakly consistent libraries,2019,2019-06-08,Michalis Kokologiannakis; A. Raad; Viktor Vafeiadis,10.1145/3314221.3314609,,ACM-SIGPLAN Symposium on Programming Language Design and Implementation,https://www.semanticscholar.org/paper/518652adbfab1c50284a5c3d6ac463ebfefbadb0,99,48,included,raw/cs040-references-p0001-semanticscholar.json.gz
semanticscholar,CS040,S70,e8c11e951dd8f875555757cbf1b902519dca3839,doi:10.1145/3290383,Grounding thin-air reads with event structures,2019,2019-01-02,S. Chakraborty; Viktor Vafeiadis,10.1145/3290383,,Proc. ACM Program. Lang.,https://www.semanticscholar.org/paper/e8c11e951dd8f875555757cbf1b902519dca3839,72,41,included,raw/cs040-references-p0001-semanticscholar.json.gz
semanticscholar,CS040,S70,6b2164b22e40af1cb35cc174c17b076f5d140ab2,doi:10.1145/3276505,Optimal stateless model checking under the release-acquire semantics,2018,2018-08-02,P. Abdulla; M. Atig; B. Jonsson; Ngo Tuan Phong,10.1145/3276505,1808.00843,Proc. ACM Program. Lang.,https://www.semanticscholar.org/paper/6b2164b22e40af1cb35cc174c17b076f5d140ab2,73,90,included,raw/cs040-references-p0001-semanticscholar.json.gz
semanticscholar,CS040,S70,a5b2764b49ea567332936b45afacb52e4145dc5d,doi:10.1145/3290382,Bridging the gap between programming languages and hardware weak memory models,2018,2018-07-20,A. Podkopaev; O. Lahav; Viktor Vafeiadis,10.1145/3290382,1807.07892,Proc. ACM Program. Lang.,https://www.semanticscholar.org/paper/a5b2764b49ea567332936b45afacb52e4145dc5d,83,53,included,raw/cs040-references-p0001-semanticscholar.json.gz
semanticscholar,CS040,S70,b08b29aba4e76a28ef91fdd19194fccd2786d07b,doi:10.1007/978-3-319-96142-2_24,Constrained Dynamic Partial Order Reduction,2018,2018-07-14,E. Albert; M. Gómez-Zamalloa; Miguel Isabel; A. Rubio,10.1007/978-3-319-96142-2_24,,International Conference on Computer Aided Verification,https://www.semanticscholar.org/paper/b08b29aba4e76a28ef91fdd19194fccd2786d07b,27,21,included,raw/cs040-references-p0001-semanticscholar.json.gz
semanticscholar,CS040,S70,7648848e5ec41fbfd4614634a810c583692ed3ba,doi:10.1007/978-3-319-89963-3_14,Optimal Dynamic Partial Order Reduction with Observers,2018,2018-04-14,Stavros Aronis; B. Jonsson; M. Lång; Konstantinos Sagonas,10.1007/978-3-319-89963-3_14,,International Conference on Tools and Algorithms for Construction and Analysis of Systems,https://www.semanticscholar.org/paper/7648848e5ec41fbfd4614634a810c583692ed3ba,43,31,included,raw/cs040-references-p0001-semanticscholar.json.gz
semanticscholar,CS040,S70,630b78dddd7d66a2e4513131727bb5ac80030c86,doi:10.1145/3173162.3177156,Frightening Small Children and Disconcerting Grown-ups: Concurrency in the Linux Kernel,2018,2018-03-19,J. Alglave; Luc Maranget; P. McKenney; A. Parri; A. S. Stern,10.1145/3173162.3177156,,International Conference on Architectural Support for Programming Languages and Operating Systems,https://www.semanticscholar.org/paper/630b78dddd7d66a2e4513131727bb5ac80030c86,63,73,included,raw/cs040-references-p0001-semanticscholar.json.gz
semanticscholar,CS040,S70,0f26a8a75800c42cc473f467e0590728be3e5d91,doi:10.1145/3158105,Effective stateless model checking for C/C++ concurrency,2017,2017-12-27,Michalis Kokologiannakis; O. Lahav; Konstantinos Sagonas; Viktor Vafeiadis,10.1145/3158105,,Proc. ACM Program. Lang.,https://www.semanticscholar.org/paper/0f26a8a75800c42cc473f467e0590728be3e5d91,127,39,included,raw/cs040-references-p0001-semanticscholar.json.gz
semanticscholar,CS040,S70,05c7ae4b88b06f5103ae4a00aebb38ce9852c83c,doi:10.1007/978-3-319-63387-9_26,Context-Sensitive Dynamic Partial Order Reduction,2017,2017-07-24,E. Albert; P. Arenas; M. G. D. L. Banda; M. Gómez-Zamalloa; Peter James Stuckey,10.1007/978-3-319-63387-9_26,,International Conference on Computer Aided Verification,https://www.semanticscholar.org/paper/05c7ae4b88b06f5103ae4a00aebb38ce9852c83c,42,16,included,raw/cs040-references-p0001-semanticscholar.json.gz
semanticscholar,CS040,S70,5f336a86f0b4c91c729d3adf471fe27eaf67f5e8,doi:10.1145/3062341.3062352,Repairing sequential consistency in C/C++11,2017,2017-06-14,O. Lahav; Viktor Vafeiadis; Jeehoon Kang; Chung-Kil Hur; Derek Dreyer,10.1145/3062341.3062352,,ACM-SIGPLAN Symposium on Programming Language Design and Implementation,https://www.semanticscholar.org/paper/5f336a86f0b4c91c729d3adf471fe27eaf67f5e8,220,48,included,raw/cs040-references-p0001-semanticscholar.json.gz
semanticscholar,CS040,S70,f313e93201531bbf8990ee444a15c4e6c5b980b5,doi:10.1145/3009837.3009850,A promising semantics for relaxed-memory concurrency,2017,2017-01-01,Jeehoon Kang; Chung-Kil Hur; O. Lahav; Viktor Vafeiadis; Derek Dreyer,10.1145/3009837.3009850,,ACM-SIGACT Symposium on Principles of Programming Languages,https://www.semanticscholar.org/paper/f313e93201531bbf8990ee444a15c4e6c5b980b5,204,35,included,raw/cs040-references-p0001-semanticscholar.json.gz
semanticscholar,CS040,S70,ff52c9ad8c1d0dfc0f0ce49c513272faf6450ebd,doi:10.1145/3158119,Data-centric dynamic partial order reduction,2016,2016-10-04,Marek Chalupa; Krishnendu Chatterjee; Andreas Pavlogiannis; Nishant Sinha; Kapil Vaidya,10.1145/3158119,1610.01188,Proc. ACM Program. Lang.,https://www.semanticscholar.org/paper/ff52c9ad8c1d0dfc0f0ce49c513272faf6450ebd,71,68,included,raw/cs040-references-p0001-semanticscholar.json.gz
semanticscholar,CS040,S70,12a4287ea57aa7fdd21cd7527af6dd92ed1855b0,doi:10.1007/978-3-319-41540-6_8,Stateless Model Checking for POWER,2016,2016-05-07,P. Abdulla; M. Atig; B. Jonsson; C. Leonardsson,10.1007/978-3-319-41540-6_8,1605.02185,International Conference on Computer Aided Verification,https://www.semanticscholar.org/paper/12a4287ea57aa7fdd21cd7527af6dd92ed1855b0,67,56,included,raw/cs040-references-p0001-semanticscholar.json.gz
semanticscholar,CS040,S70,11041c90b039cc6d45e1d6bd88ce4575805fd52c,doi:10.1145/2837614.2837615,"Modelling the ARMv8 architecture, operationally: concurrency and ISA",2016,2016-01-11,Shaked Flur; Kathryn E. Gray; Christopher Pulte; Susmit Sarkar; A. Sezgin; Luc Maranget; Will Deacon; Peter Sewell,10.1145/2837614.2837615,,ACM-SIGACT Symposium on Principles of Programming Languages,https://www.semanticscholar.org/paper/11041c90b039cc6d45e1d6bd88ce4575805fd52c,175,61,included,raw/cs040-references-p0001-semanticscholar.json.gz
semanticscholar,CS040,S70,bde0e8ce845d704b11d43d9df4913a7f9cedfb3b,doi:10.1145/2775051.2676995,Common Compiler Optimisations are Invalid in the C11 Memory Model and what we can do about it,2015,2015-01-14,Viktor Vafeiadis; Thibaut Balabonski; S. Chakraborty; Robin Morisset; Francesco Zappa Nardelli,10.1145/2775051.2676995,,ACM-SIGACT Symposium on Principles of Programming Languages,https://www.semanticscholar.org/paper/bde0e8ce845d704b11d43d9df4913a7f9cedfb3b,128,28,included,raw/cs040-references-p0001-semanticscholar.json.gz
semanticscholar,CS040,S70,2d99959110d081d2612c74126da384ef93df6699,doi:10.1007/s00236-016-0275-0,Stateless model checking for TSO and PSO,2015,2015-01-09,P. Abdulla; Stavros Aronis; M. Atig; B. Jonsson; C. Leonardsson; Konstantinos Sagonas,10.1007/s00236-016-0275-0,1501.02069,Acta Informatica,https://www.semanticscholar.org/paper/2d99959110d081d2612c74126da384ef93df6699,163,42,included,raw/cs040-references-p0001-semanticscholar.json.gz
semanticscholar,CS040,S70,098739c37e2385a0666aed7f78d58c7e1c13b0d5,doi:10.1145/2535838.2535845,Optimal dynamic partial order reduction,2014,2014-01-08,P. Abdulla; Stavros Aronis; B. Jonsson; Konstantinos Sagonas,10.1145/2535838.2535845,,ACM-SIGACT Symposium on Principles of Programming Languages,https://www.semanticscholar.org/paper/098739c37e2385a0666aed7f78d58c7e1c13b0d5,205,37,included,raw/cs040-references-p0001-semanticscholar.json.gz
semanticscholar,CS040,S70,2814d43ef6c8811d6844e3125dd3d4c87c2e226a,doi:10.1145/2509136.2509514,CDSchecker: checking concurrent data structures written with C/C++ atomics,2013,2013-10-29,Brian Norris; Brian Demsky,10.1145/2509136.2509514,,"Conference on Object-Oriented Programming Systems, Languages, and Applications",https://www.semanticscholar.org/paper/2814d43ef6c8811d6844e3125dd3d4c87c2e226a,148,42,included,raw/cs040-references-p0001-semanticscholar.json.gz
semanticscholar,CS040,S70,f18a9b83021af98449d9c8374a0775d6d672504d,doi:10.1007/978-3-642-39799-8_9,Partial Orders for Efficient Bounded Model Checking of Concurrent Software,2013,2013-07-13,J. Alglave; D. Kroening; Michael Tautschnig,10.1007/978-3-642-39799-8_9,,International Conference on Computer Aided Verification,https://www.semanticscholar.org/paper/f18a9b83021af98449d9c8374a0775d6d672504d,162,44,included,raw/cs040-references-p0001-semanticscholar.json.gz
semanticscholar,CS040,S70,e1aa60639ac1c05788d4eef6054d9a47d047de0e,doi:10.1145/1926385.1926394,Mathematizing C++ concurrency,2011,2011-01-26,Mark Batty; Scott Owens; Susmit Sarkar; Peter Sewell; Tjark Weber,10.1145/1926385.1926394,,ACM-SIGACT Symposium on Principles of Programming Languages,https://www.semanticscholar.org/paper/e1aa60639ac1c05788d4eef6054d9a47d047de0e,413,33,included,raw/cs040-references-p0001-semanticscholar.json.gz
semanticscholar,CS040,S70,e949f00933afc88cfc8982c2becb5971635085d9,doi:10.1007/978-3-642-03359-9_27,A Better x86 Memory Model: x86-TSO,2009,2009-08-20,Scott Owens; Susmit Sarkar; Peter Sewell,10.1007/978-3-642-03359-9_27,,International Conference on Theorem Proving in Higher Order Logics,https://www.semanticscholar.org/paper/e949f00933afc88cfc8982c2becb5971635085d9,423,22,included,raw/cs040-references-p0001-semanticscholar.json.gz
semanticscholar,CS040,S70,f68a1814799628d3ecbb2e46746d9c28ebe2c069,s2:f68a1814799628d3ecbb2e46746d9c28ebe2c069,Finding and Reproducing Heisenbugs in Concurrent Programs,2008,2008-12-08,Madanlal Musuvathi; S. Qadeer; T. Ball; Gérard Basler; Piramanayagam Arumuga Nainar; Iulian Neamtiu,,,USENIX Symposium on Operating Systems Design and Implementation,https://www.semanticscholar.org/paper/f68a1814799628d3ecbb2e46746d9c28ebe2c069,628,51,included,raw/cs040-references-p0001-semanticscholar.json.gz
semanticscholar,CS040,S70,6103910012ede95d9ae0275fdc80d98ab4738bf1,doi:10.1007/978-3-540-31980-1_25,Dynamic Symmetry Reduction,2005,2005-04-04,E. Allen Emerson; T. Wahl,10.1007/978-3-540-31980-1_25,,International Conference on Tools and Algorithms for Construction and Analysis of Systems,https://www.semanticscholar.org/paper/6103910012ede95d9ae0275fdc80d98ab4738bf1,56,20,included,raw/cs040-references-p0001-semanticscholar.json.gz
semanticscholar,CS040,S70,0b4cd037925fe2185cbf38b4ccb76f32bbd87d53,doi:10.1145/1040305.1040336,The Java memory model,2005,2005-01-12,Jeremy Manson,10.1145/1040305.1040336,,ACM-SIGACT Symposium on Principles of Programming Languages,https://www.semanticscholar.org/paper/0b4cd037925fe2185cbf38b4ccb76f32bbd87d53,819,72,included,raw/cs040-references-p0001-semanticscholar.json.gz
semanticscholar,CS040,S70,5f5335a25d2b4ef0fb099ae917ff98d8afea97e3,doi:10.1007/978-3-540-24730-2_15,A Tool for Checking ANSI-C Programs,2004,2004-03-29,E. Clarke; D. Kroening; Flavio Lerda,10.1007/978-3-540-24730-2_15,,International Conference on Tools and Algorithms for Construction and Analysis of Systems,https://www.semanticscholar.org/paper/5f5335a25d2b4ef0fb099ae917ff98d8afea97e3,1555,12,included,raw/cs040-references-p0001-semanticscholar.json.gz
semanticscholar,CS040,S70,e0bc77d18ab2e097395ce77b8c050f53f420542d,doi:10.1109/2.546611,Shared Memory Consistency Models: A Tutorial,1996,1996-12-01,S. Adve; K. Gharachorloo,10.1109/2.546611,,Computer,https://www.semanticscholar.org/paper/e0bc77d18ab2e097395ce77b8c050f53f420542d,1230,87,included,raw/cs040-references-p0001-semanticscholar.json.gz
semanticscholar,CS040,S70,20e4aa2d31b87dff0eaceff14f59ebf9ce08ca76,doi:10.1007/bf00625969,Exploiting symmetry in temporal logic model checking,1993,1993-06-28,E. Clarke; S. Jha; R. Enders; Thomas Filkorn,10.1007/bf00625969,,Formal Methods Syst. Des.,https://www.semanticscholar.org/paper/20e4aa2d31b87dff0eaceff14f59ebf9ce08ca76,570,22,included,raw/cs040-references-p0001-semanticscholar.json.gz
semanticscholar,CS040,S70,5f06aeb2a5fd62a9d34ba303be5524b8f3734eeb,doi:10.1145/366663.366704,Design of a separable transition-diagram compiler,1963,1963-07-01,M. Conway,10.1145/366663.366704,,Communications of the ACM,https://www.semanticscholar.org/paper/5f06aeb2a5fd62a9d34ba303be5524b8f3734eeb,479,16,included,raw/cs040-references-p0001-semanticscholar.json.gz
semanticscholar,CS040,S70,e2761b93a2b091a07684d0f37509700941f55b49,doi:10.1007/978-3-030-91014-3_16,BAM: Efficient Model Checking for Barriers,2021,,Michalis Kokologiannakis; Viktor Vafeiadis,10.1007/978-3-030-91014-3_16,,International Conference on Networked Systems,https://www.semanticscholar.org/paper/e2761b93a2b091a07684d0f37509700941f55b49,7,26,included,raw/cs040-references-p0001-semanticscholar.json.gz
semanticscholar,CS040,S70,,unknown:semanticscholar:cs040:references:0:37,Automatically generated litmus tests for validation LISA-language Linux-kernel memory models(2021),2021,,,,,url: https://github.com/paulmckrcu/litmus,,,,included,raw/cs040-references-p0001-semanticscholar.json.gz
semanticscholar,CS040,S70,,unknown:semanticscholar:cs040:references:0:38,"Herding cats: Modelling, simulation, testing, and data mining for weak memory",2014,,,,,"ACM Trans. Program. Lang. Syst. 36(2), 7:1–7:74",,,,included,raw/cs040-references-p0001-semanticscholar.json.gz
semanticscholar,CS040,S70,cf528a91ce9cc45f74d0a4905a91c115dd25501c,doi:10.1007/978-3-319-17885-1_100398,Extensibility,2008,,,10.1007/978-3-319-17885-1_100398,,ACM SIGSPATIAL International Workshop on Advances in Geographic Information Systems,https://www.semanticscholar.org/paper/cf528a91ce9cc45f74d0a4905a91c115dd25501c,34,0,included,raw/cs040-references-p0001-semanticscholar.json.gz
semanticscholar,CS040,S70,,unknown:semanticscholar:cs040:references:0:40,lli - directly execute programs from LLVM bitcode,2003,,,,,:,,,,included,raw/cs040-references-p0001-semanticscholar.json.gz
semanticscholar,CS040,S70,654071cc54205699d50edc2fb617b1580428e855,doi:10.1145/263699.263717,Model checking for programming languages using VeriSoft,1997,,Patrice Godefroid,10.1145/263699.263717,,ACM-SIGACT Symposium on Principles of Programming Languages,https://www.semanticscholar.org/paper/654071cc54205699d50edc2fb617b1580428e855,907,44,included,raw/cs040-references-p0001-semanticscholar.json.gz
semanticscholar,CS040,S70,fdfb5caf6102324e8e727805a786a7654512c3f0,s2:fdfb5caf6102324e8e727805a786a7654512c3f0,The SPARC architecture manual : version 9,1994,,D. Weaver; Tom Gremond,,,,https://www.semanticscholar.org/paper/fdfb5caf6102324e8e727805a786a7654512c3f0,530,6,included,raw/cs040-references-p0001-semanticscholar.json.gz
semanticscholar,CS040,S70,5fea43b959fd5b5a76dc09ea890ba0b4270f79e3,s2:5fea43b959fd5b5a76dc09ea890ba0b4270f79e3,The sparc architecture manual,1991,,Philip M Evans,,,,https://www.semanticscholar.org/paper/5fea43b959fd5b5a76dc09ea890ba0b4270f79e3,272,12,included,raw/cs040-references-p0001-semanticscholar.json.gz
semanticscholar,CS040,S70,,unknown:semanticscholar:cs040:references:0:44,The tool should implement a state-of-the-art SMC algorithm and incorporate further optimizations for common programming patterns,,,,,,,,,,unknown-date,raw/cs040-references-p0001-semanticscholar.json.gz
semanticscholar,CS040,S70,,unknown:semanticscholar:cs040:references:0:45,No-Thin-Air:,,,,,,"consistent graphs, ppo ∪ rf should be acyclic",,,,unknown-date,raw/cs040-references-p0001-semanticscholar.json.gz
semanticscholar,CS040,S70,,unknown:semanticscholar:cs040:references:0:46,Usability: The tool should provide useful and readable error messages,,,,,,,,,,unknown-date,raw/cs040-references-p0001-semanticscholar.json.gz
semanticscholar,CS040,S70,,unknown:semanticscholar:cs040:references:0:47,Crossbeam,,,,,,:/,,,,unknown-date,raw/cs040-references-p0001-semanticscholar.json.gz
semanticscholar,CS040,S70,,unknown:semanticscholar:cs040:references:0:48,Generality: The tool should be able to verify programs written in a variety of programming languages with respect to a variety of memory models,,,,,,,,,,unknown-date,raw/cs040-references-p0001-semanticscholar.json.gz
semanticscholar,CS040,S70,,unknown:semanticscholar:cs040:references:0:49,Preﬁx-Closedness,,,,,,,,,,unknown-date,raw/cs040-references-p0001-semanticscholar.json.gz
semanticscholar,CS040,S70,aec72f704970d04d48eb0043e0a266533e3579f9,doi:10.1145/3821428,OZZ: Identifying Kernel Out-of-Order Concurrency Bugs with In-Vivo Memory Access Reordering,2026,2026-06-19,Dae R. Jeong; Yewon Choi; Byoungyoung Lee; Insik Shin; Youngjin Kwon,10.1145/3821428,,ACM Transactions on Computer Systems,https://www.semanticscholar.org/paper/aec72f704970d04d48eb0043e0a266533e3579f9,7,123,included,raw/cs040-citations-p0001-semanticscholar.json.gz
semanticscholar,CS040,S70,ed14ffcf313f769ae242be31f80f76703f144e10,arxiv:2606.20134,An MSO Framework for Weak-Memory Verification and Robustness,2026,2026-06-18,G. K. Conrado; Andreas Pavlogiannis,,2606.20134,,https://www.semanticscholar.org/paper/ed14ffcf313f769ae242be31f80f76703f144e10,0,75,included,raw/cs040-citations-p0001-semanticscholar.json.gz
semanticscholar,CS040,S70,0524ff1d515a02fc6f251655bd5d21b8c3d6b01e,arxiv:2606.17182,Verified Detection and Prevention of Concurrency Anomalies in Multi-Agent Large Language Model Systems,2026,2026-06-15,Sajjad Khan,,2606.17182,,https://www.semanticscholar.org/paper/0524ff1d515a02fc6f251655bd5d21b8c3d6b01e,2,96,included,raw/cs040-citations-p0001-semanticscholar.json.gz
semanticscholar,CS040,S70,aac8e92606fa70105d163090a4a8f2b426af2e98,doi:10.1007/978-3-032-22749-2_13,jMT: Testing Correctness of Java Memory Models,2026,2026-04-17,Lukas Panneke; Heike Wehrheim,10.1007/978-3-032-22749-2_13,2604.15978,International Conference on Tools and Algorithms for Construction and Analysis of Systems,https://www.semanticscholar.org/paper/aac8e92606fa70105d163090a4a8f2b426af2e98,0,34,included,raw/cs040-citations-p0001-semanticscholar.json.gz
semanticscholar,CS040,S70,ff0fd78efd906f7c2b38cb430e7b793c0d9ad36f,doi:10.1145/3798208,RAT-CAT-SAT: Model Checking Memory Consistency Models,2026,2026-04-10,Jan Grünke; Thomas Haas; Roland Meyer,10.1145/3798208,,Proceedings of the ACM on Programming Languages,https://www.semanticscholar.org/paper/ff0fd78efd906f7c2b38cb430e7b793c0d9ad36f,0,87,included,raw/cs040-citations-p0001-semanticscholar.json.gz
semanticscholar,CS040,S70,1113e69674ef97c2cd4713e80a2d6ddc4d3a1939,doi:10.1145/3779212.3790129,Arm Weak Memory Consistency on Apple Silicon: What Is It Good For?,2026,2026-03-22,Yossi Khayet; Adam Morrison,10.1145/3779212.3790129,,International Conference on Architectural Support for Programming Languages and Operating Systems,https://www.semanticscholar.org/paper/1113e69674ef97c2cd4713e80a2d6ddc4d3a1939,0,78,included,raw/cs040-citations-p0001-semanticscholar.json.gz
semanticscholar,CS040,S70,bcd8aba2eda238284b79d3782698761530e2461f,doi:10.1145/3789260,Rust Meets Linux: Lessons from an Evolving Experiment,2026,2026-01-24,Hongyu Li; Liwei Guo; Yexuan Yang; Shangguang Wang; Mengwei Xu,10.1145/3789260,,ACM Transactions on Computer Systems,https://www.semanticscholar.org/paper/bcd8aba2eda238284b79d3782698761530e2461f,0,111,included,raw/cs040-citations-p0001-semanticscholar.json.gz
semanticscholar,CS040,S70,8da70097f4a2bb001521296cccd34e9664b79b5f,doi:10.1145/3776713,A Verified High-Performance Composable Object Library for Remote Direct Memory Access,2026,2026-01-08,Guillaume Ambal; G. Hodgkins; Mark Madler; Gregory V. Chockler; Brijesh Dongol; Joseph Izraelevitz; A. Raad; Viktor Vafeiadis,10.1145/3776713,,Proc. ACM Program. Lang.,https://www.semanticscholar.org/paper/8da70097f4a2bb001521296cccd34e9664b79b5f,0,81,included,raw/cs040-citations-p0001-semanticscholar.json.gz
semanticscholar,CS040,S70,cc2d712b5c5e42606339033448fa671f7937ba65,doi:10.1145/3776687,Recurrence Sets for Proving Fair Non-termination under Axiomatic Memory Consistency Models,2026,2026-01-08,Thomas Haas; Roland Meyer; Hernán Ponce de León; Andrés Lomelí Garduño,10.1145/3776687,,Proc. ACM Program. Lang.,https://www.semanticscholar.org/paper/cc2d712b5c5e42606339033448fa671f7937ba65,2,50,included,raw/cs040-citations-p0001-semanticscholar.json.gz
semanticscholar,CS040,S70,fc95cb88ff20ec7f7679a62d7cd941118fe8448a,doi:10.1145/3776723,Counting and Sampling Traces in Regular Languages,2025,2025-11-29,Alexis de Colnet; K. Meel; Umang Mathur,10.1145/3776723,2512.00314,Proc. ACM Program. Lang.,https://www.semanticscholar.org/paper/fc95cb88ff20ec7f7679a62d7cd941118fe8448a,1,35,included,raw/cs040-citations-p0001-semanticscholar.json.gz
semanticscholar,CS040,S70,8855192211fa556dae579801d74cadf5fc4e2609,arxiv:2508.07855,Checking Consistency of Event-driven Traces,2025,2025-08-11,P. Abdulla; M. Atig; R. Govind; Samuel Grahn; R. Thinniyam,10.48550/arxiv.2508.07855,2508.07855,Asian Symposium on Programming Languages and Systems,https://www.semanticscholar.org/paper/8855192211fa556dae579801d74cadf5fc4e2609,0,53,included,raw/cs040-citations-p0001-semanticscholar.json.gz
semanticscholar,CS040,S70,51e769bec6764d1b6637973728b96a8c194b00f3,doi:10.1002/cpe.70484,Weak Memory Model Formalisms: Introduction and Survey,2025,2025-08-06,Roger C. Su; R. Colvin,10.1002/cpe.70484,2508.04115,Concurrency and Computation,https://www.semanticscholar.org/paper/51e769bec6764d1b6637973728b96a8c194b00f3,0,311,included,raw/cs040-citations-p0001-semanticscholar.json.gz
semanticscholar,CS040,S70,cd726e608f8fb4ffaec60c2b43d83efebe803860,doi:10.1145/3695053.3731102,Precise exceptions in relaxed architectures,2025,2025-06-20,Ben Simner; A. Armstrong; Thomas Bauereiss; Brian Campbell; Ohad Kammar; Jean Pichon-Pharabod; Peter Sewell,10.1145/3695053.3731102,,International Symposium on Computer Architecture,https://www.semanticscholar.org/paper/cd726e608f8fb4ffaec60c2b43d83efebe803860,3,67,included,raw/cs040-citations-p0001-semanticscholar.json.gz
semanticscholar,CS040,S70,e249cc97f192513eeb4bec3bca44f8b03547b3f4,arxiv:2505.15053,Owicki-Gries Logic for Timestamp Semantics,2025,2025-05-21,T. Abe,10.48550/arxiv.2505.15053,2505.15053,arXiv.org,https://www.semanticscholar.org/paper/e249cc97f192513eeb4bec3bca44f8b03547b3f4,0,19,included,raw/cs040-citations-p0001-semanticscholar.json.gz
semanticscholar,CS040,S70,9a8c1cd6c1f7776f56d2cbe98fd236f372dfe6e3,doi:10.1145/3776643,The Complexity of Testing Message-Passing Concurrency,2025,2025-05-08,Zheng Shi; Lasse Moldrup; Umang Mathur; Andreas Pavlogiannis,10.1145/3776643,2505.05162,Proc. ACM Program. Lang.,https://www.semanticscholar.org/paper/9a8c1cd6c1f7776f56d2cbe98fd236f372dfe6e3,2,91,included,raw/cs040-citations-p0001-semanticscholar.json.gz
semanticscholar,CS040,S70,bbc7ff19315ba03519449dc68e40ad4767a2d0fa,doi:10.1145/3669940.3707214,Selectively Uniform Concurrency Testing,2025,2025-02-03,Huan Zhao; Dylan Wolff; Umang Mathur; Abhik Roychoudhury,10.1145/3669940.3707214,,International Conference on Architectural Support for Programming Languages and Operating Systems,https://www.semanticscholar.org/paper/bbc7ff19315ba03519449dc68e40ad4767a2d0fa,6,68,included,raw/cs040-citations-p0001-semanticscholar.json.gz
semanticscholar,CS040,S70,218fd6425c0eb7f23461b7fe8f51598981ac9ea0,doi:10.1145/3704911,Model Checking C/C++ with Mixed-Size Accesses,2025,2025-01-07,Iason Marmanis; Michalis Kokologiannakis; Viktor Vafeiadis,10.1145/3704911,,Proc. ACM Program. Lang.,https://www.semanticscholar.org/paper/218fd6425c0eb7f23461b7fe8f51598981ac9ea0,2,28,included,raw/cs040-citations-p0001-semanticscholar.json.gz
semanticscholar,CS040,S70,bc9c01dd6b889563907d49d386f7bc84f1ee7d46,doi:10.1145/3704906,RELINCHE: Automatically Checking Linearizability under Relaxed Memory Consistency,2025,2025-01-07,P. Golovin; Michalis Kokologiannakis; Viktor Vafeiadis,10.1145/3704906,,Proc. ACM Program. Lang.,https://www.semanticscholar.org/paper/bc9c01dd6b889563907d49d386f7bc84f1ee7d46,5,59,included,raw/cs040-citations-p0001-semanticscholar.json.gz
semanticscholar,CS040,S70,8f276e62845a150f8001ed955007208be9f2c3c3,doi:10.1145/3704908,Relaxed Memory Concurrency Re-executed,2025,2025-01-07,E.V. Moiseenko; Matteo Meluzzi; Innokentii Meleshchenko; Ivan Kabashnyi; A. Podkopaev; S. Chakraborty,10.1145/3704908,,Proc. ACM Program. Lang.,https://www.semanticscholar.org/paper/8f276e62845a150f8001ed955007208be9f2c3c3,3,40,included,raw/cs040-citations-p0001-semanticscholar.json.gz
semanticscholar,CS040,S70,5b4d65a12540ff14e40ec670652674ae822a28e2,doi:10.1145/3694715.3695944,OZZ: Identifying Kernel Out-of-Order Concurrency Bugs with In-Vivo Memory Access Reordering,2024,2024-11-04,Dae R. Jeong; Yewon Choi; Byoungyoung Lee; Insik Shin; Youngjin Kwon,10.1145/3694715.3695944,,Symposium on Operating Systems Principles,https://www.semanticscholar.org/paper/5b4d65a12540ff14e40ec670652674ae822a28e2,1,113,included,raw/cs040-citations-p0001-semanticscholar.json.gz
semanticscholar,CS040,S70,6329ff93586dd5f8513b2c94347694a9051a8fae,doi:10.1145/3650212.3685301,Testing Concurrent Algorithms on JVM with Lincheck and IntelliJ IDEA,2024,2024-09-11,A. Potapov; Maksim Zuev; E.V. Moiseenko; Nikita Koval,10.1145/3650212.3685301,,International Symposium on Software Testing and Analysis,https://www.semanticscholar.org/paper/6329ff93586dd5f8513b2c94347694a9051a8fae,3,22,included,raw/cs040-citations-p0001-semanticscholar.json.gz
semanticscholar,CS040,S70,b4e260c7339fe87a342ba0409415d8e332377d82,arxiv:2405.11128,Parsimonious Optimal Dynamic Partial Order Reduction,2024,2024-05-18,P. Abdulla; M. Atig; Sarbojit Das; Bengt Jonsson; Konstantinos Sagonas,10.48550/arxiv.2405.11128,2405.11128,International Conference on Computer Aided Verification,https://www.semanticscholar.org/paper/b4e260c7339fe87a342ba0409415d8e332377d82,7,53,included,raw/cs040-citations-p0001-semanticscholar.json.gz
semanticscholar,CS040,S70,94bbd185024dd1c00d0815a1a7510d64ccdaef40,doi:10.1145/3620665.3640389,Greybox Fuzzing for Concurrency Testing,2024,2024-04-27,Dylan Wolff; Zheng Shi; Gregory J. Duck; Umang Mathur; Abhik Roychoudhury,10.1145/3620665.3640389,,International Conference on Architectural Support for Programming Languages and Operating Systems,https://www.semanticscholar.org/paper/94bbd185024dd1c00d0815a1a7510d64ccdaef40,18,77,included,raw/cs040-citations-p0001-semanticscholar.json.gz
semanticscholar,CS040,S70,85b331240e99f33c65fc064876803ea326a285d2,doi:10.1145/3597503.3639099,Optimistic Prediction of Synchronization-Reversal Data Races,2024,2024-01-11,Zheng Shi; Umang Mathur; Andreas Pavlogiannis,10.1145/3597503.3639099,2401.05642,International Conference on Software Engineering,https://www.semanticscholar.org/paper/85b331240e99f33c65fc064876803ea326a285d2,18,77,included,raw/cs040-citations-p0001-semanticscholar.json.gz
semanticscholar,CS040,S70,0f97a5d4b21933990565d58323e2a1647124c0b6,doi:10.1109/tse.2023.3326056,Simulating Operational Memory Models Using Off-the-Shelf Program Analysis Tools,2023,2023-12-01,D. Iorga; John Wickerson; Alastair F. Donaldson,10.1109/tse.2023.3326056,,IEEE Transactions on Software Engineering,https://www.semanticscholar.org/paper/0f97a5d4b21933990565d58323e2a1647124c0b6,3,65,included,raw/cs040-citations-p0001-semanticscholar.json.gz
semanticscholar,CS040,S70,5b9b62dc114d0020fb8d5f43cafb6eae7124bfc5,doi:10.34727/2023/isbn.978-3-85448-060-0_16,Optimal Bounded Partial Order Reduction,2023,2023-10-24,Iason Marmanis; Viktor Vafeiadis,10.34727/2023/isbn.978-3-85448-060-0_16,,Formal Methods in Computer-Aided Design,https://www.semanticscholar.org/paper/5b9b62dc114d0020fb8d5f43cafb6eae7124bfc5,0,24,included,raw/cs040-citations-p0001-semanticscholar.json.gz
semanticscholar,CS040,S70,358e90ea2dad932955e84b1de095c213b42eb4dd,doi:10.1145/3622855,Static Analysis of Memory Models for SMT Encodings,2023,2023-10-16,Thomas Haas; René Maseli; Roland Meyer; Hernán Ponce de León,10.1145/3622855,,Proc. ACM Program. Lang.,https://www.semanticscholar.org/paper/358e90ea2dad932955e84b1de095c213b42eb4dd,2,86,included,raw/cs040-citations-p0001-semanticscholar.json.gz
semanticscholar,CS040,S70,fb13af5f2bc2cd47f425a8ff7605f96734514834,arxiv:2307.15930,Tailoring Stateless Model Checking for Event-Driven Multi-Threaded Programs,2023,2023-07-29,P. Abdulla; M. Atig; F. Bønneland; Sarbojit Das; B. Jonsson; M. Lång; Konstantinos Sagonas,10.48550/arxiv.2307.15930,2307.15930,Automated Technology for Verification and Analysis,https://www.semanticscholar.org/paper/fb13af5f2bc2cd47f425a8ff7605f96734514834,5,50,included,raw/cs040-citations-p0001-semanticscholar.json.gz
semanticscholar,CS040,S70,4ff826c62604576a6ff84d16191d0b26f1682b08,doi:10.1145/3591251,Optimal Reads-From Consistency Checking for C11-Style Memory Models,2023,2023-04-07,P. Abdulla; S. Chakraborty; S. Krishna; Umang Mathur; Andreas Pavlogiannis; Hunkar Can Tuncc,10.1145/3591251,2304.03714,Proc. ACM Program. Lang.,https://www.semanticscholar.org/paper/4ff826c62604576a6ff84d16191d0b26f1682b08,20,68,included,raw/cs040-citations-p0001-semanticscholar.json.gz
semanticscholar,CS040,S70,88b6531137d850a145bc66a6846e98dbd7b97284,doi:10.1145/3575693.3575729,Probabilistic Concurrency Testing for Weak Memory Programs,2023,2023-01-27,Mingyu Gao; S. Chakraborty; B. Ozkan,10.1145/3575693.3575729,,International Conference on Architectural Support for Programming Languages and Operating Systems,https://www.semanticscholar.org/paper/88b6531137d850a145bc66a6846e98dbd7b97284,13,56,included,raw/cs040-citations-p0001-semanticscholar.json.gz
semanticscholar,CS040,S70,a0dacf160b9b2bd85863dde279b5e9736222b3f6,doi:10.1145/3571212,Kater: Automating Weak Memory Model Metatheory and Consistency Checking,2023,2023-01-09,Michalis Kokologiannakis; O. Lahav; Viktor Vafeiadis,10.1145/3571212,,Proc. ACM Program. Lang.,https://www.semanticscholar.org/paper/a0dacf160b9b2bd85863dde279b5e9736222b3f6,15,42,included,raw/cs040-citations-p0001-semanticscholar.json.gz
semanticscholar,CS040,S70,a505dfa68e2757e27344b05d34a3534e254ce63b,arxiv:2211.11942,A Pragmatic Approach to Stateful Partial Order Reduction,2022,2022-11-22,Berk Çirisci; C. Enea; Azadeh Farzan; Suha Orhun Mutluergil,10.48550/arxiv.2211.11942,2211.11942,"International Conference on Verification, Model Checking and Abstract Interpretation",https://www.semanticscholar.org/paper/a505dfa68e2757e27344b05d34a3534e254ce63b,5,44,included,raw/cs040-citations-p0001-semanticscholar.json.gz
semanticscholar,CS040,S70,1145521484f6837d8155fba9b67a09a1c3fefc42,doi:10.1145/3563315,Model checking for a multi-execution memory model,2022,2022-10-31,E. Moiseenko; Michalis Kokologiannakis; Viktor Vafeiadis,10.1145/3563315,,Proc. ACM Program. Lang.,https://www.semanticscholar.org/paper/1145521484f6837d8155fba9b67a09a1c3fefc42,4,50,included,raw/cs040-citations-p0001-semanticscholar.json.gz
semanticscholar,CS040,S70,026c605f36e75d25d14c64fb59acad4d966ec57b,doi:10.1145/3563292,CAAT: consistency as a theory,2022,2022-10-31,Thomas Haas; R. Meyer; Hernán Ponce de León,10.1145/3563292,,Proc. ACM Program. Lang.,https://www.semanticscholar.org/paper/026c605f36e75d25d14c64fb59acad4d966ec57b,9,97,included,raw/cs040-citations-p0001-semanticscholar.json.gz
semanticscholar,CS040,S70,1d5fb7bbc15fda0fe297d5de82e0e62256681a91,doi:10.1145/3563321,Consistency-preserving propagation for SMT solving of concurrent program verification,2022,2022-10-31,Zhihang Sun; Hongyu Fan; Fei He,10.1145/3563321,,Proc. ACM Program. Lang.,https://www.semanticscholar.org/paper/1d5fb7bbc15fda0fe297d5de82e0e62256681a91,7,42,included,raw/cs040-citations-p0001-semanticscholar.json.gz
semanticscholar,CS040,S70,8bbe70fec004bbb6280462b1c7fe5e1d74c48002,doi:10.1007/s10703-025-00479-0,Awaiting for Godot: Stateless Model Checking that Avoids Executions where Nothing Happens,2022,2022-08-19,B. Jonsson; M. Lång; Konstantinos Sagonas,10.1007/s10703-025-00479-0,2208.09259,Formal Methods in Computer-Aided Design,https://www.semanticscholar.org/paper/8bbe70fec004bbb6280462b1c7fe5e1d74c48002,5,41,included,raw/cs040-citations-p0001-semanticscholar.json.gz
semanticscholar,CS040,S70,839f3e9e749be5edf1eb818e9286086cc731e94f,doi:10.1109/access.2022.3223359,Combining BMC and Fuzzing Techniques for Finding Software Vulnerabilities in Concurrent Programs,2022,2022-06-13,Fatimah Aljaafari; R. Menezes; Edoardo Manino; F. Shmarov; Mustafa Mustafa; L. Cordeiro,10.1109/access.2022.3223359,2206.06043,IEEE Access,https://www.semanticscholar.org/paper/839f3e9e749be5edf1eb818e9286086cc731e94f,6,78,included,raw/cs040-citations-p0001-semanticscholar.json.gz
semanticscholar,CS040,S70,ffe283484ea3e8f7c338b3667a7c22e526efc5a9,doi:10.34727/2021/isbn.978-3-85448-046-4_25,Dynamic Partial Order Reductions for Spinloops,2021,2021-10-19,Michalis Kokologiannakis; X. Ren; Viktor Vafeiadis,10.34727/2021/isbn.978-3-85448-046-4_25,,Formal Methods in Computer-Aided Design,https://www.semanticscholar.org/paper/ffe283484ea3e8f7c338b3667a7c22e526efc5a9,9,26,included,raw/cs040-citations-p0001-semanticscholar.json.gz
semanticscholar,CS040,S70,a9e35bede292a107d2b815fe108a6fa6f72f0a39,doi:10.1109/sp46214.2022.9833774,Cats vs. Spectre: An Axiomatic Approach to Modeling Speculative Execution Attacks,2021,2021-08-31,Hernán Ponce de León; Johannes Kinder,10.1109/sp46214.2022.9833774,2108.13818,IEEE Symposium on Security and Privacy,https://www.semanticscholar.org/paper/a9e35bede292a107d2b815fe108a6fa6f72f0a39,36,43,included,raw/cs040-citations-p0001-semanticscholar.json.gz
semanticscholar,CS040,S70,be3902623f9b56f3f681a3153de9d140296e9b32,doi:10.1145/3485475,Making weak memory models fair,2020,2020-12-02,O. Lahav; Egor Namakonov; Jonas Oberhauser; A. Podkopaev; Viktor Vafeiadis,10.1145/3485475,2012.01067,Proc. ACM Program. Lang.,https://www.semanticscholar.org/paper/be3902623f9b56f3f681a3153de9d140296e9b32,24,50,included,raw/cs040-citations-p0001-semanticscholar.json.gz
semanticscholar,CS040,S70,e12409909ebf81942b7202108b951569e1490f37,doi:10.1007/978-3-031-57249-4_4,Enhancing GenMC's Usability and Performance,2024,,Michalis Kokologiannakis; Rupak Majumdar; Viktor Vafeiadis,10.1007/978-3-031-57249-4_4,,International Conference on Tools and Algorithms for Construction and Analysis of Systems,https://www.semanticscholar.org/paper/e12409909ebf81942b7202108b951569e1490f37,5,45,included,raw/cs040-citations-p0001-semanticscholar.json.gz
semanticscholar,CS040,S70,0606341a32e29c4e70333d4af68aabb02518d9b8,s2:0606341a32e29c4e70333d4af68aabb02518d9b8,"An Empirical Study of Rust-for-Linux: The Success, Dissatisfaction, and Compromise",2024,,Hongyu Li; Liwei Guo; Yexuan Yang; Shangguang Wang; Mengwei Xu,,,USENIX Annual Technical Conference,https://www.semanticscholar.org/paper/0606341a32e29c4e70333d4af68aabb02518d9b8,23,92,included,raw/cs040-citations-p0001-semanticscholar.json.gz
semanticscholar,CS040,S70,eeb6fa5edb9ed3c031ec3f11dfa04d22415da1df,doi:10.1007/978-3-031-37706-8_8,Lincheck: A Practical Framework for Testing Concurrent Data Structures on JVM,2023,,N. Koval; Alexander Fedorov; Maria Sokolova; D. Tsitelov; Dan Alistarh,10.1007/978-3-031-37706-8_8,,International Conference on Computer Aided Verification,https://www.semanticscholar.org/paper/eeb6fa5edb9ed3c031ec3f11dfa04d22415da1df,11,37,included,raw/cs040-citations-p0001-semanticscholar.json.gz
semanticscholar,CS040,S70,01ce4c9a9593758bb8a1dbf5b1894512f51a4e52,doi:10.1109/access.2023.3272833,When Memory Corruption Met Concurrency: Vulnerabilities in Concurrent Programs,2023,,Oscar Llorente-Vazquez; Igor Santos-Grueiro; P. G. Bringas,10.1109/access.2023.3272833,,IEEE Access,https://www.semanticscholar.org/paper/01ce4c9a9593758bb8a1dbf5b1894512f51a4e52,2,69,included,raw/cs040-citations-p0001-semanticscholar.json.gz
semanticscholar,CS040,S70,04c457456b9332562b83faa356503b54a92719c7,s2:04c457456b9332562b83faa356503b54a92719c7,Testing for C # Programs with Coyote,2023,,Pantazis Deligiannis; Aditya Senthilnathan; Fahad Nayyar; Chris Lovett; Akash Lal,,,,https://www.semanticscholar.org/paper/04c457456b9332562b83faa356503b54a92719c7,7,58,included,raw/cs040-citations-p0001-semanticscholar.json.gz
semanticscholar,CS040,S70,28c0323d0342a5dbadb1af669158ea1b528154e6,doi:10.1007/978-3-031-30823-9_5,Reconciling Preemption Bounding with DPOR,2023,,Iason Marmanis; Michalis Kokologiannakis; Viktor Vafeiadis,10.1007/978-3-031-30823-9_5,,International Conference on Tools and Algorithms for Construction and Analysis of Systems,https://www.semanticscholar.org/paper/28c0323d0342a5dbadb1af669158ea1b528154e6,4,32,included,raw/cs040-citations-p0001-semanticscholar.json.gz
semanticscholar,CS040,S70,19ca1d0f9f9b0546914a9be4766f57388cc80f07,doi:10.1007/978-3-031-37706-8_12,Unblocking Dynamic Partial Order Reduction,2023,,Michalis Kokologiannakis; Iason Marmanis; Viktor Vafeiadis,10.1007/978-3-031-37706-8_12,,International Conference on Computer Aided Verification,https://www.semanticscholar.org/paper/19ca1d0f9f9b0546914a9be4766f57388cc80f07,9,31,included,raw/cs040-citations-p0001-semanticscholar.json.gz
semanticscholar,CS040,S70,fc66018aeb176ccd3eaca6cdbd65d121000e603f,s2:fc66018aeb176ccd3eaca6cdbd65d121000e603f,BWoS: Formally Verified Block-based Work Stealing for Parallel Processing,2023,,Jiawei Wang; Bohdan Trach; Ming Fu; Diogo Behrens; Jonathan Schwender; Yutao Liu; Jitang Lei; Viktor Vafeiadis; H. Härtig; Haibo Chen,,,USENIX Symposium on Operating Systems Design and Implementation,https://www.semanticscholar.org/paper/fc66018aeb176ccd3eaca6cdbd65d121000e603f,5,98,included,raw/cs040-citations-p0001-semanticscholar.json.gz
semanticscholar,CS040,S70,75134c7b9ae6628e8a0caa2e7ad244d0d5d76f0c,doi:10.1007/978-3-031-30823-9_6,Optimal Stateless Model Checking for Causal Consistency,2023,,P. Abdulla; M. Atig; S. Krishna; Ashutosh Gupta; Omkar Tuppe,10.1007/978-3-031-30823-9_6,,International Conference on Tools and Algorithms for Construction and Analysis of Systems,https://www.semanticscholar.org/paper/75134c7b9ae6628e8a0caa2e7ad244d0d5d76f0c,6,46,included,raw/cs040-citations-p0001-semanticscholar.json.gz
semanticscholar,CS040,S70,ca22066f6396d706496e126295574a28418abbdc,s2:ca22066f6396d706496e126295574a28418abbdc,Model Checking on Multi-execution Memory Models,2022,,JetBrains Research; Germany MPI-SWS,,,,https://www.semanticscholar.org/paper/ca22066f6396d706496e126295574a28418abbdc,0,57,included,raw/cs040-citations-p0001-semanticscholar.json.gz
semanticscholar,CS040,S70,e3829e2e4096fdce8051ef428dba05baeee9822b,s2:e3829e2e4096fdce8051ef428dba05baeee9822b,This paper is included in the Proceedings of the 17th USENIX Symposium on Operating Systems Design and Implementation.,,,Systems Design; Jiawei Wang; Bohdan Trach; Ming Fu; Diogo Behrens; Jonathan Schwender; Yutao Liu; Jitang Lei; Hermann Härtig; Viktor Vafeiadis; Haibo Chen,,,,https://www.semanticscholar.org/paper/e3829e2e4096fdce8051ef428dba05baeee9822b,0,96,unknown-date,raw/cs040-citations-p0001-semanticscholar.json.gz
semanticscholar,CS040,S70,be8143f6066e232d8b5f6ba3a7627d51cd4db1d5,s2:be8143f6066e232d8b5f6ba3a7627d51cd4db1d5,Probabilistic Concurrency Testing for Weak Memory Programs,,,,,,,https://www.semanticscholar.org/paper/be8143f6066e232d8b5f6ba3a7627d51cd4db1d5,1,49,unknown-date,raw/cs040-citations-p0001-semanticscholar.json.gz
semanticscholar,CS040,S70,8bfa87122b6a00586dd811cd5accc8e8d8a703e3,s2:8bfa87122b6a00586dd811cd5accc8e8d8a703e3,Probabilistic Concurrency Testing for Weak Memory Programs,,,,,,,https://www.semanticscholar.org/paper/8bfa87122b6a00586dd811cd5accc8e8d8a703e3,0,49,unknown-date,raw/cs040-citations-p0001-semanticscholar.json.gz
semanticscholar,CS040,S70,799435c026fcf486ea72be2dbfbee99cf5cca9cd,s2:799435c026fcf486ea72be2dbfbee99cf5cca9cd,Probabilistic Concurrency Testing for Weak Memory Programs,,,,,,,https://www.semanticscholar.org/paper/799435c026fcf486ea72be2dbfbee99cf5cca9cd,1,49,unknown-date,raw/cs040-citations-p0001-semanticscholar.json.gz
semanticscholar,CS040,S70,640470dde79798ca3ed4eeeb139a37e80843b861,s2:640470dde79798ca3ed4eeeb139a37e80843b861,Probabilistic Concurrency Testing for Weak Memory Programs,,,,,,,https://www.semanticscholar.org/paper/640470dde79798ca3ed4eeeb139a37e80843b861,0,49,unknown-date,raw/cs040-citations-p0001-semanticscholar.json.gz
semanticscholar,CS040,S70,d0d9108b45bb5dd26ea27bf2576bd9157d15a48e,s2:d0d9108b45bb5dd26ea27bf2576bd9157d15a48e,Probabilistic Concurrency Testing for Weak Memory Programs,,,,,,,https://www.semanticscholar.org/paper/d0d9108b45bb5dd26ea27bf2576bd9157d15a48e,0,49,unknown-date,raw/cs040-citations-p0001-semanticscholar.json.gz
semanticscholar,CS040,S70,1923583f73eddea0b5c4b554edce4cba66cdd62d,s2:1923583f73eddea0b5c4b554edce4cba66cdd62d,Order Reduction,,,P. Abdulla; M. Atig; Sarbojit Das; Bengt Jonsson; Konstantinos Sagonas,,,,https://www.semanticscholar.org/paper/1923583f73eddea0b5c4b554edce4cba66cdd62d,1,49,unknown-date,raw/cs040-citations-p0001-semanticscholar.json.gz
semanticscholar,CS040,S70,e19813ac9eba9ca86c1e46a9954552b5b837391d,s2:e19813ac9eba9ca86c1e46a9954552b5b837391d,Burrow: A Proof Framework for Weak Memory,,,Dennis Sprokholt; Soham Chakraborty,,,,https://www.semanticscholar.org/paper/e19813ac9eba9ca86c1e46a9954552b5b837391d,0,37,unknown-date,raw/cs040-citations-p0001-semanticscholar.json.gz
semanticscholar,CS041,S76,d383564dd75f7e8aec54c992a2867e90d906c634,doi:10.1007/978-3-540-27813-9_4,A Formal Reduction for Lock-Free Parallel Algorithms,2004,2004-07-13,Hui Gao; W. Hesselink,10.1007/978-3-540-27813-9_4,,International Conference on Computer Aided Verification,https://www.semanticscholar.org/paper/d383564dd75f7e8aec54c992a2867e90d906c634,25,17,included,raw/cs041-metadata-p0001-semanticscholar.json.gz
semanticscholar,CS041,S76,50a8699004ad5553d74a5131142c8a162b2c2dd7,doi:10.1088/1757-899x/928/3/032064,Algorithm for CPU resource allocator case study and compering between ordinary and ML Algorithms,2020,2020-11-19,Azeez Ammar Emad; Bondarenko Yulia Valentinovna,10.1088/1757-899x/928/3/032064,,IOP Conference Series: Materials Science and Engineering,https://www.semanticscholar.org/paper/50a8699004ad5553d74a5131142c8a162b2c2dd7,0,12,included,raw/cs041-citations-p0001-semanticscholar.json.gz
semanticscholar,CS041,S76,e6f65d71779a2a44c17ff41f8d388ebfafbf9914,doi:10.1007/978-3-030-31157-5_10,Proving a Non-blocking Algorithm for Process Renaming with TLA ^+ +,2019,2019-10-09,A. Hurault; P. Quéinnec,10.1007/978-3-030-31157-5_10,,TAP@FM,https://www.semanticscholar.org/paper/e6f65d71779a2a44c17ff41f8d388ebfafbf9914,1,31,included,raw/cs041-citations-p0001-semanticscholar.json.gz
semanticscholar,CS041,S76,64289e17bbc844a91a8827bf9fed44b295337fed,doi:10.1145/2610384.2610402,Verifying atomicity via data independence,2014,2014-07-21,Ohad Shacham; Eran Yahav; Guy Golan-Gueta; A. Aiken; N. Bronson; Shmuel Sagiv; Martin T. Vechev,10.1145/2610384.2610402,,International Symposium on Software Testing and Analysis,https://www.semanticscholar.org/paper/64289e17bbc844a91a8827bf9fed44b295337fed,15,27,included,raw/cs041-citations-p0001-semanticscholar.json.gz
semanticscholar,CS041,S76,7f43789aabc3cbee88a80c2fbf92d2e1d55360bb,doi:10.1007/978-3-642-54833-8_17,Checking Linearizability of Encapsulated Extended Operations,2014,2014-04-05,Oren Zomer; Guy Golan-Gueta; G. Ramalingam; M. Sagiv,10.1007/978-3-642-54833-8_17,,European Symposium on Programming,https://www.semanticscholar.org/paper/7f43789aabc3cbee88a80c2fbf92d2e1d55360bb,3,32,included,raw/cs041-citations-p0001-semanticscholar.json.gz
semanticscholar,CS041,S76,17a1c7e1cf593d6e91f09bee3c34721d94ef3bd7,doi:10.1016/j.scico.2009.09.006,Simulation refinement for concurrency verification,2011,2011-09-01,W. Hesselink,10.1016/j.scico.2009.09.006,,Science of Computer Programming,https://www.semanticscholar.org/paper/17a1c7e1cf593d6e91f09bee3c34721d94ef3bd7,6,62,included,raw/cs041-citations-p0001-semanticscholar.json.gz
semanticscholar,CS041,S76,52071ecd6ec8436460627d4d3d99f97ddff659e3,doi:10.1109/iccsa.2011.46,A Fast Lock-Free User Memory Space Allocator for Embedded Systems,2011,2011-06-20,Dongwook Lee; Junghoon Kim; U. Kim; Y. Eom; H. Jun; W. Kim,10.1109/iccsa.2011.46,,Communication Systems and Applications,https://www.semanticscholar.org/paper/52071ecd6ec8436460627d4d3d99f97ddff659e3,4,12,included,raw/cs041-citations-p0001-semanticscholar.json.gz
semanticscholar,CS041,S76,a3ad5177aa59eb0a564c2bedabaf6719bcd7a0c8,doi:10.1109/cit.2010.206,XMalloc: A Scalable Lock-free Dynamic Memory Allocator for Many-core Machines,2010,2010-06-29,Xiaohuang Huang; Christopher I. Rodrigues; Stephen Jones; I. Buck; Wen-mei W. Hwu,10.1109/cit.2010.206,,2010 10th IEEE International Conference on Computer and Information Technology,https://www.semanticscholar.org/paper/a3ad5177aa59eb0a564c2bedabaf6719bcd7a0c8,73,15,included,raw/cs041-citations-p0001-semanticscholar.json.gz
semanticscholar,CS041,S76,869ae96da6326045f6dcfd0c7dbf4574a19aabcf,doi:10.1007/978-3-642-13321-3_21,Temporal Logic Verification of Lock-Freedom,2010,2010-06-21,B. Tofan; S. Bäumler; G. Schellhorn; W. Reif,10.1007/978-3-642-13321-3_21,,International Conference on Mathematics of Program Construction,https://www.semanticscholar.org/paper/869ae96da6326045f6dcfd0c7dbf4574a19aabcf,23,49,included,raw/cs041-citations-p0001-semanticscholar.json.gz
semanticscholar,CS041,S76,08afefc390bca601de6bd656cd7e8386db3b9af9,doi:10.1109/icacia.2009.5361143,A lock-free algorithm for union-find with deletion,2009,2009-12-28,Hui Gao; Yan Fu; Jia-ping Li,10.1109/icacia.2009.5361143,,International Conference on Apperceiving Computing and Intelligence Analysis,https://www.semanticscholar.org/paper/08afefc390bca601de6bd656cd7e8386db3b9af9,0,13,included,raw/cs041-citations-p0001-semanticscholar.json.gz
semanticscholar,CS041,S76,5b2223f636ced879dc67d08e45e683b4ee9fd5a2,doi:10.1109/icise.2009.841,Practical Lock-Free Implementation of LL/SC Using Only Pointer-Size CAS,2009,2009-12-26,Hui Gao; Yan Fu; W. Hesselink,10.1109/icise.2009.841,,2009 First International Conference on Information Science and Engineering,https://www.semanticscholar.org/paper/5b2223f636ced879dc67d08e45e683b4ee9fd5a2,2,16,included,raw/cs041-citations-p0001-semanticscholar.json.gz
semanticscholar,CS041,S76,9c224b57855a6348801072f7a249932e01c49a96,doi:10.1109/dasc.2009.25,Verification of a Lock-Free Implementation of Multiword LL/SC Object,2009,2009-12-12,Hui Gao; Yan Fu; W. Hesselink,10.1109/dasc.2009.25,,"2009 Eighth IEEE International Conference on Dependable, Autonomic and Secure Computing",https://www.semanticscholar.org/paper/9c224b57855a6348801072f7a249932e01c49a96,3,15,included,raw/cs041-citations-p0001-semanticscholar.json.gz
semanticscholar,CS041,S76,abf5aa38af47b720895009d23a57aaf00adae497,doi:10.1007/978-3-540-73368-3_49,Comparison Under Abstraction for Verifying Linearizability,2007,2007-07-03,Daphna Amit; N. Rinetzky; T. Reps; Shmuel Sagiv; Eran Yahav,10.1007/978-3-540-73368-3_49,,International Conference on Computer Aided Verification,https://www.semanticscholar.org/paper/abf5aa38af47b720895009d23a57aaf00adae497,130,24,included,raw/cs041-citations-p0001-semanticscholar.json.gz
semanticscholar,CS041,S76,21161c8efa04cd2ec2e4f121fc720d7e2ffc4e38,doi:10.1145/1250734.1250737,CheckFence: checking consistency of concurrent data types on relaxed memory models,2007,2007-06-15,Sebastian Burckhardt; R. Alur; Milo M. K. Martin,10.1145/1250734.1250737,,ACM-SIGPLAN Symposium on Programming Language Design and Implementation,https://www.semanticscholar.org/paper/21161c8efa04cd2ec2e4f121fc720d7e2ffc4e38,210,52,included,raw/cs041-citations-p0001-semanticscholar.json.gz
semanticscholar,CS041,S76,abc1688eaf65aaf19cb0887ef9655eefdfcffb3c,doi:10.1016/j.ic.2006.10.003,A general lock-free algorithm using compare-and-swap,2007,2007-02-01,Hui Gao; W. Hesselink,10.1016/j.ic.2006.10.003,,Information and Computation,https://www.semanticscholar.org/paper/abc1688eaf65aaf19cb0887ef9655eefdfcffb3c,21,24,included,raw/cs041-citations-p0001-semanticscholar.json.gz
semanticscholar,CS041,S76,140bfb2fd2f02ab266b8a287bc0cd9ec038c74b4,doi:10.1016/j.scico.2006.10.001,Lock-free parallel and concurrent garbage collection by mark&sweep,2007,2007-02-01,Hui Gao; J. F. Groote; W. Hesselink,10.1016/j.scico.2006.10.001,,Science of Computer Programming,https://www.semanticscholar.org/paper/140bfb2fd2f02ab266b8a287bc0cd9ec038c74b4,43,81,included,raw/cs041-citations-p0001-semanticscholar.json.gz
semanticscholar,CS041,S76,48f9a189d630d2fd338eb378ae841a3e4100429e,doi:10.1007/11576235_31,Lock-Free Parallel Garbage Collection,2005,2005-11-02,Hui Gao; J. F. Groote; W. Hesselink,10.1007/11576235_31,,International Symposium on Image and Signal Processing and Analysis,https://www.semanticscholar.org/paper/48f9a189d630d2fd338eb378ae841a3e4100429e,4,18,included,raw/cs041-citations-p0001-semanticscholar.json.gz
semanticscholar,CS041,S76,e63c0aa7d55615d226d89a09dcaa12e6b9bc8465,doi:10.1145/1065944.1065953,Static analysis of atomicity for programs with non-blocking synchronization,2005,2005-06-15,Liqiang Wang; S. Stoller,10.1145/1065944.1065953,,ACM SIGPLAN Symposium on Principles & Practice of Parallel Programming,https://www.semanticscholar.org/paper/e63c0aa7d55615d226d89a09dcaa12e6b9bc8465,74,22,included,raw/cs041-citations-p0001-semanticscholar.json.gz
semanticscholar,CS041,S76,1f6718d33e62b7d168e32eaa727a8e13d35c746c,s2:1f6718d33e62b7d168e32eaa727a8e13d35c746c,Verifying concurrent programs under weak memory models,2017,,Oleg Travkin,,,,https://www.semanticscholar.org/paper/1f6718d33e62b7d168e32eaa727a8e13d35c746c,0,116,included,raw/cs041-citations-p0001-semanticscholar.json.gz
semanticscholar,CS041,S76,39073bfbe27e5411ef5262f9c6d9e3225dacec26,doi:10.26686/wgtn.17004076,On the Use of Model Checking for the Bounded and Unbounded Verification of Nonblocking Concurrent Data Structures,2013,,D. Friggens,10.26686/wgtn.17004076,,,https://www.semanticscholar.org/paper/39073bfbe27e5411ef5262f9c6d9e3225dacec26,4,221,included,raw/cs041-citations-p0001-semanticscholar.json.gz
semanticscholar,CS041,S76,5504cfba3baba433174af34b86a8537b5a6042ae,s2:5504cfba3baba433174af34b86a8537b5a6042ae,Memory model sensitive analysis of concurrent data types,2007,,R. Alur; Milo M. K. Martin; S. Burckhardt,,,,https://www.semanticscholar.org/paper/5504cfba3baba433174af34b86a8537b5a6042ae,9,80,included,raw/cs041-citations-p0001-semanticscholar.json.gz
semanticscholar,CS041,S76,35fed15421b1891a37b893f1ba0a58de3073a0c4,s2:35fed15421b1891a37b893f1ba0a58de3073a0c4,Static Analysis of Atomicity for Algorithms Using Non-Blocking Synchronization ∗,2007,,Liqiang Wang; S. Stoller,,,,https://www.semanticscholar.org/paper/35fed15421b1891a37b893f1ba0a58de3073a0c4,0,23,included,raw/cs041-citations-p0001-semanticscholar.json.gz
semanticscholar,CS041,S76,066d0aac0185aac3a420a927423100e6305df256,s2:066d0aac0185aac3a420a927423100e6305df256,Analysis of synchronization errors for multithreaded programs,2006,,S. Stoller; Liqiang Wang,,,,https://www.semanticscholar.org/paper/066d0aac0185aac3a420a927423100e6305df256,0,55,included,raw/cs041-citations-p0001-semanticscholar.json.gz
semanticscholar,CS041,S76,,unknown:semanticscholar:cs041:citations:0:22,A Refinement Proof of a Multiword Ll/sc Object,2006,,,,,,,,,included,raw/cs041-citations-p0001-semanticscholar.json.gz
semanticscholar,CS041,S76,d27dcb8d89b48954abf30e9b2a36bc860c5f5d08,s2:d27dcb8d89b48954abf30e9b2a36bc860c5f5d08,Static Analysis of Atomicity for Programs with Lock-Free Synchronization,2005,,Liqiang Wang; S. Stoller,,,,https://www.semanticscholar.org/paper/d27dcb8d89b48954abf30e9b2a36bc860c5f5d08,0,19,included,raw/cs041-citations-p0001-semanticscholar.json.gz
semanticscholar,CS041,S76,dcec3805ae1e9b30ccbf20184bfba14766889d8e,s2:dcec3805ae1e9b30ccbf20184bfba14766889d8e,Design and verification of lock-free parallel algorithms,2005,,Hui Gao,,,,https://www.semanticscholar.org/paper/dcec3805ae1e9b30ccbf20184bfba14766889d8e,64,170,included,raw/cs041-citations-p0001-semanticscholar.json.gz
semanticscholar,CS042,S78,2704c413960264632a7f0b4117a9cddc7cfc490f,doi:10.1145/3210258,Modular Termination Verification of Single-Threaded and Multithreaded Programs,2018,2018-07-05,B. Jacobs; D. Bošnački; R. Kuiper,10.1145/3210258,,ACM Transactions on Programming Languages and Systems,https://www.semanticscholar.org/paper/2704c413960264632a7f0b4117a9cddc7cfc490f,11,27,included,raw/cs042-metadata-p0001-semanticscholar.json.gz
semanticscholar,CS042,S78,8a8d750e1a0c7a29ce28da0358b08593c8a48ab9,doi:10.1145/3798240,Lawyer: Modular Obligations-Based Liveness Reasoning in Higher-Order Impredicative Concurrent Separation Logic,2026,2026-04-10,Egor Namakonov; Justus Fasse; Bart Jacobs; Lars Birkedal; Amin Timany,10.1145/3798240,,Proceedings of the ACM on Programming Languages,https://www.semanticscholar.org/paper/8a8d750e1a0c7a29ce28da0358b08593c8a48ab9,2,39,included,raw/cs042-citations-p0001-semanticscholar.json.gz
semanticscholar,CS042,S78,b2610408579a47cab7925f781a9c4c91298fce8e,arxiv:2212.14126,Modular termination verification with a higher-order concurrent separation logic (Intermediate report),2022,2022-12-28,Justus Fasse; Bart Jacobs,10.48550/arxiv.2212.14126,2212.14126,arXiv.org,https://www.semanticscholar.org/paper/b2610408579a47cab7925f781a9c4c91298fce8e,0,45,included,raw/cs042-citations-p0001-semanticscholar.json.gz
semanticscholar,CS042,S78,d1b8cf16a5287ad6d110797bf9cb986876d21fdd,arxiv:2010.11762,Ghost Signals: Verifying Termination of Busy-Waiting (Extended Version),2020,2020-10-22,Tobias Reinhard; B. Jacobs,,2010.11762,,https://www.semanticscholar.org/paper/d1b8cf16a5287ad6d110797bf9cb986876d21fdd,0,35,included,raw/cs042-citations-p0001-semanticscholar.json.gz
semanticscholar,CS042,S78,ee6c7f61cf1f99bf3288e6e20ba6154df75c5422,doi:10.1145/3427761.3428345,A separation logic to verify termination of busy-waiting for abrupt program exit,2020,2020-07-20,Tobias Reinhard; Amin Timany; B. Jacobs,10.1145/3427761.3428345,2010.07800,FTfJP@ECOOP,https://www.semanticscholar.org/paper/ee6c7f61cf1f99bf3288e6e20ba6154df75c5422,5,21,included,raw/cs042-citations-p0001-semanticscholar.json.gz
semanticscholar,CS042,S78,092d3b57ed7cdb674b9efd0a34cf079ad63d8c9f,doi:10.1007/978-3-030-32505-3_11,Starvation-Free Monitors,2019,2019-10-31,J. Hamin,10.1007/978-3-030-32505-3_11,,International Colloquium on Theoretical Aspects of Computing,https://www.semanticscholar.org/paper/092d3b57ed7cdb674b9efd0a34cf079ad63d8c9f,0,25,included,raw/cs042-citations-p0001-semanticscholar.json.gz
semanticscholar,CS042,S78,2d26046aef9923b227cfa6427bab721e0140e2ea,doi:10.26180/5db106c787d35,Automatic Inference of Symbolic Permissions for Single-threaded Java Programs,2019,2019-10-24,A. Sadiq,10.26180/5db106c787d35,,,https://www.semanticscholar.org/paper/2d26046aef9923b227cfa6427bab721e0140e2ea,0,192,included,raw/cs042-citations-p0001-semanticscholar.json.gz
semanticscholar,CS042,S78,ae7a8a51a82ea6e60a8eb26552309683280322c4,arxiv:1902.05311,Sip4J: Statically inferring permission-based specifications for sequential Java programs,2019,2019-02-14,A. Sadiq; Yuan-Fang Li; Sea Ling; Li Li; Ijaz Ahmed,,1902.05311,arXiv.org,https://www.semanticscholar.org/paper/ae7a8a51a82ea6e60a8eb26552309683280322c4,1,33,included,raw/cs042-citations-p0001-semanticscholar.json.gz
semanticscholar,CS042,S78,d15652f8e0f873ca8645825f9718476d7b7f2fe8,doi:10.1145/3477082,TaDA Live: Compositional Reasoning for Termination of Fine-grained Concurrent Programs,2019,2019-01-17,Emanuele D’Osualdo; Julian Sutherland; Azadeh Farzan; Philippa Gardner,10.1145/3477082,1901.05750,ACM Transactions on Programming Languages and Systems,https://www.semanticscholar.org/paper/d15652f8e0f873ca8645825f9718476d7b7f2fe8,23,32,included,raw/cs042-citations-p0001-semanticscholar.json.gz
semanticscholar,CS042,S78,9d8caec3d6b4afc02588fcf5233d2d7615dbd072,s2:9d8caec3d6b4afc02588fcf5233d2d7615dbd072,Verifying Termination of Busy-Waiting,2020,,Tobias Reinhard; Bart Jacobs,,,,https://www.semanticscholar.org/paper/9d8caec3d6b4afc02588fcf5233d2d7615dbd072,0,34,included,raw/cs042-citations-p0001-semanticscholar.json.gz
semanticscholar,CS042,S78,3525c6cb3c9834119972e34a5653e7d686fd8504,doi:10.1007/978-3-030-61362-4_29,Modular Verification of Liveness Properties of the I/O Behavior of Imperative Programs,2020,,B. Jacobs,10.1007/978-3-030-61362-4_29,,Leveraging Applications of Formal Methods,https://www.semanticscholar.org/paper/3525c6cb3c9834119972e34a5653e7d686fd8504,7,12,included,raw/cs042-citations-p0001-semanticscholar.json.gz
semanticscholar,CS042,S78,d693d66d17d57bc29288d50bd5e9b043e15720af,doi:10.4230/lipics.ecoop.2019.19,Transferring Obligations Through Synchronizations,2019,,J. Hamin; B. Jacobs,10.4230/lipics.ecoop.2019.19,,European Conference on Object-Oriented Programming,https://www.semanticscholar.org/paper/d693d66d17d57bc29288d50bd5e9b043e15720af,8,38,included,raw/cs042-citations-p0001-semanticscholar.json.gz
